,Mass_Density,Mass_Ratios,HI_Density,HI_Ratios,OVI_Density,OVI_Ratios
local,"[1.04024941e+07 2.01985117e+06 1.66577560e+06 1.21046239e+06
 6.32123436e+05 2.21338633e+05 1.19829798e+05 8.10655331e+04
 6.09022489e+04 4.78012068e+04 4.03854817e+04 3.40427333e+04
 2.94694867e+04 2.52542801e+04 2.16136318e+04 1.85722523e+04
 1.62358641e+04 1.44079049e+04 1.28930534e+04 1.16685731e+04
 1.06623616e+04 9.81418085e+03 9.03204200e+03 8.38353803e+03
 7.78924356e+03 7.22577204e+03 6.69181283e+03 6.20482166e+03
 5.72727618e+03 5.31308248e+03 4.95539253e+03 4.64154499e+03
 4.36836951e+03 4.14155411e+03 3.91474145e+03 3.68949987e+03
 3.49362513e+03 3.29484877e+03 3.09852610e+03 2.92962356e+03
 2.77659828e+03 2.64118654e+03 2.52294737e+03 2.40879243e+03
 2.30499298e+03 2.20376660e+03 2.10625497e+03 2.01885630e+03
 1.93198518e+03 1.84564931e+03 1.77496594e+03 1.70106508e+03
 1.63354895e+03 1.57481375e+03 1.51600233e+03 1.46972755e+03
 1.42187893e+03 1.37512151e+03 1.32640250e+03 1.27938268e+03
 1.23495531e+03 1.19361431e+03 1.15241975e+03 1.10951123e+03
 1.07406761e+03 1.03892989e+03 1.00581228e+03 9.77531334e+02
 9.49993803e+02 9.23582027e+02 8.96872242e+02 8.73341752e+02
 8.44604762e+02 8.16195144e+02 7.92575790e+02 7.66722576e+02
 7.39796781e+02 7.16024827e+02 6.91068063e+02 6.66442236e+02
 6.41611605e+02 6.19324900e+02 5.96576149e+02 5.75154015e+02
 5.53490877e+02 5.35732923e+02 5.17223862e+02 5.00932445e+02
 4.84591603e+02 4.68058347e+02 4.55750423e+02 4.41509902e+02
 4.28036491e+02 4.15073811e+02 4.03158738e+02 3.90375911e+02
 3.79086333e+02 3.68096384e+02 3.58894787e+02 3.49814155e+02]","[0.93340239 0.93480327 0.93292764 0.93277134 0.93255396 0.93199847
 0.93027931 0.93001451 0.92666024 0.92541214 0.92582403 0.92547223
 0.92487923 0.92516767 0.92441146 0.92133606 0.9209416  0.9177521
 0.91511287 0.91277464 0.90864976 0.9082357  0.90731281 0.90282986
 0.90384039 0.9006322  0.89829411 0.8820335  0.891655   0.89025671
 0.88855285 0.88848668 0.88549543 0.88256284 0.88291912 0.88187129
 0.88115459 0.87850774 0.87893825 0.87658017 0.87713022 0.87623897
 0.87307784 0.87164118 0.86662606 0.86379468 0.86227567 0.85813101
 0.8636164  0.86045746 0.8579931  0.85568049 0.8540748  0.85401441
 0.84312544 0.81091214 0.68620447 0.6919263  0.74356887 0.83535319
 0.84304598 0.84726264 0.84836142 0.84886025 0.84869844 0.84495147
 0.84248699 0.84456883 0.84165146 0.83822032 0.82878747 0.82051626
 0.81630066 0.79674998 0.60859205 0.3880797  0.34748511 0.52136562
 0.69541198 0.76871008 0.77099581 0.78237667 0.77892609 0.76299148
 0.75226216 0.73836687 0.66071717 0.54497207 0.54292334 0.62425407
 0.74365328 0.75561502 0.71990891 0.66887254 0.65979951 0.64623955
 0.6605854  0.7588033  0.80704787 0.82283979]","[2.75835582e+06 6.59506679e+05 6.35376656e+05 4.76483343e+05
 2.40850275e+05 6.22183253e+04 2.21355557e+04 9.23112019e+03
 4.51961702e+03 2.21505359e+03 1.32194552e+03 5.75716311e+02
 4.30405118e+02 2.06324839e+02 1.28382833e+02 8.26906095e+01
 4.91022917e+01 3.73459915e+01 3.33442628e+01 2.53679412e+01
 2.30221483e+01 1.68592560e+01 1.32415154e+01 1.14959581e+01
 1.03364216e+01 7.57761822e+00 6.99830786e+00 6.31335868e+00
 5.42578137e+00 4.51581317e+00 4.24648617e+00 3.03593015e+00
 2.54269839e+00 2.49457998e+00 2.19771901e+00 1.50572675e+00
 1.33649233e+00 1.30955162e+00 1.07894620e+00 9.00872911e-01
 6.39718591e-01 5.22203910e-01 5.01073199e-01 4.36610757e-01
 3.31519381e-01 3.77093410e-01 3.55401100e-01 3.17988635e-01
 3.79040191e-01 2.22496082e-01 2.25114719e-01 1.62863985e-01
 1.82644194e-01 1.50084151e-01 1.13522150e-01 1.37923355e-01
 1.18851307e-01 1.18244253e-01 8.38965467e-02 6.12169445e-02
 7.86128450e-02 5.61380733e-02 6.46102630e-02 4.43297437e-02
 3.06338708e-02 3.31344977e-02 2.32924014e-02 1.76697419e-02
 1.33357911e-02 7.15386362e-03 1.33701165e-02 1.30608327e-02
 8.84153010e-03 1.26563680e-02 6.86765023e-03 1.49600337e-02
 1.27867436e-02 8.13404661e-03 7.13237625e-03 5.72774158e-03
 3.79021627e-03 6.84612570e-03 4.39799123e-03 2.52053676e-03
 3.38068420e-03 1.89322851e-03 2.39772407e-03 4.18282159e-03
 9.99082375e-04 1.62355098e-03 2.27742926e-03 4.12750964e-03
 4.17123100e-03 3.22383653e-03 3.10857574e-03 1.68850181e-03
 1.47408529e-03 1.30712608e-03 1.01645544e-03 9.81296786e-04]","[9.33504263e-01 9.33727994e-01 9.32081247e-01 9.31802421e-01
 9.30866711e-01 9.27250414e-01 9.22087632e-01 9.16237908e-01
 8.98749433e-01 8.78108685e-01 8.69839114e-01 8.26274113e-01
 8.20869259e-01 7.60049219e-01 7.47832156e-01 6.50370014e-01
 5.89465511e-01 5.45610759e-01 5.65961560e-01 4.94606950e-01
 4.98965845e-01 4.84752161e-01 4.48667157e-01 4.01362419e-01
 4.75793885e-01 3.95163767e-01 3.94424511e-01 1.52891546e-01
 3.75804512e-01 3.79356771e-01 3.95254238e-01 3.77850161e-01
 3.18593748e-01 3.14777057e-01 3.71549163e-01 3.16186860e-01
 3.13611532e-01 3.43166380e-01 3.38739323e-01 2.94590841e-01
 2.93398689e-01 2.64569429e-01 2.55382346e-01 2.50391488e-01
 1.88383663e-01 2.06573922e-01 2.24554283e-01 1.26403418e-01
 3.26926553e-01 2.41437320e-01 1.86946115e-01 1.77131408e-01
 2.02074544e-01 1.87874780e-01 6.05828220e-02 6.17022495e-03
 6.63068027e-04 8.49777366e-04 1.21544753e-03 2.49613286e-02
 3.41417454e-02 1.09504460e-01 1.30363239e-01 1.03606465e-01
 8.87480049e-02 7.70538650e-02 4.78836091e-02 3.90192709e-02
 3.21887530e-02 1.73565748e-02 1.38777121e-02 6.85567415e-03
 3.47311036e-03 1.68313910e-03 4.63260187e-05 2.75268620e-05
 1.98957271e-05 3.58544027e-05 1.50469392e-04 6.75360991e-04
 5.09384812e-04 1.74994490e-03 1.47194547e-03 7.59223281e-04
 1.07830274e-03 5.75110613e-04 6.30048408e-05 3.42482981e-05
 8.25830711e-06 2.73537515e-05 7.38557248e-04 3.34619252e-03
 4.18566664e-04 1.09463364e-04 9.28890076e-05 3.86404971e-05
 3.51939821e-05 1.71738455e-04 4.87379505e-03 9.75489001e-03]","[1.05972807e+03 2.50085492e+02 1.76438691e+02 1.10268033e+02
 4.18688956e+01 5.47395609e+00 1.26264557e+00 6.52468910e-01
 4.58529812e-01 3.13500618e-01 2.42412650e-01 1.74474587e-01
 1.25797678e-01 9.32775482e-02 6.75098925e-02 5.05373804e-02
 3.61026742e-02 2.95419243e-02 2.40852067e-02 2.05552526e-02
 1.75059856e-02 1.63119099e-02 1.48780709e-02 1.39262042e-02
 1.30661322e-02 1.24459022e-02 1.18373511e-02 1.13268264e-02
 1.06475586e-02 1.01982996e-02 9.92703375e-03 9.48137741e-03
 8.91846799e-03 8.41388058e-03 7.86321233e-03 7.37562844e-03
 7.10593753e-03 6.94437941e-03 6.58750713e-03 6.35080176e-03
 6.11393228e-03 5.85738810e-03 5.65194496e-03 5.39776248e-03
 5.27731735e-03 5.17658974e-03 5.05731027e-03 4.96814339e-03
 4.86605163e-03 4.83195756e-03 4.91311989e-03 4.96338750e-03
 4.91066199e-03 4.83237186e-03 4.80766552e-03 4.86173044e-03
 4.89033627e-03 4.84799809e-03 4.80974594e-03 4.81904654e-03
 4.82744413e-03 4.78539634e-03 4.71285575e-03 4.65992987e-03
 4.68839466e-03 4.68192902e-03 4.70040583e-03 4.78276988e-03
 4.88435996e-03 4.95453001e-03 4.95956931e-03 4.96732518e-03
 4.93460598e-03 4.90756700e-03 4.91142480e-03 4.89352875e-03
 4.87681055e-03 4.88784191e-03 4.90680591e-03 4.92691630e-03
 4.89277864e-03 4.90208345e-03 4.91867947e-03 4.94668218e-03
 4.89815105e-03 4.90195143e-03 4.85876300e-03 4.82779545e-03
 4.87850394e-03 4.82653262e-03 4.81331637e-03 4.71900290e-03
 4.66590870e-03 4.61260777e-03 4.54200522e-03 4.47879239e-03
 4.34488453e-03 4.27271087e-03 4.24800437e-03 4.21084726e-03]","[0.93288686 0.93704015 0.9296796  0.93096384 0.93362426 0.93537004
 0.93406365 0.93606847 0.94243284 0.93947872 0.9373651  0.9399584
 0.93802884 0.94034443 0.93810544 0.93431739 0.93535854 0.93371792
 0.92737542 0.92923967 0.92311281 0.92131511 0.92040476 0.91783833
 0.91610128 0.91123401 0.91004906 0.9006143  0.89709835 0.9006908
 0.90180648 0.90280284 0.90003617 0.89474068 0.88835117 0.88731162
 0.88566501 0.88387785 0.87964847 0.87973018 0.87789637 0.87181
 0.86288845 0.8628533  0.85203708 0.84346343 0.83901244 0.83883916
 0.83108629 0.82435356 0.81976731 0.80786754 0.80453959 0.7949361
 0.7739694  0.7583424  0.73499487 0.74234672 0.75153838 0.75505822
 0.74548953 0.73691513 0.73193193 0.72844403 0.72488203 0.71633385
 0.71417439 0.71587153 0.70661507 0.69183943 0.6864938  0.67369411
 0.66260275 0.64562512 0.61092691 0.40957171 0.33074296 0.5891097
 0.64190488 0.66184915 0.66086967 0.66419732 0.65720215 0.66187239
 0.65958454 0.64918651 0.62246182 0.53777333 0.52606345 0.59448206
 0.6249333  0.62287386 0.61894199 0.62457653 0.61721266 0.61880567
 0.61041978 0.63665924 0.65695912 0.67321529]"
h2,"[2.66571338e+04 4.76534423e+03 4.06042662e+03 2.94647815e+03
 1.65274900e+03 6.85018208e+02 4.07037034e+02 3.50100336e+02
 3.03624424e+02 2.53968551e+02 1.97763781e+02 1.71942906e+02
 1.47613675e+02 1.28504383e+02 1.14509363e+02 1.08507382e+02
 9.76967020e+01 9.55753037e+01 9.49029611e+01 9.95572624e+01
 1.05539867e+02 1.04535353e+02 1.08072066e+02 1.02900903e+02
 1.02678534e+02 9.63320657e+01 9.38016337e+01 9.43197769e+01
 8.73836038e+01 8.57361505e+01 8.41578247e+01 8.12121857e+01
 8.10498697e+01 8.59941099e+01 7.68658752e+01 7.42175787e+01
 6.95360715e+01 6.99134690e+01 6.82141146e+01 7.14378500e+01
 6.91859036e+01 6.88233731e+01 7.15456809e+01 7.19683904e+01
 7.90917487e+01 8.50670144e+01 8.01686304e+01 8.13685172e+01
 7.34369165e+01 7.48503511e+01 7.73628835e+01 7.67937894e+01
 7.36141344e+01 7.06962500e+01 7.40269382e+01 6.89208551e+01
 6.63808404e+01 6.62132674e+01 5.99763070e+01 5.79680421e+01
 5.85682945e+01 5.84977275e+01 5.79289451e+01 5.74675281e+01
 5.62464561e+01 6.04758918e+01 6.30445413e+01 5.96900989e+01
 6.33320866e+01 6.78243448e+01 7.74112924e+01 8.90426323e+01
 8.97071163e+01 1.11767345e+02 4.14607877e+02 1.11726943e+03
 1.30066901e+03 5.72127383e+02 2.19618563e+02 1.19655883e+02
 1.07804836e+02 9.57520090e+01 9.31820319e+01 1.01182990e+02
 1.03870261e+02 1.04969526e+02 1.00266150e+02 9.52526459e+01
 8.56035724e+01 7.82076210e+01 6.93659334e+01 6.29084952e+01
 5.71708774e+01 5.22460785e+01 4.81703667e+01 4.31259906e+01
 3.59434572e+01 3.24708699e+01 2.87160429e+01 2.49663838e+01]","[0.00239191 0.00220544 0.00227407 0.00227053 0.00243825 0.00288443
 0.00315997 0.00401648 0.00461981 0.00491673 0.00453367 0.00467437
 0.00463275 0.00470764 0.00489755 0.00538286 0.00554162 0.00608794
 0.00673595 0.00778787 0.00899414 0.00967404 0.01085637 0.01108148
 0.01191451 0.01200699 0.01259172 0.01340783 0.01360438 0.01436589
 0.01509036 0.01554567 0.01642931 0.0183253  0.0173361  0.01773963
 0.01753824 0.01864108 0.01934984 0.0213751  0.0218559  0.02283281
 0.02475872 0.02604235 0.02973674 0.03334311 0.03282008 0.03458634
 0.03282702 0.03489587 0.03739611 0.0386293  0.03848797 0.03833826
 0.04117012 0.03802661 0.03203566 0.03331684 0.03362216 0.03784934
 0.03998182 0.04152341 0.04264478 0.04396702 0.04444439 0.04918445
 0.05280728 0.05157113 0.05610936 0.06155571 0.07153473 0.08365674
 0.08670088 0.10910458 0.31836332 0.56551039 0.61092874 0.41658827
 0.22099904 0.13801749 0.12954422 0.12096097 0.12166413 0.13422798
 0.14117246 0.14467287 0.12808297 0.10362681 0.09590793 0.10430628
 0.1131852  0.10766373 0.09615494 0.08419218 0.07883442 0.07139201
 0.06263408 0.06693628 0.06457386 0.05872642]","[7.15389111e+03 1.65479403e+03 1.54914081e+03 1.20917119e+03
 6.37394340e+02 2.11747780e+02 8.27317961e+01 4.96498616e+01
 3.62933771e+01 2.39427735e+01 1.21320251e+01 8.34678135e+00
 4.75202709e+00 3.00718281e+00 1.93375120e+00 2.17283673e+00
 1.76031783e+00 1.93779565e+00 1.21405361e+00 1.57116496e+00
 1.34819260e+00 5.42595219e-01 7.02620358e-01 8.60915981e-01
 9.27067050e-01 3.93548749e-01 8.68605307e-01 8.27720675e-01
 8.47185472e-01 6.08707633e-01 5.06872894e-01 3.90345427e-01
 1.22336404e+00 1.44699201e+00 5.53355830e-01 4.00381225e-01
 2.91501410e-01 3.66600020e-01 2.73087360e-01 4.99799408e-01
 3.43040439e-01 3.92938715e-01 4.16256754e-01 3.51891394e-01
 6.18194025e-01 7.87481396e-01 3.70055560e-01 6.48348264e-01
 2.29335573e-01 2.93439694e-01 4.94897339e-01 4.27190506e-01
 3.06386633e-01 2.54789529e-01 3.90974940e-01 2.08276026e-01
 2.34439948e-01 2.23377808e-01 1.25928949e-01 1.42946970e-01
 2.29406164e-01 2.36074182e-01 2.32118708e-01 2.73990454e-01
 2.00167970e-01 2.91067272e-01 3.90353877e-01 3.68043265e-01
 3.33673342e-01 3.56692862e-01 8.99046139e-01 1.85661847e+00
 2.49947401e+00 7.47898484e+00 1.48187160e+02 5.43410573e+02
 6.42640042e+02 2.26826676e+02 4.73699344e+01 8.44385122e+00
 5.69184551e+00 3.88086577e+00 2.91758193e+00 3.22588145e+00
 2.97787143e+00 2.42012984e+00 2.07812788e+00 1.76614460e+00
 1.43969653e+00 1.06657370e+00 8.18415258e-01 6.62094400e-01
 5.63330437e-01 4.45042562e-01 3.24790542e-01 2.50606994e-01
 1.45215369e-01 1.13054962e-01 7.91624937e-02 6.00830829e-02]","[0.00242108 0.00234285 0.00227255 0.00236463 0.00246348 0.00315571
 0.00344631 0.00492801 0.00721713 0.00949158 0.00798286 0.01197939
 0.00906307 0.01107771 0.01126413 0.01708958 0.02113235 0.02831046
 0.02060647 0.03063351 0.02921978 0.01560118 0.02380715 0.03005746
 0.04267365 0.0205231  0.04895458 0.02004503 0.05867839 0.05113528
 0.04717869 0.04858217 0.15328445 0.18258781 0.09355104 0.08407587
 0.06840159 0.09606708 0.08573683 0.1634374  0.15733108 0.1990785
 0.21215389 0.20180586 0.35128461 0.4313868  0.23381346 0.25772442
 0.19780459 0.31842041 0.41098661 0.4646138  0.33898115 0.31894458
 0.20864972 0.00931757 0.00130793 0.00160533 0.00182439 0.05828691
 0.09963164 0.46049275 0.46834273 0.64036424 0.57989759 0.67687335
 0.80247426 0.81273286 0.8053912  0.86540178 0.93317837 0.97454516
 0.98183787 0.99461171 0.99960262 0.99988998 0.99992549 0.99983875
 0.9993479  0.99561889 0.76495362 0.9919919  0.97647341 0.97168363
 0.94982161 0.73516871 0.05460683 0.01446092 0.01190038 0.01796974
 0.26540737 0.53676321 0.056528   0.01511114 0.00970524 0.00573501
 0.00346704 0.01485387 0.37957569 0.59727482]","[1.87873106e+00 6.80322676e-01 4.47328494e-01 2.63916538e-01
 1.03145388e-01 9.88389314e-03 3.14769051e-03 9.69821768e-04
 1.07029271e-03 1.31289765e-03 8.77341846e-04 5.32622563e-04
 2.92754517e-04 2.91805152e-04 2.00267908e-04 1.70898968e-04
 1.41419172e-04 1.16661438e-04 1.08252805e-04 1.09607413e-04
 1.20975307e-04 1.33424377e-04 1.27399065e-04 1.24488227e-04
 1.25621648e-04 1.34614494e-04 1.27794599e-04 1.24568006e-04
 1.22620426e-04 1.32939731e-04 1.17397600e-04 1.22619783e-04
 1.41544776e-04 1.44691297e-04 1.69280771e-04 1.52829895e-04
 1.49486908e-04 1.56126867e-04 1.39045112e-04 1.38607312e-04
 1.46755095e-04 1.67736461e-04 1.79977538e-04 1.99454887e-04
 2.51992660e-04 2.91043894e-04 3.02207234e-04 2.93792882e-04
 3.25449162e-04 3.44795927e-04 3.89245641e-04 4.46912521e-04
 4.54971318e-04 4.84107439e-04 5.55984155e-04 6.16399802e-04
 6.61163937e-04 7.04578084e-04 6.67024764e-04 6.45305604e-04
 7.03778780e-04 7.59893284e-04 7.85338127e-04 7.88915577e-04
 8.20336231e-04 9.05005564e-04 9.33025775e-04 9.49092622e-04
 1.11694981e-03 1.29556400e-03 1.33799582e-03 1.49576987e-03
 1.60966441e-03 1.77855205e-03 2.19792243e-03 6.15072361e-03
 8.96660451e-03 2.51311300e-03 1.82083836e-03 1.60398115e-03
 1.57508471e-03 1.50887853e-03 1.48931064e-03 1.35831254e-03
 1.30887309e-03 1.37797464e-03 1.39018059e-03 1.38699306e-03
 1.34168030e-03 1.36103346e-03 1.33552941e-03 1.28445556e-03
 1.23234733e-03 1.11413738e-03 1.13217814e-03 1.04998330e-03
 1.02164529e-03 9.26075351e-04 8.39718815e-04 7.18407273e-04]","[0.00165386 0.00254909 0.00235704 0.00222818 0.00230001 0.00168892
 0.00232856 0.00139136 0.00219981 0.00393441 0.00339252 0.00286943
 0.00218297 0.00294173 0.00278289 0.00315952 0.00366393 0.00368726
 0.00416816 0.00495501 0.00637918 0.00753596 0.00788131 0.00820468
 0.00880767 0.00985588 0.00982478 0.0099046  0.01033125 0.01174094
 0.01066481 0.01167568 0.01428445 0.01538662 0.0191246  0.01838592
 0.01863165 0.01987177 0.01856709 0.01920026 0.02107249 0.02496579
 0.02747736 0.03188364 0.04068489 0.04742212 0.05013646 0.04960504
 0.05558435 0.05882373 0.06494669 0.07274188 0.07454034 0.07963677
 0.08950596 0.09614727 0.09936988 0.10788808 0.10422478 0.10110782
 0.10868271 0.11701786 0.12196725 0.12332393 0.12683382 0.1384656
 0.14176289 0.14205751 0.16158792 0.18090964 0.18520274 0.20286398
 0.21614047 0.23398109 0.27339724 0.51479465 0.60811083 0.30289426
 0.23820079 0.21546815 0.21274736 0.20444227 0.19899206 0.18174395
 0.17625272 0.18249111 0.17809766 0.15449865 0.14467734 0.16763794
 0.17339745 0.16953874 0.1634733  0.15086131 0.15385158 0.14506938
 0.14353258 0.13799071 0.12986355 0.1148564 ]"
h3,"[1.00700357e+05 1.74935124e+04 1.50046034e+04 1.08406151e+04
 5.62891157e+03 1.99553726e+03 1.19992680e+03 7.67292177e+02
 6.15039447e+02 4.84981432e+02 4.09988197e+02 3.36172272e+02
 3.00690486e+02 2.69753691e+02 2.36810145e+02 2.40738375e+02
 2.13551681e+02 1.93599143e+02 1.80146326e+02 1.80413707e+02
 1.71768334e+02 1.56172811e+02 1.50203597e+02 1.53881053e+02
 1.36154432e+02 1.33853681e+02 1.26934363e+02 1.26669495e+02
 1.14787260e+02 1.11245847e+02 1.06222369e+02 1.00520559e+02
 9.32403069e+01 9.73202182e+01 9.05273286e+01 8.57479107e+01
 8.11808159e+01 8.44078516e+01 7.76255899e+01 7.59269584e+01
 7.02364085e+01 6.86825693e+01 6.95945106e+01 6.54711109e+01
 6.60267749e+01 6.36713976e+01 6.11099297e+01 6.04095110e+01
 5.66742462e+01 5.62107398e+01 5.69915953e+01 5.52327733e+01
 5.59492755e+01 5.26968854e+01 4.96987191e+01 4.90237575e+01
 4.68281525e+01 4.62598510e+01 4.39465584e+01 4.25947923e+01
 4.15244208e+01 3.90455297e+01 3.96461398e+01 3.68076100e+01
 3.64348161e+01 3.58703569e+01 3.46863330e+01 3.34166290e+01
 3.19921092e+01 3.07308585e+01 3.07700785e+01 2.85349050e+01
 2.78211128e+01 2.67649246e+01 2.58724349e+01 2.56781727e+01
 2.43928363e+01 2.27398798e+01 2.21580369e+01 2.13974700e+01
 2.10967870e+01 2.12212232e+01 2.30150099e+01 2.54138191e+01
 2.76931639e+01 3.62341869e+01 1.18175895e+02 2.76827299e+02
 2.76982674e+02 1.58317197e+02 4.32547025e+01 3.05604123e+01
 2.88637662e+01 2.60956584e+01 2.40445950e+01 2.17313734e+01
 2.04936819e+01 2.00292670e+01 1.84459966e+01 1.68979485e+01]","[0.00903571 0.00809614 0.00840342 0.00835368 0.00830418 0.00840268
 0.00931544 0.00880267 0.00935815 0.00938905 0.00939885 0.00913905
 0.00943696 0.00988218 0.01012833 0.0119426  0.01211322 0.01233184
 0.01278628 0.01411287 0.01463815 0.01445273 0.01508869 0.01657157
 0.01579895 0.01668374 0.01703939 0.01800644 0.01787074 0.01864028
 0.01904676 0.01924169 0.01890039 0.02073888 0.02041726 0.02049563
 0.02047525 0.02250572 0.02201953 0.0227183  0.02218775 0.0227861
 0.02408351 0.02369126 0.0248246  0.02495682 0.02501768 0.02567755
 0.02533395 0.02620593 0.02754892 0.02778354 0.02925218 0.02857728
 0.02763997 0.02704852 0.02259945 0.02327678 0.02463603 0.02781161
 0.02834677 0.02771567 0.02918577 0.02816061 0.02878978 0.02917301
 0.02905391 0.02887134 0.02834356 0.02789057 0.02843421 0.02680893
 0.02688878 0.02612727 0.01986656 0.01299711 0.0114574  0.01655779
 0.02229732 0.02468099 0.02535106 0.02680821 0.0300498  0.03371363
 0.03763841 0.04993929 0.15096141 0.30116465 0.31032391 0.21114922
 0.0705792  0.05230213 0.04854559 0.04205196 0.03935078 0.03597474
 0.03571173 0.04128884 0.04147957 0.03974769]","[2.66211026e+04 6.09953487e+03 5.92031921e+03 4.40600586e+03
 2.27480672e+03 6.78162580e+02 3.22043394e+02 1.52940840e+02
 1.10717054e+02 8.34482483e+01 5.37243508e+01 3.55044633e+01
 2.98845790e+01 2.38956215e+01 1.61247672e+01 1.76664957e+01
 1.53973124e+01 1.25520783e+01 9.39408132e+00 9.81567977e+00
 8.71186058e+00 6.61591758e+00 7.09786802e+00 7.60363340e+00
 5.07364221e+00 4.90922836e+00 4.02119837e+00 4.17878916e+00
 3.47583764e+00 3.17415491e+00 2.73118957e+00 2.61806878e+00
 2.01520650e+00 2.27760119e+00 1.60020536e+00 1.45051318e+00
 1.40947747e+00 1.28459247e+00 1.02386814e+00 1.13097378e+00
 6.60677317e-01 6.85242171e-01 6.77477192e-01 4.23760453e-01
 5.07156844e-01 4.52008133e-01 4.13025026e-01 5.21990745e-01
 3.43558002e-01 2.89859366e-01 3.76910269e-01 2.37661176e-01
 2.98257352e-01 1.85900170e-01 1.83841025e-01 1.84783594e-01
 1.22828823e-01 1.37231803e-01 8.70253936e-02 7.96592436e-02
 9.05112741e-02 8.35035800e-02 1.02315449e-01 5.86427823e-02
 6.30863758e-02 5.52589693e-02 3.96597488e-02 3.17626412e-02
 2.18452952e-02 2.04312051e-02 2.88088752e-02 2.52583768e-02
 2.05200974e-02 1.90516540e-02 1.10986086e-01 2.68144379e-01
 2.96434445e-01 1.67947399e-01 5.09359606e-02 2.38543572e-02
 2.78060137e-02 2.97633902e-02 6.97310259e-02 1.03477291e-01
 1.62834560e-01 8.79192991e-01 3.59835167e+01 1.20369163e+02
 1.19535194e+02 5.82632499e+01 2.21890562e+00 3.30425445e-01
 2.82694139e-01 1.26956075e-01 6.78840132e-02 4.10086098e-02
 3.15805139e-02 3.75142263e-02 2.56821436e-02 1.37937157e-02]","[9.00932091e-03 8.63570701e-03 8.68495633e-03 8.61630735e-03
 8.79194281e-03 1.01067737e-02 1.34151694e-02 1.51801940e-02
 2.20166641e-02 3.30812004e-02 3.53505807e-02 5.09563796e-02
 5.69959120e-02 8.80255065e-02 9.39270399e-02 1.38948777e-01
 1.84842383e-01 1.83381099e-01 1.59448387e-01 1.91379481e-01
 1.88814737e-01 1.90226683e-01 2.40499684e-01 2.65468322e-01
 2.33543873e-01 2.56010413e-01 2.26634671e-01 1.01198358e-01
 2.40746057e-01 2.66649021e-01 2.54213534e-01 3.25843369e-01
 2.52500334e-01 2.87397720e-01 2.70532749e-01 3.04592590e-01
 3.30737693e-01 3.36625865e-01 3.21447352e-01 3.69835204e-01
 3.03011139e-01 3.47171146e-01 3.45290298e-01 2.43021979e-01
 2.88188472e-01 2.47612635e-01 2.60963004e-01 2.07496140e-01
 2.96322754e-01 3.14535284e-01 3.13004457e-01 2.58481079e-01
 3.29987048e-01 2.32709139e-01 9.81095597e-02 8.26659371e-03
 6.85258471e-04 9.86233814e-04 1.26077656e-03 3.24812120e-02
 3.93092614e-02 1.62884365e-01 2.06440475e-01 1.37058573e-01
 1.82764693e-01 1.28504051e-01 8.15309627e-02 7.01399662e-02
 5.27282412e-02 4.95698211e-02 2.99026022e-02 1.32582053e-02
 8.06065943e-03 2.53363237e-03 7.48661237e-04 4.93392827e-04
 4.61241657e-04 7.40302331e-04 1.07457918e-03 2.81267967e-03
 3.73697965e-03 7.60784934e-03 2.33379883e-02 3.11689040e-02
 5.19376972e-02 2.67074586e-01 9.45536550e-01 9.85564141e-01
 9.88065018e-01 9.81625142e-01 7.19578367e-01 2.67877546e-01
 2.83672477e-02 4.31071455e-03 2.02847836e-03 9.38460982e-04
 7.53988962e-04 4.92885523e-03 1.23143130e-01 1.37120779e-01]","[1.02890623e+01 2.03272666e+00 1.77016462e+00 9.99027478e-01
 3.65450303e-01 4.80645910e-02 6.56516991e-03 3.90831823e-03
 2.46050520e-03 1.40748592e-03 1.44373964e-03 9.61904459e-04
 6.34792753e-04 4.95971794e-04 4.17558792e-04 3.76296208e-04
 2.83737057e-04 2.36163399e-04 2.78682269e-04 2.28337122e-04
 1.99222113e-04 1.94891917e-04 1.78978538e-04 1.69084366e-04
 1.93932127e-04 2.04774626e-04 1.92756728e-04 2.05694900e-04
 1.94936358e-04 2.13660109e-04 2.14281281e-04 1.82811764e-04
 1.70393511e-04 1.87694634e-04 1.73799007e-04 1.77734024e-04
 1.61400847e-04 1.57553034e-04 1.56961798e-04 1.57975003e-04
 1.56156897e-04 1.55766351e-04 1.76716958e-04 1.59892500e-04
 1.63601526e-04 1.78985855e-04 1.81239110e-04 1.86661324e-04
 1.77580077e-04 1.97755597e-04 2.04420515e-04 2.15331899e-04
 2.22210884e-04 2.38000939e-04 2.21315190e-04 2.41983440e-04
 2.50080821e-04 2.29735101e-04 2.45192104e-04 2.22164740e-04
 2.38822507e-04 2.32162292e-04 2.30845357e-04 2.31761814e-04
 2.55410933e-04 2.69682308e-04 2.80492487e-04 2.85907285e-04
 2.83187488e-04 2.85766514e-04 3.01299431e-04 2.79968508e-04
 2.80114995e-04 2.89080705e-04 2.88941285e-04 2.95233134e-04
 3.02293075e-04 2.90857007e-04 3.21340742e-04 3.09463470e-04
 2.95571655e-04 3.26137485e-04 4.32031585e-04 5.08338389e-04
 5.50584585e-04 6.01901519e-04 8.72082923e-04 2.01488568e-03
 2.29684660e-03 1.16451606e-03 7.91676254e-04 8.12124298e-04
 8.76876824e-04 8.92070649e-04 9.09337257e-04 8.77057877e-04
 9.08538395e-04 8.25874730e-04 7.81747483e-04 7.29833050e-04]","[0.00905754 0.00761638 0.00932724 0.00843452 0.00814909 0.00821311
 0.0048567  0.00560709 0.00505716 0.00421786 0.00558268 0.00518213
 0.00473343 0.00499996 0.00580232 0.00695683 0.00735114 0.00746431
 0.01073037 0.01032242 0.01050523 0.01100772 0.01107218 0.01114389
 0.0135971  0.01499269 0.01481903 0.01635513 0.01642415 0.01886998
 0.01946606 0.01740707 0.01719581 0.01995964 0.01963505 0.02138197
 0.02011657 0.02005329 0.02095955 0.02188312 0.02242249 0.02318417
 0.02697957 0.02555944 0.02641391 0.02916361 0.03006774 0.03151657
 0.03032939 0.03373799 0.03410811 0.03504857 0.03640598 0.03915169
 0.03562877 0.03774506 0.03758599 0.03517805 0.03831206 0.03480923
 0.03688073 0.03575125 0.03585153 0.0362292  0.03948959 0.04126132
 0.04261771 0.0427938  0.04096843 0.03990379 0.04170527 0.03797076
 0.03761293 0.03803061 0.0359411  0.02471001 0.02050137 0.03505569
 0.04203757 0.04157126 0.03992299 0.0441893  0.05772527 0.06801633
 0.07414167 0.07971241 0.11172356 0.22444028 0.24767573 0.14343297
 0.10278669 0.10719447 0.11631944 0.12079206 0.12356975 0.12117739
 0.12764201 0.12306023 0.12089821 0.11668311]"
h4,"[1.47522570e+04 2.73473497e+03 2.49926018e+03 1.70409689e+03
 9.82698476e+02 3.49112012e+02 2.52393210e+02 1.89133736e+02
 1.69482963e+02 1.63439347e+02 1.47019389e+02 1.40855058e+02
 1.24424930e+02 1.08748529e+02 9.92469535e+01 9.14875794e+01
 8.86620286e+01 8.46433562e+01 8.66266621e+01 8.73262198e+01
 9.46391528e+01 8.86157100e+01 8.69182157e+01 8.54105212e+01
 7.80480907e+01 7.39466437e+01 6.91650648e+01 6.43490948e+01
 6.56178427e+01 6.14628472e+01 6.04110296e+01 5.52412948e+01
 5.32536581e+01 5.11543364e+01 4.76263526e+01 4.55780484e+01
 4.28957245e+01 4.10046123e+01 3.83204829e+01 3.81301236e+01
 3.59592630e+01 3.57317454e+01 3.59578113e+01 3.39731878e+01
 3.42113189e+01 3.22267910e+01 3.17806495e+01 3.05291127e+01
 2.99726963e+01 2.92037866e+01 2.87270558e+01 2.92423835e+01
 2.66639922e+01 2.65366278e+01 2.57864549e+01 2.49467235e+01
 2.42982182e+01 2.40280695e+01 2.35349774e+01 2.37838068e+01
 2.28243085e+01 2.26377614e+01 2.21997516e+01 2.05796060e+01
 2.01012634e+01 1.93147160e+01 1.91167925e+01 1.91337349e+01
 1.90713097e+01 1.91079149e+01 1.87276898e+01 1.79849630e+01
 1.77356252e+01 1.75435363e+01 1.71159697e+01 1.62415656e+01
 1.58232202e+01 1.47224387e+01 1.36972294e+01 1.33237959e+01
 1.24647645e+01 1.24558055e+01 1.18550046e+01 1.16139995e+01
 1.13522452e+01 1.06834318e+01 1.09272814e+01 1.08125188e+01
 1.19621358e+01 1.25351803e+01 1.28459926e+01 1.46277893e+01
 1.94296439e+01 6.82726250e+01 1.02199316e+02 1.12915853e+02
 1.06425659e+02 3.65045947e+01 1.15629979e+01 7.78585611e+00]","[0.0013237  0.00126566 0.00139973 0.00131316 0.00144975 0.00147002
 0.00195941 0.00216981 0.00257877 0.00316412 0.00337037 0.00382923
 0.00390499 0.0039839  0.00424478 0.00453853 0.00502915 0.0053916
 0.00614852 0.0068311  0.00806518 0.00820078 0.00873136 0.00919793
 0.00905647 0.00921683 0.00928456 0.00914741 0.01021576 0.01029868
 0.01083232 0.01057431 0.01079484 0.01090096 0.01074151 0.01089415
 0.01081907 0.01093309 0.01087012 0.01140901 0.01135957 0.01185435
 0.01244337 0.01229347 0.01286269 0.01263171 0.01301062 0.01297664
 0.01339809 0.01361505 0.01388625 0.01470969 0.01394084 0.01439069
 0.01434115 0.01376418 0.01172642 0.01209032 0.01319349 0.01552927
 0.01558108 0.01606895 0.01634249 0.01574496 0.01588346 0.01570847
 0.01601258 0.01653119 0.01689632 0.01734187 0.017306   0.01689711
 0.01714128 0.01712558 0.01314277 0.00822073 0.00743222 0.01071998
 0.01378333 0.01536838 0.01497835 0.01573509 0.01547861 0.01540697
 0.0154291  0.0147243  0.01395883 0.0117631  0.01340205 0.01671829
 0.02096096 0.02503449 0.03267846 0.11001823 0.16725684 0.18692416
 0.18545442 0.07525151 0.02600175 0.01831405]","[4.10458560e+03 9.07380586e+02 9.55302463e+02 6.54827181e+02
 3.63079152e+02 8.75798433e+01 3.61357558e+01 1.55368628e+01
 6.44978394e+00 4.24643932e+00 2.47162858e+00 1.20735206e+00
 6.36819502e-01 5.02508501e-01 4.07627077e-01 1.87891074e-01
 2.28341640e-01 2.45380379e-01 7.03675460e-02 3.15338852e-01
 2.98327613e-01 2.34641471e-02 3.18807599e-02 1.93208248e-02
 4.78342787e-02 7.74144421e-02 4.38401974e-02 9.50356015e-03
 2.83663119e-02 8.16149778e-02 2.39959770e-02 9.39675048e-03
 3.63501536e-02 5.18616907e-03 1.97628722e-02 1.47887216e-02
 1.48605530e-02 1.42482703e-02 1.68538791e-03 1.57848116e-02
 4.07541071e-03 1.03634081e-02 1.08762097e-02 1.16801472e-02
 8.61153905e-03 2.05737192e-02 1.34341534e-02 6.62097384e-03
 2.18777584e-02 9.79093130e-03 1.02803248e-02 2.34941970e-02
 9.25170906e-03 1.73172343e-02 1.46498613e-02 8.74103878e-03
 1.62393329e-02 8.71264300e-03 6.46828212e-03 1.05553919e-02
 4.84039815e-03 5.32405672e-03 8.72710764e-03 8.62587608e-03
 7.58326979e-03 7.73064347e-03 4.43779390e-03 2.52763387e-03
 3.93428922e-03 2.41337857e-03 1.87042185e-03 2.89276149e-03
 1.96910883e-03 2.00813226e-03 3.48308365e-02 9.49666663e-02
 1.07571219e-01 4.40769108e-02 1.25718695e-02 4.84079948e-03
 3.77559676e-03 2.39942361e-03 2.64773606e-03 3.64802810e-03
 2.31210500e-03 9.08662689e-04 1.19935972e-03 2.87751970e-03
 1.22748433e-02 2.53552162e-02 3.83116464e-02 1.23918791e-01
 5.08079125e-01 1.98473796e+01 3.29000952e+01 4.12881327e+01
 4.08485206e+01 7.45052192e+00 9.88840198e-02 2.40284150e-02]","[1.38910583e-03 1.28466728e-03 1.40140419e-03 1.28056849e-03
 1.40327137e-03 1.30521748e-03 1.50528561e-03 1.54211649e-03
 1.28257320e-03 1.68340634e-03 1.62632967e-03 1.73280439e-03
 1.21454307e-03 1.85111592e-03 2.37443457e-03 1.47778231e-03
 2.74120651e-03 3.58491419e-03 1.19436817e-03 6.14826353e-03
 6.46574280e-03 6.74661801e-04 1.08022756e-03 6.74554736e-04
 2.20185071e-03 4.03707098e-03 2.47083277e-03 2.30149129e-04
 1.96472863e-03 6.85617260e-03 2.23349642e-03 1.16951428e-03
 4.55458332e-03 6.54413588e-04 3.34113624e-03 3.10547678e-03
 3.48706887e-03 3.73374159e-03 5.29134038e-04 5.16172799e-03
 1.86913461e-03 5.25051789e-03 5.54328577e-03 6.69843650e-03
 4.89344926e-03 1.12704008e-02 8.48814670e-03 2.63189821e-03
 1.88698199e-02 1.06244397e-02 8.53727730e-03 2.55523661e-02
 1.02359393e-02 2.16776494e-02 7.81812135e-03 3.91044544e-04
 9.05987715e-05 6.26145174e-05 9.37089524e-05 4.30398165e-03
 2.10219642e-03 1.03852505e-02 1.76085651e-02 2.01602007e-02
 2.19691487e-02 1.79775159e-02 9.12304338e-03 5.58165654e-03
 9.49623933e-03 5.85529553e-03 1.94143229e-03 1.51842005e-03
 7.73500991e-04 2.67056546e-04 2.34952848e-04 1.74741205e-04
 1.67377065e-04 1.94288450e-04 2.65224589e-04 5.70781186e-04
 5.07420028e-04 6.13319021e-04 8.86159818e-04 1.09884050e-03
 7.37468809e-04 2.76026667e-04 3.15154981e-05 2.35606876e-05
 1.01462530e-04 4.27187253e-04 1.24242472e-02 1.00461578e-01
 5.09837467e-02 6.73905426e-01 9.83105271e-01 9.44857720e-01
 9.75263851e-01 9.78896479e-01 4.74138293e-01 2.38862033e-01]","[1.62341620e+00 2.64983393e-01 2.89946275e-01 1.68201950e-01
 7.35528127e-02 5.88614422e-03 1.77911886e-03 4.57973258e-04
 7.76609662e-04 5.70424739e-04 5.13970392e-04 3.47562514e-04
 2.74277596e-04 1.62140838e-04 1.54564262e-04 9.78027300e-05
 1.43686372e-04 9.37452952e-05 1.04822021e-04 8.00758378e-05
 9.63424693e-05 8.76726535e-05 8.65475298e-05 8.81841454e-05
 8.88039009e-05 8.74827716e-05 8.71557754e-05 7.97078742e-05
 8.35633619e-05 8.43832649e-05 7.95164809e-05 8.10392378e-05
 7.35347248e-05 7.48596114e-05 6.50945662e-05 6.45646516e-05
 6.22761442e-05 6.09628375e-05 5.74610882e-05 6.10323640e-05
 5.96635410e-05 7.38068288e-05 9.14792064e-05 9.52753035e-05
 8.91713877e-05 7.73659059e-05 8.29074020e-05 7.99493894e-05
 8.75630947e-05 8.44601321e-05 8.29476556e-05 1.09941766e-04
 9.90161937e-05 9.89593191e-05 9.95408512e-05 9.99198219e-05
 9.64199898e-05 1.25694965e-04 1.36003160e-04 1.52727775e-04
 1.46237662e-04 1.63767394e-04 1.82440840e-04 1.59510216e-04
 1.46190382e-04 1.48110543e-04 1.46311212e-04 1.69439433e-04
 1.79036623e-04 1.96157659e-04 2.03475692e-04 1.89610473e-04
 1.87543343e-04 1.92157078e-04 2.00577070e-04 1.81700452e-04
 1.68596659e-04 1.62707046e-04 1.52947305e-04 1.51919680e-04
 1.55377494e-04 1.51110697e-04 1.53312630e-04 1.53762534e-04
 1.61605732e-04 1.55484876e-04 1.79468714e-04 2.27695085e-04
 2.52455297e-04 2.83670611e-04 3.03594209e-04 2.87063290e-04
 2.88976626e-04 3.20394245e-04 3.47571243e-04 4.04889805e-04
 4.39001107e-04 2.92304421e-04 1.93357605e-04 1.88660167e-04]","[0.00142911 0.00099286 0.00152777 0.00142008 0.00164014 0.0010058
 0.00131613 0.00065703 0.00159619 0.00170941 0.00198743 0.00187245
 0.00204519 0.00163457 0.0021478  0.00180814 0.00372267 0.00296296
 0.00403606 0.00361998 0.00508026 0.00495185 0.00535411 0.00581198
 0.00622628 0.0064051  0.00670049 0.0063377  0.00704054 0.00745254
 0.00722356 0.00771644 0.007421   0.00796065 0.0073541  0.00776733
 0.00776193 0.00775933 0.00767294 0.00845437 0.00856706 0.01098536
 0.01396623 0.01523013 0.01439696 0.01260585 0.01375441 0.01349894
 0.01495514 0.01440928 0.01384004 0.01789471 0.01622234 0.01627903
 0.01602474 0.01558569 0.01449148 0.01924696 0.02125093 0.02392971
 0.0225831  0.02521895 0.02833405 0.02493477 0.02260279 0.02266087
 0.02223036 0.02536122 0.02590103 0.02739101 0.0281647  0.02571594
 0.02518271 0.02527962 0.02494957 0.01520771 0.01143414 0.01961035
 0.02000846 0.02040788 0.0209869  0.02047442 0.02048464 0.02057362
 0.02176181 0.02059153 0.02299195 0.0253632  0.027223   0.03493959
 0.03941693 0.03789025 0.03833332 0.04338343 0.04723142 0.055941
 0.06167597 0.04355509 0.02990299 0.03016232]"
h5,"[1.42131263e+04 2.88650517e+03 2.59587286e+03 1.76333971e+03
 9.16863064e+02 3.77046014e+02 2.35850697e+02 1.82738857e+02
 1.57665970e+02 1.30929570e+02 1.07938435e+02 1.00994758e+02
 8.16097233e+01 6.62172757e+01 6.14699118e+01 5.27851984e+01
 4.66065174e+01 4.18790844e+01 3.60934001e+01 3.25279615e+01
 3.26976082e+01 3.04593755e+01 2.81012386e+01 2.86125093e+01
 3.03623074e+01 3.46407329e+01 3.37443044e+01 3.39756285e+01
 3.52009966e+01 3.43997932e+01 3.78913441e+01 3.81085299e+01
 4.22872421e+01 4.21686019e+01 4.10427938e+01 4.00540348e+01
 3.92244386e+01 3.72700576e+01 3.38124918e+01 3.10492808e+01
 2.99646432e+01 2.84863945e+01 2.90414669e+01 2.90263099e+01
 2.97147191e+01 2.94079418e+01 3.04152352e+01 2.89188740e+01
 2.88623310e+01 2.91922024e+01 2.80655544e+01 2.79629906e+01
 2.76593891e+01 2.64296438e+01 2.49542381e+01 2.36285470e+01
 2.17506702e+01 2.05533511e+01 1.95649144e+01 1.93979138e+01
 1.83398516e+01 1.73163395e+01 1.57324585e+01 1.50069048e+01
 1.39931468e+01 1.31498359e+01 1.22446736e+01 1.17970131e+01
 1.12952206e+01 1.13820920e+01 1.14796653e+01 1.01563450e+01
 9.74951856e+00 9.18070101e+00 9.45230577e+00 9.79401627e+00
 9.83400351e+00 1.08315225e+01 1.09981612e+01 1.11393508e+01
 1.08425976e+01 1.05010698e+01 1.03145346e+01 1.08795974e+01
 1.07187912e+01 1.03459221e+01 9.70210556e+00 9.42215922e+00
 8.83542590e+00 8.80262116e+00 8.06761559e+00 7.44422734e+00
 6.45234184e+00 5.59574637e+00 5.40622209e+00 5.20347046e+00
 5.10832491e+00 5.22698531e+00 5.15129787e+00 5.02504250e+00]","[0.00127533 0.0013359  0.00145383 0.00135881 0.00135262 0.00158764
 0.00183099 0.00209645 0.00239897 0.00253474 0.00247445 0.0027456
 0.00256126 0.00242581 0.00262906 0.00261858 0.00264365 0.00266761
 0.00256181 0.0025445  0.0027865  0.00281881 0.00282291 0.0030813
 0.00352315 0.00431768 0.00452976 0.00482973 0.00548029 0.00576401
 0.00679431 0.00729475 0.00857188 0.00898611 0.00925667 0.00957379
 0.0098931  0.00993734 0.00959136 0.00929033 0.00946586 0.00945063
 0.01004994 0.01050341 0.01117207 0.01152682 0.01245163 0.0122922
 0.01290175 0.01360965 0.01356649 0.01406612 0.01446127 0.01433268
 0.01387831 0.01303689 0.01049696 0.01034193 0.01096791 0.01266557
 0.01251976 0.01229165 0.01158155 0.01148142 0.011057   0.01069463
 0.01025637 0.0101924  0.01000705 0.01033011 0.0106082  0.00954202
 0.0094228  0.00896198 0.0072581  0.00495728 0.00461907 0.00788685
 0.01106729 0.01284872 0.01302906 0.01326572 0.01346728 0.01443273
 0.01456816 0.01425913 0.01239376 0.01025051 0.00989897 0.01174014
 0.01316402 0.0127403  0.01085211 0.00901729 0.00884769 0.00861398
 0.00890163 0.01077504 0.01158374 0.01182   ]","[3.95646977e+03 9.51030957e+02 9.80496317e+02 7.07181367e+02
 3.50805063e+02 1.04889698e+02 3.59863360e+01 1.76122103e+01
 8.01112096e+00 4.41576398e+00 1.79675961e+00 1.32217515e+00
 7.45218468e-01 6.03153192e-01 3.43226278e-01 2.74087735e-01
 2.09549441e-01 1.28412924e-01 2.87832932e-02 1.72946908e-01
 9.14684656e-02 8.90506202e-02 5.15883711e-02 8.01060343e-02
 8.97113456e-02 5.10656096e-02 2.64900102e-02 9.07466024e-02
 7.74224531e-02 1.89004384e-02 1.97137511e-01 1.49812758e-01
 4.80796537e-02 1.43357724e-01 5.26754477e-02 7.03841994e-03
 5.80412699e-02 1.41599028e-01 6.60155027e-02 4.47164226e-03
 2.78265808e-02 2.25649537e-02 2.39902807e-02 2.55177401e-02
 8.49323135e-03 2.95394915e-03 4.91999671e-03 1.49307355e-02
 1.40614515e-02 1.74994434e-02 1.11726895e-02 8.87764411e-03
 1.66718790e-02 6.80901901e-03 1.43318077e-02 9.94094522e-03
 5.05132329e-03 1.20792047e-02 1.33377412e-02 7.34160654e-03
 5.79332145e-03 5.69119072e-03 1.53438947e-03 5.69397350e-03
 7.01568908e-03 7.92629182e-03 3.75730863e-03 1.26256721e-03
 5.18707278e-03 6.75447165e-03 4.28844797e-03 4.00882912e-04
 2.79631886e-03 1.20370770e-03 3.76445690e-03 7.69161024e-03
 1.29258041e-03 2.02298396e-03 3.41812864e-03 2.60252079e-03
 1.88362037e-03 1.39312637e-03 3.77048479e-04 1.18590033e-03
 1.69557055e-03 5.46810708e-04 1.84651446e-03 1.35117592e-02
 6.43194316e-03 2.40293642e-03 1.02899091e-03 6.78473568e-04
 1.06656254e-04 5.85035412e-05 3.64192574e-05 1.51240413e-04
 2.83385698e-04 1.00478346e-04 9.92856278e-06 4.27424549e-05]","[1.33897932e-03 1.34646738e-03 1.43836293e-03 1.38295141e-03
 1.35583302e-03 1.56318923e-03 1.49906132e-03 1.74810580e-03
 1.59305321e-03 1.75053133e-03 1.18226642e-03 1.89759971e-03
 1.42128173e-03 2.22186584e-03 1.99929883e-03 2.15572778e-03
 2.51560903e-03 1.87606408e-03 4.88546938e-04 3.37200178e-03
 1.98242317e-03 2.56046178e-03 1.74798783e-03 2.79677009e-03
 4.12948612e-03 2.66301074e-03 1.49297652e-03 2.19762396e-03
 5.36249163e-03 1.58775596e-03 1.83491559e-02 1.86456117e-02
 6.02426034e-03 1.80895072e-02 8.90537800e-03 1.47799453e-03
 1.36195407e-02 3.71058498e-02 2.07258218e-02 1.46225382e-03
 1.27623027e-02 1.14323099e-02 1.22271440e-02 1.46341445e-02
 4.82622170e-03 1.61819020e-03 3.10861822e-03 5.93510516e-03
 1.21281647e-02 1.89891825e-02 9.27833996e-03 9.65535501e-03
 1.84454938e-02 8.52350462e-03 7.64838720e-03 4.44724304e-04
 2.81811874e-05 8.68087415e-05 1.93229939e-04 2.99355440e-03
 2.51605327e-03 1.11013921e-02 3.09591655e-03 1.33078249e-02
 2.03248363e-02 1.84324937e-02 7.72412835e-03 2.78806856e-03
 1.25200974e-02 1.63875772e-02 4.45125862e-03 2.10424763e-04
 1.09844381e-03 1.60078113e-04 2.53932998e-05 1.41527685e-05
 2.01121003e-06 8.91719524e-06 7.21111340e-05 3.06864580e-04
 2.53148512e-04 3.56098398e-04 1.26192794e-04 3.57210874e-04
 5.40819036e-04 1.66106014e-04 4.85207414e-05 1.10632200e-04
 5.31657481e-05 4.04849165e-05 3.33695849e-04 5.50041884e-04
 1.07025366e-05 1.98645135e-06 1.08826323e-06 3.46105921e-06
 6.76587114e-06 1.32014777e-05 4.76063961e-05 4.24894845e-04]","[1.22815552e+00 3.61148182e-01 2.82102109e-01 1.76215118e-01
 5.00121007e-02 4.49661780e-03 2.82650992e-03 1.44080485e-03
 1.15876584e-03 4.45994381e-04 3.52023978e-04 3.40883520e-04
 3.10686891e-04 2.70519339e-04 1.41152603e-04 1.47041449e-04
 1.18865310e-04 6.99550465e-05 5.81071319e-05 4.95594298e-05
 4.99629959e-05 4.66816518e-05 4.71406366e-05 4.23133305e-05
 4.41526705e-05 5.37155481e-05 5.43048501e-05 5.15629953e-05
 5.55836288e-05 5.55570734e-05 5.76961061e-05 5.91942581e-05
 6.71338501e-05 6.63378892e-05 6.30716897e-05 6.52167949e-05
 6.67169390e-05 6.06186366e-05 6.34076472e-05 6.26348865e-05
 5.88184374e-05 5.76802726e-05 6.27646426e-05 6.06362646e-05
 6.70653009e-05 6.85848322e-05 7.24142017e-05 6.48588555e-05
 7.42738489e-05 7.74438149e-05 7.89588002e-05 8.30509253e-05
 9.34086508e-05 8.62971186e-05 8.42277531e-05 8.12576142e-05
 8.05901260e-05 8.15011191e-05 7.85425602e-05 8.68348536e-05
 8.62318681e-05 7.60044859e-05 7.18561021e-05 7.21940981e-05
 6.94204877e-05 6.67406639e-05 6.69347980e-05 6.84465205e-05
 6.18311472e-05 6.71695809e-05 7.83542019e-05 8.06214838e-05
 8.07470074e-05 8.02882661e-05 9.14265466e-05 9.33453019e-05
 1.04916816e-04 1.33648468e-04 1.33198666e-04 1.45811125e-04
 1.37637035e-04 1.41545410e-04 1.41799855e-04 1.56400225e-04
 1.62492506e-04 1.57344675e-04 1.49607168e-04 1.56446156e-04
 1.56246956e-04 1.49804210e-04 1.27826932e-04 1.18805117e-04
 1.03022628e-04 7.53996558e-05 6.85800604e-05 7.20898348e-05
 5.85448054e-05 5.47367838e-05 5.73794281e-05 5.50127584e-05]","[0.00108115 0.00135318 0.00148643 0.00148774 0.00111521 0.00076837
 0.00209096 0.00206706 0.00238165 0.00133653 0.00136121 0.00183646
 0.00231668 0.00272714 0.00196143 0.00271845 0.0030796  0.00221104
 0.00223735 0.00224043 0.00263461 0.00263663 0.00291627 0.00278876
 0.00309566 0.00393282 0.00417493 0.00409986 0.00468314 0.00490668
 0.00524132 0.00563639 0.00677503 0.00705444 0.00712556 0.00784579
 0.00831542 0.00771552 0.008467   0.00867635 0.00844571 0.0085851
 0.00958234 0.00969294 0.01082787 0.01117508 0.01201358 0.010951
 0.01268543 0.01321226 0.01317449 0.01351781 0.01530363 0.01419607
 0.01355953 0.01267472 0.01211232 0.01247981 0.01227253 0.01360547
 0.01331656 0.01170412 0.01115964 0.01128544 0.01073324 0.0102113
 0.01017    0.01024488 0.00894505 0.00937941 0.01084563 0.0109343
 0.01084244 0.01056249 0.01137245 0.00781268 0.00711541 0.01610805
 0.01742496 0.0195873  0.01859069 0.01917839 0.01894638 0.02092655
 0.02188123 0.02083783 0.01916635 0.01742671 0.01684857 0.01845132
 0.01659631 0.01568141 0.01366615 0.01020959 0.00931934 0.00996018
 0.00822505 0.00815611 0.0088738  0.00879524]"
h6,"[2.98955092e+04 6.01548496e+03 5.51605578e+03 4.20891802e+03
 2.21994396e+03 9.02359617e+02 5.60703154e+02 4.35185073e+02
 3.92830903e+02 3.21852444e+02 2.62709288e+02 2.18244340e+02
 2.01325134e+02 1.55967028e+02 1.46641726e+02 1.36113993e+02
 1.15189639e+02 1.03304919e+02 9.38528562e+01 7.90498817e+01
 7.01980979e+01 5.77229939e+01 5.10308725e+01 4.93940925e+01
 4.20290823e+01 4.16514148e+01 4.16693116e+01 4.19770086e+01
 4.03415480e+01 3.98972233e+01 3.74319773e+01 3.44942058e+01
 3.41290141e+01 3.11669755e+01 3.09379984e+01 3.09365273e+01
 2.83682396e+01 2.73716511e+01 2.59538519e+01 2.41465106e+01
 2.17632102e+01 2.06247979e+01 1.99736300e+01 1.89615365e+01
 1.82127006e+01 1.76868747e+01 1.63180996e+01 1.46699194e+01
 1.35510217e+01 1.30472246e+01 1.23345212e+01 1.25851664e+01
 1.15899930e+01 1.13279190e+01 1.14037010e+01 1.11756183e+01
 1.06590030e+01 1.04516906e+01 1.02761443e+01 1.07099029e+01
 1.06725766e+01 1.05908203e+01 1.07419728e+01 1.06089621e+01
 1.04321850e+01 1.05148218e+01 1.02378236e+01 1.00448424e+01
 9.31746060e+00 8.45025426e+00 8.67079881e+00 8.03475819e+00
 8.16909412e+00 7.73502871e+00 7.51352435e+00 7.50153091e+00
 7.23214615e+00 6.74201690e+00 6.39814986e+00 6.23337008e+00
 5.74285858e+00 5.41431146e+00 5.32516151e+00 5.05921969e+00
 5.05743157e+00 4.78887325e+00 4.54877616e+00 4.19171454e+00
 3.99592449e+00 4.04106148e+00 3.59338966e+00 3.50937596e+00
 3.46296716e+00 3.18874672e+00 3.21375204e+00 3.04765471e+00
 2.78354782e+00 2.69795657e+00 2.59093474e+00 2.39833316e+00]","[0.00268249 0.00278401 0.0030893  0.00324335 0.00327502 0.0037996
 0.00435293 0.00499261 0.00597713 0.00623093 0.00602252 0.0059331
 0.00631845 0.00571371 0.00627184 0.00675237 0.00653386 0.0065803
 0.00666141 0.00618368 0.0059823  0.00534187 0.0051263  0.00531929
 0.00487693 0.0051915  0.0055936  0.00596715 0.0062806  0.00668515
 0.00671194 0.0066029  0.00691816 0.00664166 0.00697766 0.00739451
 0.00715498 0.00729812 0.00736216 0.00722494 0.00687502 0.00684247
 0.00691197 0.00686139 0.00684757 0.0069326  0.00668044 0.00623557
 0.00605744 0.00608273 0.00596233 0.00633067 0.00605964 0.00614308
 0.00634217 0.00616607 0.00514408 0.00525903 0.00576071 0.00699287
 0.00728567 0.00751768 0.00790777 0.00811666 0.00824322 0.0085516
 0.00857539 0.00867856 0.00825485 0.00766924 0.00801257 0.00754876
 0.00789533 0.00755075 0.00576938 0.00379693 0.00339696 0.00490913
 0.00643837 0.0071899  0.00690093 0.00683976 0.00695285 0.00671149
 0.00687367 0.0066002  0.00581074 0.00456023 0.00447693 0.0053896
 0.00586338 0.00600607 0.00582432 0.00513852 0.00525955 0.00504518
 0.00485053 0.00556164 0.00582624 0.00564141]","[8.24136033e+03 2.01463092e+03 2.17797896e+03 1.74011513e+03
 8.55919708e+02 2.44003228e+02 8.10860555e+01 4.27814921e+01
 3.09328210e+01 1.47248130e+01 6.76428000e+00 4.20697979e+00
 4.42025777e+00 7.12335639e-01 2.05656956e+00 1.79256937e+00
 6.17996994e-01 6.15315666e-01 1.02025744e+00 1.16845701e-01
 5.39532257e-01 1.76084647e-01 2.72600052e-01 3.53738421e-01
 1.96171649e-02 2.96865670e-01 9.01933693e-02 1.99396383e-02
 1.05531666e-02 1.60429087e-01 4.59756436e-02 7.06139244e-02
 1.27496470e-01 5.40284621e-02 5.58957513e-02 4.45176033e-02
 3.30305208e-03 4.79269088e-02 2.39615593e-02 2.47970600e-02
 4.05574776e-03 2.00977221e-03 2.97240512e-02 4.62985194e-02
 1.26768640e-02 3.03084889e-03 2.38404805e-03 1.06905974e-03
 5.02014458e-04 5.79217145e-03 7.57788438e-04 2.91454137e-03
 1.10009873e-03 2.59345885e-05 1.46625214e-04 3.61116848e-03
 1.18458620e-02 8.18733720e-03 4.36946050e-03 6.37059469e-04
 9.50950105e-03 1.64941381e-04 2.19834185e-03 2.72383398e-04
 1.14804638e-04 2.86976352e-03 2.57424788e-03 2.20865863e-03
 2.29006673e-03 2.40634667e-03 2.97204223e-03 3.44884099e-04
 5.63122545e-04 8.06751238e-04 1.03653935e-03 1.97074977e-03
 1.71581114e-03 1.38977478e-03 1.30505424e-04 1.07637305e-03
 7.95969787e-04 1.35502574e-05 3.21274902e-05 5.40730617e-05
 3.11915032e-04 5.19082407e-04 1.39800854e-03 3.11708910e-03
 2.26013724e-03 2.21128050e-03 2.24639938e-06 3.16520345e-06
 4.03206860e-04 2.32314911e-04 1.88095564e-04 2.91302986e-05
 9.14091738e-04 2.54291617e-04 3.10419099e-05 4.19952763e-06]","[2.78910536e-03 2.85230968e-03 3.19503923e-03 3.40293845e-03
 3.30806001e-03 3.63642211e-03 3.37775341e-03 4.24629124e-03
 6.15115288e-03 5.83732433e-03 4.45089094e-03 6.03790169e-03
 8.43032196e-03 2.62406673e-03 1.19795522e-02 1.40987396e-02
 7.41895950e-03 8.98952830e-03 1.73171167e-02 2.27817840e-03
 1.16934426e-02 5.06294068e-03 9.23660826e-03 1.23501937e-02
 9.02994036e-04 1.54811912e-02 5.08329675e-03 4.82881184e-04
 7.30941286e-04 1.34770546e-02 4.27931877e-03 8.78856935e-03
 1.59749888e-02 6.81754861e-03 9.44980661e-03 9.34823083e-03
 7.75070087e-04 1.25591871e-02 7.52282402e-03 8.10878725e-03
 1.86011645e-03 1.01823115e-03 1.51494790e-02 2.65516938e-02
 7.20354287e-03 1.66031632e-03 1.50632117e-03 4.24961113e-04
 4.32993282e-04 6.28526280e-03 6.29304048e-04 3.16986480e-03
 1.21713122e-03 3.24648212e-05 7.82487760e-05 1.61551477e-04
 6.60877236e-05 5.88393404e-05 6.33023666e-05 2.59762242e-04
 4.12999890e-03 3.21739163e-04 4.43556413e-03 6.36608261e-04
 3.32595336e-04 6.67359962e-03 5.29203826e-03 4.87727833e-03
 5.52756050e-03 5.83823485e-03 3.08487562e-03 1.81030801e-04
 2.21204557e-04 1.07287853e-04 6.99201909e-06 3.62623227e-06
 2.66974229e-06 6.12604613e-06 2.75322993e-06 1.26915707e-04
 1.06974086e-04 3.46359456e-06 1.07526166e-05 1.62876130e-05
 9.94883916e-05 1.57682921e-04 3.67353804e-05 2.55222449e-05
 1.86820505e-05 3.72558781e-05 7.28494435e-07 2.56604612e-06
 4.04602263e-05 7.88810829e-06 5.62058376e-06 6.66631928e-07
 2.18240616e-05 3.34104337e-05 1.48842636e-04 4.17467282e-05]","[3.62498090e+00 7.25123663e-01 6.79440649e-01 4.05415187e-01
 1.41062240e-01 1.84574547e-02 6.83955660e-03 2.26497752e-03
 1.94831754e-03 1.40508062e-03 1.69780402e-03 8.09910552e-04
 7.01920652e-04 4.48246142e-04 3.98571366e-04 2.88276614e-04
 2.16038628e-04 1.93564945e-04 1.43764690e-04 1.32701696e-04
 1.05253504e-04 8.85724508e-05 7.28554858e-05 7.16420103e-05
 7.07670936e-05 6.10980863e-05 6.68367405e-05 6.93538632e-05
 6.07694984e-05 5.97250216e-05 6.27435837e-05 5.52905588e-05
 5.23045769e-05 5.09030224e-05 4.75464605e-05 4.70696576e-05
 4.25697832e-05 4.19126568e-05 3.95623866e-05 4.05170008e-05
 3.25633126e-05 3.27765338e-05 2.96674735e-05 2.87604145e-05
 2.66139815e-05 2.69900267e-05 2.46648817e-05 2.35469418e-05
 2.42599759e-05 2.33346087e-05 2.32063319e-05 2.43122288e-05
 2.26738164e-05 2.46098034e-05 2.41912395e-05 2.37863000e-05
 2.33719888e-05 2.38133095e-05 2.42335947e-05 2.75972379e-05
 2.73687511e-05 2.90186008e-05 2.85292590e-05 3.01237293e-05
 2.96331756e-05 3.23666704e-05 3.51600450e-05 3.37028732e-05
 3.40620327e-05 3.34721726e-05 3.72629368e-05 3.71603633e-05
 3.80504404e-05 3.90921498e-05 3.72622734e-05 4.45670063e-05
 4.43107185e-05 4.18373912e-05 4.44903038e-05 4.50224036e-05
 4.41625133e-05 4.82762904e-05 4.75669102e-05 4.85934967e-05
 4.84814886e-05 4.79942281e-05 5.15181541e-05 4.79238349e-05
 5.28676449e-05 5.30040973e-05 5.25786887e-05 5.11872002e-05
 4.86439438e-05 4.80060257e-05 5.04379746e-05 4.59192595e-05
 4.47812289e-05 4.09494306e-05 3.91300920e-05 3.43777610e-05]","[0.0031911  0.00271695 0.00358007 0.00342281 0.00314551 0.00315394
 0.00505968 0.00324946 0.00400445 0.00421066 0.0065651  0.00436328
 0.00523397 0.00451883 0.00553848 0.00532956 0.00559719 0.00611792
 0.00553551 0.00599904 0.00555015 0.00500267 0.00450707 0.00472173
 0.00496167 0.00447333 0.00513837 0.00551444 0.00512007 0.00527478
 0.00569985 0.00526469 0.00527849 0.00541308 0.00537159 0.00566263
 0.00530578 0.00533463 0.00528288 0.00561252 0.00467575 0.00487844
 0.00452936 0.00459746 0.0042969  0.0043977  0.00409193 0.00397575
 0.00414343 0.00398099 0.00387204 0.00395719 0.00371477 0.00404837
 0.00389446 0.00371023 0.0035127  0.0036464  0.00378658 0.00432399
 0.00422648 0.00446865 0.00443075 0.00470897 0.00458164 0.00495209
 0.00534218 0.00504455 0.00492772 0.00467398 0.00515786 0.00503988
 0.00510929 0.00514285 0.00463501 0.00373011 0.00300513 0.00504247
 0.00582019 0.00604801 0.00596505 0.00654109 0.00635558 0.00650187
 0.00652851 0.00635608 0.00660005 0.00533829 0.00570087 0.00652849
 0.00682651 0.00675634 0.00645272 0.00650032 0.00685401 0.00634437
 0.00629139 0.00610171 0.00605152 0.00549619]"
h7,"[3.10867072e+04 6.01588360e+03 5.58855234e+03 3.77195153e+03
 1.92924009e+03 6.61618359e+02 4.06889609e+02 2.99076479e+02
 2.22341049e+02 2.00720118e+02 1.73698038e+02 1.46297054e+02
 1.31072524e+02 1.24853966e+02 1.11524209e+02 9.19039156e+01
 9.32642659e+01 9.26999604e+01 9.44447045e+01 8.90816417e+01
 8.88686511e+01 8.22989132e+01 7.78306909e+01 8.17305097e+01
 8.14583119e+01 8.05114390e+01 7.47543438e+01 6.84136045e+01
 6.60135124e+01 6.45352974e+01 6.35016884e+01 5.99393867e+01
 6.14494440e+01 5.58422475e+01 5.26893678e+01 5.25282397e+01
 4.80619186e+01 4.56263644e+01 4.46603333e+01 4.11762274e+01
 4.06523855e+01 3.75513517e+01 3.74102012e+01 3.48882873e+01
 3.43885049e+01 3.22604672e+01 3.13215195e+01 3.03436021e+01
 2.92942479e+01 2.69468641e+01 2.46757531e+01 2.24800810e+01
 2.15128203e+01 2.30632446e+01 4.03323496e+01 1.12584556e+02
 4.30066304e+02 3.96131443e+02 2.54694838e+02 5.33129387e+01
 2.88398016e+01 2.77812394e+01 2.16028307e+01 2.07490020e+01
 1.89891487e+01 1.66979129e+01 1.60966400e+01 1.39425581e+01
 1.21437596e+01 1.11145674e+01 1.00044338e+01 9.74034222e+00
 9.60950423e+00 9.02822410e+00 9.28999302e+00 8.70583167e+00
 8.10673294e+00 7.85681718e+00 7.76822948e+00 7.44885437e+00
 7.58765657e+00 7.20727571e+00 6.77495394e+00 6.19442803e+00
 5.91264912e+00 5.64709002e+00 5.39408167e+00 5.14429075e+00
 5.04471830e+00 4.90733267e+00 4.93305790e+00 5.26251881e+00
 5.63316043e+00 5.42420093e+00 5.30833408e+00 4.78941466e+00
 4.33813644e+00 4.57401725e+00 4.47844487e+00 4.07292126e+00]","[0.00278937 0.0027842  0.0031299  0.00290663 0.00284615 0.0027859
 0.00315882 0.00343112 0.00338304 0.00388586 0.00398197 0.00397717
 0.00411362 0.00457391 0.00476987 0.00455919 0.0052902  0.00590479
 0.00670342 0.00696842 0.00757341 0.0076162  0.00781847 0.00880162
 0.00945218 0.01003508 0.01003486 0.00972519 0.01027736 0.01081349
 0.01138651 0.01147362 0.01245618 0.01189995 0.0118834  0.0125554
 0.01212207 0.01216539 0.0126685  0.01232044 0.01284213 0.01245802
 0.01294598 0.01262461 0.01292931 0.01264491 0.01282266 0.01289779
 0.01309482 0.01256286 0.01192791 0.01130807 0.01124763 0.01250709
 0.02243086 0.06211776 0.20755172 0.19932331 0.14277955 0.03480986
 0.01968758 0.01971994 0.01590307 0.01587456 0.0150047  0.01358025
 0.01348284 0.01204611 0.01075882 0.01008731 0.00924496 0.00915118
 0.00928747 0.00881313 0.00713347 0.00440649 0.00380776 0.00572086
 0.00781706 0.00859191 0.00911775 0.00910476 0.00884579 0.00821744
 0.00803602 0.00778303 0.00689056 0.00559655 0.00565197 0.00654496
 0.00804933 0.00900645 0.00947434 0.00874085 0.00868749 0.00792854
 0.00755952 0.009429   0.01007069 0.00958041]","[7.57752935e+03 2.02746957e+03 2.18647451e+03 1.53745002e+03
 7.47131128e+02 1.96893317e+02 8.81667259e+01 4.62032119e+01
 2.07579639e+01 1.53882095e+01 8.95145730e+00 4.96772360e+00
 4.63499326e+00 4.44266087e+00 3.46612567e+00 2.81018108e+00
 2.00802742e+00 1.70119772e+00 2.08691150e+00 1.68418311e+00
 1.54506968e+00 1.27175401e+00 1.09948403e+00 8.32364453e-01
 1.04475279e+00 1.43275045e+00 9.45353281e-01 4.82035169e-01
 4.72073451e-01 7.67041199e-01 6.66950816e-01 2.84952712e-01
 5.37410690e-01 5.89723446e-01 3.65264145e-01 3.93455804e-01
 2.26062356e-01 1.32436809e-01 1.25426150e-01 5.42410085e-02
 1.49970307e-01 3.76977003e-02 1.16931697e-01 4.37481682e-02
 6.89884000e-02 4.38822659e-02 4.50932526e-02 5.60586185e-02
 2.64057692e-02 9.49703475e-03 7.83490185e-03 1.46897097e-02
 2.19815195e-02 9.83869308e-02 1.08862706e+00 2.17602259e+01
 1.78721876e+02 1.38596334e+02 6.86902436e+01 2.01267648e+00
 1.79677873e-01 1.30306597e-01 5.38012356e-02 3.14845731e-02
 2.31185870e-02 1.19876040e-02 1.05273601e-02 5.58105354e-03
 1.15359426e-03 2.66093836e-03 2.64252799e-03 2.09999890e-03
 1.86531308e-03 2.14744256e-03 2.09924137e-03 7.41629953e-04
 2.30477074e-04 1.21619190e-03 2.43869828e-03 4.99835534e-04
 5.86904229e-04 3.45814763e-04 5.76490555e-05 1.88282661e-04
 5.51502718e-05 1.55119975e-04 4.04467644e-04 2.75711708e-03
 2.94339635e-03 3.39923212e-03 2.06772509e-03 5.05585499e-03
 5.06451699e-03 2.25704215e-03 1.80988638e-03 5.21989889e-04
 2.47621557e-04 3.14547069e-04 3.44126446e-04 3.23158333e-04]","[2.56444650e-03 2.87048661e-03 3.20750198e-03 3.00661015e-03
 2.88760100e-03 2.93433500e-03 3.67270868e-03 4.58591518e-03
 4.12782946e-03 6.10031309e-03 5.89005189e-03 7.12972922e-03
 8.83986580e-03 1.63656540e-02 2.01902402e-02 2.21023586e-02
 2.41060624e-02 2.48538529e-02 3.54217364e-02 3.28370626e-02
 3.34867532e-02 3.65665900e-02 3.72542234e-02 2.90606323e-02
 4.80908196e-02 7.47162302e-02 5.32800947e-02 1.16735173e-02
 3.26971031e-02 6.44362958e-02 6.20784165e-02 3.54650544e-02
 6.73362151e-02 7.44138942e-02 6.17520196e-02 8.26216015e-02
 5.30461421e-02 3.47049019e-02 3.93780238e-02 1.77371349e-02
 6.87819493e-02 1.90991658e-02 5.95966638e-02 2.50890954e-02
 3.92021952e-02 2.40389557e-02 2.84914228e-02 2.22838183e-02
 2.27752816e-02 1.03055236e-02 6.50648018e-03 1.59765767e-02
 2.43199930e-02 1.23160393e-01 5.80962393e-01 9.73478992e-01
 9.97084209e-01 9.96040188e-01 9.95146880e-01 8.20672765e-01
 7.80345270e-02 2.54179609e-01 1.08554013e-01 7.35850258e-02
 6.69758152e-02 2.78770251e-02 2.16417358e-02 1.23243815e-02
 2.78444379e-03 6.45592063e-03 2.74285139e-03 1.10229635e-03
 7.32728173e-04 2.85583078e-04 1.41605195e-05 1.36461894e-06
 3.58614289e-07 5.36090290e-06 5.14484144e-05 5.89358679e-05
 7.88767919e-05 8.83940504e-05 1.92943236e-05 5.67135468e-05
 1.75907259e-05 4.71211706e-05 1.06281702e-05 2.25748495e-05
 2.43297967e-05 5.72706075e-05 6.70551389e-04 4.09880670e-03
 5.08204408e-04 7.66364620e-05 5.40821791e-05 1.19454706e-05
 5.91199754e-06 4.13271743e-05 1.65004948e-03 3.21245727e-03]","[3.99681738e+00 8.24025178e-01 6.97361129e-01 3.69152290e-01
 1.22504540e-01 1.24343386e-02 6.06250447e-03 2.37416061e-03
 9.39152519e-04 7.15145943e-04 4.37502893e-04 4.41336831e-04
 5.33636194e-04 2.25578658e-04 1.97640494e-04 1.35610203e-04
 1.30643631e-04 1.14387032e-04 9.98176735e-05 1.04780285e-04
 9.30525667e-05 1.13146303e-04 8.01856654e-05 9.07984122e-05
 9.04388148e-05 8.80595696e-05 9.11296474e-05 9.28592435e-05
 8.98810669e-05 8.33617374e-05 8.81245481e-05 1.01901240e-04
 8.54555434e-05 9.04746955e-05 9.59545309e-05 8.59400433e-05
 8.78502353e-05 9.30075982e-05 9.20077847e-05 9.52371638e-05
 9.77802334e-05 9.43394294e-05 7.38353130e-05 7.95167950e-05
 8.94076237e-05 9.25207428e-05 8.20577837e-05 8.11968329e-05
 8.20900551e-05 8.94220973e-05 9.17893829e-05 8.41937532e-05
 8.22540944e-05 1.05416230e-04 2.14003639e-04 2.79024613e-04
 4.45637441e-04 3.15040728e-04 2.37487582e-04 2.38417223e-04
 2.49550294e-04 2.62612592e-04 2.41882702e-04 2.70715197e-04
 2.81764801e-04 2.48081013e-04 2.31683184e-04 2.01820099e-04
 1.54174578e-04 1.34973807e-04 1.08254595e-04 1.14127323e-04
 1.02095448e-04 1.01778132e-04 1.07043013e-04 1.06732786e-04
 9.52956560e-05 8.46380171e-05 8.66209880e-05 8.24622333e-05
 9.27127325e-05 8.90825022e-05 8.72570200e-05 7.59371636e-05
 7.18433980e-05 7.24473645e-05 7.27648540e-05 7.06672979e-05
 6.85729312e-05 6.60310703e-05 6.50033031e-05 6.84660673e-05
 7.47074845e-05 7.64014124e-05 7.53016911e-05 7.02000358e-05
 6.68918635e-05 6.49246353e-05 6.64797869e-05 6.28599927e-05]","[0.00351843 0.00308752 0.00367449 0.00311666 0.0027317  0.00212474
 0.00448484 0.0034061  0.00193027 0.0021431  0.00169174 0.00237764
 0.00397914 0.00227409 0.00274638 0.00250711 0.00338475 0.00361538
 0.00384337 0.00473679 0.00490678 0.00639063 0.00496054 0.00598428
 0.00634091 0.00644733 0.007006   0.00738339 0.00757283 0.00736232
 0.00800554 0.00970289 0.00862402 0.00962117 0.01084052 0.01033886
 0.01094942 0.01183797 0.01228606 0.01319251 0.01404021 0.01404142
 0.01127252 0.01271107 0.0144351  0.01507515 0.01361346 0.01370956
 0.01402039 0.01525581 0.01531531 0.01370383 0.01347612 0.01734121
 0.0344517  0.04352282 0.06697724 0.04824042 0.0371082  0.03735571
 0.0385374  0.04044037 0.03756569 0.04231842 0.04356422 0.03795633
 0.03520168 0.03020786 0.02230427 0.01884744 0.01498439 0.01547853
 0.01370904 0.01338963 0.01331497 0.00893317 0.00646291 0.01020104
 0.0113317  0.01107743 0.01252275 0.01207004 0.01165872 0.01016049
 0.00967442 0.00959452 0.00932199 0.00787171 0.00739442 0.00813302
 0.00843965 0.00903702 0.0099101  0.01034524 0.01023274 0.00969908
 0.00939774 0.00967416 0.01028118 0.01004983]"
h11,"[1.29855192e+04 2.61208982e+03 2.24722596e+03 1.62555036e+03
 8.60186627e+02 3.75814694e+02 2.43815232e+02 2.00588425e+02
 1.78544102e+02 1.39414491e+02 1.09444132e+02 8.81836964e+01
 7.91756036e+01 6.20084651e+01 5.29023829e+01 4.61028273e+01
 4.62047457e+01 4.31722616e+01 3.77374877e+01 3.48196912e+01
 2.91673289e+01 2.64522147e+01 2.49297906e+01 2.33074226e+01
 2.20774310e+01 1.87641962e+01 1.98304375e+01 1.88170164e+01
 1.88240230e+01 1.75778587e+01 1.77733695e+01 1.53906591e+01
 1.40610423e+01 1.29713543e+01 1.25615995e+01 1.10017750e+01
 1.12821795e+01 1.12946574e+01 1.00286801e+01 1.01082632e+01
 8.78698064e+00 8.46870812e+00 7.73552086e+00 7.93870114e+00
 6.89237949e+00 6.65500094e+00 6.03969926e+00 6.28096463e+00
 5.74419759e+00 5.90260724e+00 5.56582316e+00 5.55460272e+00
 5.47441080e+00 5.16619245e+00 4.90327873e+00 4.73889821e+00
 5.03039576e+00 5.03419269e+00 4.53647751e+00 4.24454511e+00
 4.21843407e+00 3.99045105e+00 3.84014982e+00 4.01476663e+00
 4.17385772e+00 3.98806138e+00 3.97780375e+00 3.72250316e+00
 3.87430477e+00 3.88925592e+00 3.54122958e+00 3.78301100e+00
 3.75406101e+00 3.75709412e+00 3.87720528e+00 3.61629495e+00
 3.39475003e+00 3.35696940e+00 3.29734029e+00 3.54800445e+00
 8.77891522e+00 3.78145322e+00 3.44332770e+00 3.42997481e+00
 3.18016319e+00 3.12762082e+00 2.81785731e+00 2.67631229e+00
 2.69048244e+00 2.44727222e+00 2.46489429e+00 2.41961834e+00
 2.34759634e+00 2.18840808e+00 2.35310395e+00 2.42723362e+00
 2.30944024e+00 2.22147055e+00 2.32531874e+00 2.41685442e+00]","[0.00116517 0.0012089  0.00125857 0.00125263 0.00126901 0.00158246
 0.00189282 0.00230123 0.00271664 0.00269901 0.00250897 0.00239733
 0.00248487 0.00227162 0.00226263 0.00228708 0.00262086 0.00274998
 0.0026785  0.00272377 0.00248565 0.00244797 0.00250432 0.00250999
 0.0025618  0.0023388  0.00266199 0.00267489 0.00293063 0.00294533
 0.00318695 0.00294609 0.00285026 0.00276419 0.00283311 0.00262967
 0.00284557 0.0030115  0.00284477 0.00302452 0.00277582 0.00280958
 0.00267691 0.00287268 0.00259138 0.00260851 0.00247258 0.00266977
 0.00256771 0.00275185 0.00269044 0.00279411 0.00286221 0.0028016
 0.00272696 0.00261465 0.00242769 0.00253308 0.00254311 0.00277141
 0.00287973 0.00283254 0.00282695 0.0030716  0.00329807 0.00324345
 0.00333188 0.00321617 0.00343246 0.00352979 0.0032724  0.00355419
 0.00362826 0.00366758 0.00297717 0.0018304  0.00159453 0.00244434
 0.00331807 0.00409246 0.01054923 0.00477701 0.00449582 0.00455016
 0.00432223 0.0043106  0.00359961 0.0029116  0.00301434 0.00326395
 0.004022   0.00414102 0.00394839 0.00352652 0.00385103 0.00401811
 0.00402437 0.0045794  0.00522895 0.00568497]","[3.42933860e+03 8.48094216e+02 8.28928847e+02 6.26740729e+02
 3.17588020e+02 1.00438980e+02 2.77391697e+01 1.35217764e+01
 7.51147302e+00 4.73038970e+00 2.21638031e+00 1.03981166e+00
 8.86941706e-01 1.97096292e-01 1.18444310e-01 1.50925983e-01
 6.87011860e-01 9.40884109e-02 4.07710548e-02 2.46182156e-01
 5.30968727e-02 1.23077213e-02 7.47853537e-03 9.19523876e-02
 1.23522787e-01 2.29334761e-02 1.03089043e-01 1.33097178e-02
 3.51091906e-02 8.73541142e-03 8.31323948e-02 7.27058113e-03
 5.66100801e-03 5.51610111e-03 3.20175126e-02 8.06953633e-04
 2.04512950e-02 7.14462843e-04 1.93662647e-06 3.14526447e-02
 1.55936335e-02 3.74731177e-05 6.15115295e-04 2.35049997e-06
 3.16474234e-04 1.85917294e-04 1.89836813e-03 5.42860362e-03
 4.76775010e-04 1.23610374e-06 2.65703370e-04 1.25406130e-04
 1.22494571e-06 6.84696662e-05 1.39301854e-03 1.15880606e-02
 8.98677922e-02 8.73901581e-02 4.37651802e-02 1.19569867e-03
 7.30755661e-05 1.17490954e-04 4.04043900e-05 2.88233478e-03
 5.46598500e-05 1.73462288e-06 1.08137797e-06 1.13639358e-03
 1.12045075e-06 1.25458216e-06 2.39024287e-04 9.43475094e-06
 1.16450316e-06 1.98839991e-04 1.96534003e-06 1.71243192e-05
 7.17164658e-05 4.03101385e-04 7.25809654e-05 1.03374136e-02
 1.72337763e+00 1.94947178e-03 1.05906286e-04 2.59529554e-05
 2.90601500e-06 1.48354808e-06 1.28210315e-03 1.37336462e-06
 1.39057430e-06 8.46911986e-04 2.94887554e-05 6.32604221e-06
 1.17567252e-06 5.02614519e-04 2.07273853e-06 5.66906522e-06
 1.10163780e-06 1.31979181e-06 1.24201668e-06 1.34832366e-06]","[1.16058348e-03 1.20072978e-03 1.21601734e-03 1.22564311e-03
 1.22745185e-03 1.49685941e-03 1.15551404e-03 1.34210842e-03
 1.49369561e-03 1.87525769e-03 1.45837650e-03 1.49234864e-03
 1.69157649e-03 7.26053555e-04 6.89940093e-04 1.18704813e-03
 8.24747244e-03 1.37459597e-03 6.92018590e-04 4.79989308e-03
 1.15078426e-03 3.53882432e-04 2.53397977e-04 3.21036598e-03
 5.68585421e-03 1.19595347e-03 5.81009672e-03 3.22323414e-04
 2.43175892e-03 7.33829623e-04 7.73779311e-03 9.04892442e-04
 7.09310143e-04 6.96045861e-04 5.41292130e-03 1.69451818e-04
 4.79895159e-03 1.87224103e-04 6.08011353e-07 1.02852033e-02
 7.15181909e-03 1.89853832e-05 3.13506265e-04 1.34798599e-06
 1.79834359e-04 1.01846555e-04 1.19945238e-03 2.15792005e-03
 4.11223965e-04 1.34133406e-06 2.20652887e-04 1.36392121e-04
 1.35525987e-06 8.57100730e-05 7.43405534e-04 5.18410683e-04
 5.01369829e-04 6.28040489e-04 6.34046122e-04 4.87548467e-04
 3.17368920e-05 2.29181065e-04 8.15233821e-05 6.73652707e-03
 1.58352585e-04 4.03384409e-06 2.22305460e-06 2.50944519e-03
 2.70444490e-06 3.04384459e-06 2.48098829e-04 4.95233189e-06
 4.57437564e-07 2.64432390e-05 1.32572825e-08 3.15092051e-08
 1.11588320e-07 1.77684738e-06 1.53121672e-06 1.21888981e-03
 2.31612744e-01 4.98306391e-04 3.54453361e-05 7.81741741e-06
 9.26902291e-07 4.50660997e-07 3.36897418e-05 1.12448977e-08
 1.14943371e-08 1.42688590e-05 9.56303425e-06 5.12855377e-06
 1.17974124e-07 1.70659633e-05 6.19366042e-08 1.29733647e-07
 2.63017486e-08 1.73402558e-07 5.95533706e-06 1.34034363e-05]","[6.48742717e-01 2.86787983e-01 2.93866713e-01 1.54401540e-01
 5.42984636e-02 9.66186042e-03 2.33619233e-03 1.60869418e-03
 9.86163009e-04 5.72149880e-04 3.82597248e-04 3.80525827e-04
 2.60430309e-04 1.47561204e-04 1.09347890e-04 1.50554699e-04
 7.35635197e-05 7.14523916e-05 6.35190075e-05 5.24487729e-05
 4.27057976e-05 5.04240715e-05 3.66570966e-05 3.32083909e-05
 3.16921716e-05 2.80083632e-05 2.97622583e-05 3.97985960e-05
 2.97207455e-05 2.91963236e-05 2.89749004e-05 2.88143705e-05
 2.43244443e-05 2.31531514e-05 2.23609269e-05 2.10862739e-05
 2.03567515e-05 2.15143907e-05 2.04770834e-05 1.89929545e-05
 1.76959681e-05 1.89355230e-05 1.60297741e-05 1.61998337e-05
 1.28387952e-05 1.41403035e-05 1.22600250e-05 1.28691921e-05
 1.15244758e-05 1.23258678e-05 1.17896622e-05 1.32240212e-05
 1.30682347e-05 1.25255307e-05 1.28616502e-05 1.18360953e-05
 1.24090756e-05 1.27113953e-05 1.19329097e-05 1.21598133e-05
 1.18944338e-05 1.18064205e-05 1.17749588e-05 1.17249773e-05
 1.34871626e-05 1.30866810e-05 1.40323183e-05 1.28551222e-05
 1.38246953e-05 1.50784645e-05 1.30602182e-05 1.53629763e-05
 1.55509463e-05 1.66414514e-05 1.84686023e-05 1.70102788e-05
 1.59956769e-05 1.68443427e-05 1.60548871e-05 1.87205764e-05
 4.15241327e-05 3.48206044e-05 3.32060575e-05 3.89054203e-05
 3.63310233e-05 4.91385117e-05 4.05394671e-05 4.01279169e-05
 4.09380881e-05 3.71385983e-05 3.18941443e-05 3.33127392e-05
 2.65227604e-05 2.74314918e-05 3.14639826e-05 2.89529987e-05
 2.57916456e-05 2.67667936e-05 2.90639912e-05 3.45365832e-05]","[0.00057109 0.00107456 0.00154842 0.00130357 0.00121079 0.00165098
 0.00172824 0.00230792 0.0020269  0.00171458 0.00147943 0.00205003
 0.00194194 0.00148759 0.00151948 0.0027834  0.0019059  0.00225836
 0.00244573 0.00237105 0.00225193 0.00284801 0.00226772 0.00218867
 0.00222202 0.00205065 0.00228811 0.00316445 0.00250409 0.00257855
 0.00263218 0.00274366 0.00245478 0.00246213 0.00252624 0.00253675
 0.00253721 0.00273834 0.00273436 0.00263096 0.00254095 0.00281835
 0.00244728 0.00258961 0.00207286 0.00230399 0.00203395 0.00217288
 0.0019683  0.00210285 0.00196714 0.00215241 0.00214104 0.00206048
 0.00207055 0.00184622 0.00186503 0.00194642 0.00186456 0.00190522
 0.00183683 0.0018181  0.00182871 0.00183286 0.00208528 0.00200226
 0.00213205 0.00192412 0.002      0.00210552 0.00180777 0.00208361
 0.00208813 0.0021893  0.00229729 0.0014237  0.00108482 0.00203017
 0.00210029 0.0025148  0.00560868 0.00471794 0.00443678 0.00520559
 0.00489233 0.00650762 0.00519356 0.00446989 0.00441447 0.00457435
 0.00414095 0.00439704 0.0035183  0.0037144  0.00427564 0.00400025
 0.00362351 0.00398841 0.00449478 0.00552159]"
h12,"[0.         0.         0.         0.         0.         0.
 0.         0.         0.         0.         0.         0.
 0.         0.         0.         0.         0.         0.04479055
 0.32130894 0.67922424 1.05048851 0.79575348 0.89077836 0.69838977
 0.57466327 0.81948806 1.11224337 1.67400692 1.49945759 2.29990977
 1.81064673 2.07614221 1.87219871 2.03960145 2.43410585 2.63631002
 2.84055954 2.60784851 2.34067182 2.27831418 1.99550428 2.34533621
 2.28709173 2.448052   2.4950056  2.55740891 2.42660895 2.24415368
 1.99417238 1.91214851 1.95117395 1.80602773 1.80285803 1.55377656
 1.66088293 1.42723375 1.41872385 1.40075044 1.33057578 1.34860009
 1.37756119 1.36296167 1.41233625 1.32195824 1.18955473 1.28801676
 1.28080407 1.26507279 1.17151259 1.13770729 1.19070213 1.16389826
 1.09488906 1.09443579 1.52144841 2.174815   2.3550686  1.46000724
 0.93830697 0.84222659 0.8060204  0.82810716 0.76728522 0.94243861
 0.84082915 0.90428651 0.9593758  0.92510712 0.93019325 0.98934829
 0.95615303 0.9767967  0.9592845  0.99251037 1.02582399 0.98273318
 0.94562184 1.01601902 1.04576568 1.1923624 ]","[0.00000000e+00 0.00000000e+00 0.00000000e+00 0.00000000e+00
 0.00000000e+00 0.00000000e+00 0.00000000e+00 0.00000000e+00
 0.00000000e+00 0.00000000e+00 0.00000000e+00 0.00000000e+00
 0.00000000e+00 0.00000000e+00 0.00000000e+00 0.00000000e+00
 0.00000000e+00 2.85306035e-06 2.28056101e-05 5.31323457e-05
 8.95229563e-05 7.36415732e-05 8.94830448e-05 7.52101481e-05
 6.66821971e-05 1.02142349e-04 1.49305083e-04 2.37964966e-04
 2.33444105e-04 3.85371413e-04 3.24667582e-04 3.97416096e-04
 3.79506219e-04 4.34637914e-04 5.48980979e-04 6.30135848e-04
 7.16439795e-04 6.95332398e-04 6.63962777e-04 6.81700220e-04
 6.30381827e-04 7.78087788e-04 7.91458886e-04 8.85847572e-04
 9.38066578e-04 1.00240934e-03 9.93424771e-04 9.53895465e-04
 8.91414693e-04 8.91459947e-04 9.43169526e-04 9.08479468e-04
 9.42595328e-04 8.42606033e-04 9.23700863e-04 7.87466472e-04
 6.84681810e-04 7.04822133e-04 7.45908368e-04 8.80547631e-04
 9.40396315e-04 9.67470386e-04 1.03970067e-03 1.01139832e-03
 9.39953155e-04 1.04753138e-03 1.07282520e-03 1.09299928e-03
 1.03790708e-03 1.03255514e-03 1.10031169e-03 1.09349800e-03
 1.05819752e-03 1.06836178e-03 1.16826860e-03 1.10079131e-03
 1.10618389e-03 1.06308824e-03 9.44204986e-04 9.71469150e-04
 9.68558469e-04 1.04612574e-03 1.00181423e-03 1.25022622e-03
 1.14279019e-03 1.24632101e-03 1.22553522e-03 1.00643818e-03
 1.04216339e-03 1.31950365e-03 1.56016605e-03 1.67172301e-03
 1.61340789e-03 1.59938526e-03 1.67883788e-03 1.62684487e-03
 1.64781456e-03 2.09444759e-03 2.35161667e-03 2.80469850e-03]","[0.00000000e+00 0.00000000e+00 0.00000000e+00 0.00000000e+00
 0.00000000e+00 0.00000000e+00 0.00000000e+00 0.00000000e+00
 0.00000000e+00 0.00000000e+00 0.00000000e+00 0.00000000e+00
 0.00000000e+00 0.00000000e+00 0.00000000e+00 0.00000000e+00
 0.00000000e+00 2.78185577e-09 2.20633499e-08 5.21635442e-08
 8.25705543e-08 6.60055526e-08 7.74807067e-08 6.44672221e-08
 5.65767621e-08 8.56558306e-08 1.14453948e-07 1.82903422e-07
 1.65126119e-07 2.57835144e-07 2.37326563e-03 8.35328754e-05
 2.41676851e-07 4.26624379e-07 3.59729534e-07 3.96506220e-07
 1.89336242e-04 7.06407472e-07 4.21573630e-07 4.53214414e-07
 4.08843956e-07 2.60255444e-05 4.50147532e-07 4.83230895e-07
 2.09728871e-04 1.32521628e-03 9.62305728e-04 3.60203583e-04
 4.13944782e-07 6.63571527e-04 1.60437714e-04 4.60407838e-07
 2.26048188e-05 1.02713618e-04 9.33366278e-04 4.21573251e-04
 4.57333278e-03 4.44534876e-03 3.45464501e-03 1.26906437e-03
 6.12891190e-04 8.10185319e-04 1.24360333e-04 8.47874737e-05
 5.23366498e-05 3.09292857e-04 1.95139467e-04 1.56635165e-04
 7.53954011e-04 1.01017466e-04 8.42482042e-04 1.79249866e-03
 2.28209841e-03 9.39914123e-03 2.22433326e-01 6.73625697e-01
 7.60489605e-01 3.02591227e-01 5.19117230e-02 1.22175190e-02
 9.53078122e-03 8.61735527e-03 5.77166555e-03 6.62425397e-03
 5.14619264e-03 4.14260135e-03 4.71200719e-03 3.35954233e-03
 3.08827812e-03 2.25007572e-03 1.83849107e-03 1.94763838e-03
 2.72870672e-03 1.67296980e-03 1.48618674e-03 1.22010090e-03
 7.23492754e-04 5.92981134e-04 4.41619434e-04 3.94303945e-04]","[0.00000000e+00 0.00000000e+00 0.00000000e+00 0.00000000e+00
 0.00000000e+00 0.00000000e+00 0.00000000e+00 0.00000000e+00
 0.00000000e+00 0.00000000e+00 0.00000000e+00 0.00000000e+00
 0.00000000e+00 0.00000000e+00 0.00000000e+00 0.00000000e+00
 0.00000000e+00 4.06418568e-11 3.74487449e-10 1.01704948e-09
 1.78957610e-09 1.89784972e-09 2.62530741e-09 2.25076675e-09
 2.60427432e-09 4.46684958e-09 6.45062257e-09 4.42939937e-09
 1.14370883e-08 2.16597774e-08 2.20898706e-04 1.03964547e-05
 3.02815049e-08 5.38333376e-08 6.08163313e-08 8.32621569e-08
 4.44282604e-05 1.85113203e-07 1.32354668e-07 1.48203830e-07
 1.87511013e-07 1.31855838e-05 2.29427024e-07 2.77127626e-07
 1.19177023e-04 7.25961041e-04 6.08016894e-04 1.43184249e-04
 3.57032166e-07 7.20061807e-04 1.33235212e-04 5.00741083e-07
 2.50096012e-05 1.28576524e-04 4.98105113e-04 1.88597630e-05
 2.55144921e-05 3.19470644e-05 5.00490176e-05 5.17463475e-04
 2.66180100e-04 1.58036962e-03 2.50920134e-04 1.98163349e-04
 1.51622147e-04 7.19256718e-04 4.01160095e-04 3.45890163e-04
 1.81982750e-03 2.45086754e-04 8.74466818e-04 9.40888460e-04
 8.96448867e-04 1.24996856e-03 1.50043320e-03 1.23948929e-03
 1.18329530e-03 1.33380447e-03 1.09516452e-03 1.44057402e-03
 1.28088606e-03 2.20269062e-03 1.93169484e-03 1.99532414e-03
 1.64142916e-03 1.25840805e-03 1.23817109e-04 2.75074145e-05
 2.55273737e-05 3.79095039e-05 5.96212110e-04 1.57896008e-03
 2.73815013e-04 5.68046489e-05 4.44095376e-05 2.79213827e-05
 1.72734855e-05 7.79095948e-05 2.11751793e-03 3.91970266e-03]","[0.00000000e+00 0.00000000e+00 0.00000000e+00 0.00000000e+00
 0.00000000e+00 0.00000000e+00 0.00000000e+00 0.00000000e+00
 0.00000000e+00 0.00000000e+00 0.00000000e+00 0.00000000e+00
 0.00000000e+00 0.00000000e+00 0.00000000e+00 0.00000000e+00
 0.00000000e+00 6.42071826e-09 5.42676474e-08 2.21533363e-07
 2.93080985e-07 2.70223337e-07 3.78719095e-07 2.91702670e-07
 3.22951090e-07 4.68166816e-07 6.49317880e-07 1.04389966e-06
 9.38377211e-07 1.53742221e-06 1.21892176e-06 1.43267360e-06
 1.43874814e-06 1.67913599e-06 2.15552781e-06 2.37654770e-06
 2.80389969e-06 3.09353941e-06 3.47769441e-06 2.61308937e-06
 2.23235129e-06 2.81561102e-06 2.81334469e-06 2.89760555e-06
 3.02196410e-06 3.01563174e-06 2.96928510e-06 2.92307279e-06
 2.55969019e-06 3.45612424e-06 3.73879186e-06 3.73770882e-06
 3.30619032e-06 4.44383756e-06 3.20237036e-06 4.15545908e-06
 5.66507392e-06 6.69294367e-06 8.00482298e-06 7.31555227e-06
 9.49380740e-06 8.74553862e-06 1.06559921e-05 9.47948605e-06
 9.98510029e-06 1.04564519e-05 1.22851130e-05 1.21484649e-05
 1.08658157e-05 1.10767172e-05 1.13318732e-05 1.12757566e-05
 1.45162841e-05 1.15045739e-05 1.27860093e-05 1.92073256e-05
 1.84582000e-05 1.35629328e-05 8.45780032e-06 1.09926708e-05
 8.44736102e-06 9.47371918e-06 9.37620626e-06 8.16926224e-06
 8.77131339e-06 8.38104261e-06 8.28460013e-06 1.05322662e-05
 9.69893682e-06 1.17173601e-05 1.09509315e-05 1.02510294e-05
 8.59612284e-06 1.15673848e-05 1.10946155e-05 1.02698162e-05
 1.02477672e-05 1.12464782e-05 1.14556960e-05 1.65035063e-05]","[0.00000000e+00 0.00000000e+00 0.00000000e+00 0.00000000e+00
 0.00000000e+00 0.00000000e+00 0.00000000e+00 0.00000000e+00
 0.00000000e+00 0.00000000e+00 0.00000000e+00 0.00000000e+00
 0.00000000e+00 0.00000000e+00 0.00000000e+00 0.00000000e+00
 0.00000000e+00 2.02936669e-07 2.08951838e-06 1.00148412e-05
 1.54545318e-05 1.52625195e-05 2.34287670e-05 1.92253315e-05
 2.26429599e-05 3.42771073e-05 4.99192025e-05 8.30021523e-05
 7.90619404e-05 1.35781659e-04 1.10731117e-04 1.36417077e-04
 1.45195943e-04 1.78561041e-04 2.43522060e-04 2.85906268e-04
 3.49470541e-04 3.93744467e-04 4.64386375e-04 3.61972185e-04
 3.20542166e-04 4.19073794e-04 4.29516330e-04 4.63193501e-04
 4.87904229e-04 4.91361149e-04 4.92607139e-04 4.93542099e-04
 4.37176501e-04 5.89630243e-04 6.23827513e-04 6.08369511e-04
 5.41670555e-04 7.31021329e-04 5.15538501e-04 6.48176789e-04
 8.51434351e-04 1.02485287e-03 1.25077951e-03 1.14621593e-03
 1.46610377e-03 1.34674733e-03 1.65493308e-03 1.48184098e-03
 1.54381622e-03 1.59983426e-03 1.86658628e-03 1.81834803e-03
 1.57194580e-03 1.54672788e-03 1.56853552e-03 1.52927594e-03
 1.94919914e-03 1.51350800e-03 1.59043812e-03 1.60758783e-03
 1.25182630e-03 1.63467956e-03 1.10644345e-03 1.47668225e-03
 1.14098861e-03 1.28362133e-03 1.25278806e-03 1.09305772e-03
 1.18114421e-03 1.10993752e-03 1.06134983e-03 1.17320047e-03
 1.04586493e-03 1.44322248e-03 1.42180593e-03 1.35306090e-03
 1.14029264e-03 1.56629771e-03 1.50764625e-03 1.41891385e-03
 1.43972522e-03 1.67579189e-03 1.77163754e-03 2.63852192e-03]"
h13,"[0.         0.         0.         0.         0.         0.
 0.         0.         0.         0.         0.         0.
 0.         0.         0.         0.         0.         0.
 0.         0.         0.03266718 0.02970149 0.         0.
 0.06952456 0.06380876 0.09828926 0.01816856 0.01691802 0.04755938
 0.11459925 0.13852168 0.10416081 0.09817662 0.23940461 0.16410999
 0.06192743 0.09792797 0.07432132 0.12355699 0.12356525 0.22800516
 0.29026949 0.33147661 0.35121407 0.48489931 0.62773293 0.67887916
 0.68033382 0.64783469 0.71066179 0.84135668 0.89635746 0.83244943
 0.73168604 0.54132676 0.61147418 0.47783461 0.59303038 0.57381839
 0.57448644 0.61865904 0.63263051 0.60156643 0.5298823  0.54991302
 0.58408918 0.64221297 0.57993081 0.61375044 0.70490614 0.76718597
 0.84427575 0.81894163 0.6928257  0.78464744 0.80594681 0.81300688
 0.91519798 0.77376826 0.67452826 0.81923413 0.89229289 0.8658238
 0.90142938 0.97120795 0.93451263 1.17426339 1.02767234 0.85683545
 0.81808783 0.64971764 0.60160121 0.60172752 0.40951248 0.41952316
 0.47408178 0.56474685 0.64012084 0.64789879]","[0.00000000e+00 0.00000000e+00 0.00000000e+00 0.00000000e+00
 0.00000000e+00 0.00000000e+00 0.00000000e+00 0.00000000e+00
 0.00000000e+00 0.00000000e+00 0.00000000e+00 0.00000000e+00
 0.00000000e+00 0.00000000e+00 0.00000000e+00 0.00000000e+00
 0.00000000e+00 0.00000000e+00 0.00000000e+00 0.00000000e+00
 2.78390737e-06 2.74867104e-06 0.00000000e+00 0.00000000e+00
 8.06742056e-06 7.95322913e-06 1.31941317e-05 2.58271439e-06
 2.63389329e-06 7.96901934e-06 2.05488251e-05 2.65158845e-05
 2.11140382e-05 2.09213813e-05 5.39946012e-05 3.92258836e-05
 1.56192024e-05 2.61106005e-05 2.10822346e-05 3.69698019e-05
 3.90343893e-05 7.56429002e-05 1.00449125e-04 1.19947515e-04
 1.32048675e-04 1.90062526e-04 2.56986378e-04 2.88563013e-04
 3.04115918e-04 3.02026058e-04 3.43523726e-04 4.23224547e-04
 4.68646082e-04 4.51433577e-04 4.06927551e-04 2.98673341e-04
 2.95099888e-04 2.40434268e-04 3.32447298e-04 3.74665870e-04
 3.92174909e-04 4.39142429e-04 4.65715132e-04 4.60243952e-04
 4.18698296e-04 4.47238855e-04 4.89243909e-04 5.54860017e-04
 5.13792418e-04 5.57024791e-04 6.51394203e-04 7.20781485e-04
 8.15982682e-04 7.99431038e-04 5.31997345e-04 3.97152439e-04
 3.78556009e-04 5.91982035e-04 9.20950731e-04 8.92505656e-04
 8.10550272e-04 1.03491668e-03 1.16503184e-03 1.14859005e-03
 1.22515337e-03 1.33855460e-03 1.19377428e-03 1.27749909e-03
 1.15137633e-03 1.14276996e-03 1.33488345e-03 1.11194881e-03
 1.01182510e-03 9.69656485e-04 6.70197880e-04 6.94490750e-04
 8.26121853e-04 1.16418361e-03 1.43944181e-03 1.52400038e-03]","[0.00000000e+00 0.00000000e+00 0.00000000e+00 0.00000000e+00
 0.00000000e+00 0.00000000e+00 0.00000000e+00 0.00000000e+00
 0.00000000e+00 0.00000000e+00 0.00000000e+00 0.00000000e+00
 0.00000000e+00 0.00000000e+00 0.00000000e+00 0.00000000e+00
 0.00000000e+00 0.00000000e+00 0.00000000e+00 0.00000000e+00
 3.11840331e-09 2.47518460e-09 0.00000000e+00 0.00000000e+00
 6.78057575e-09 6.43637721e-09 1.35535420e-08 2.24860007e-09
 3.23815946e-09 5.82607156e-09 1.59661458e-08 1.89771226e-08
 1.41016373e-08 1.33856882e-08 3.52046016e-08 2.46610740e-08
 1.00905660e-08 4.19787241e-04 1.22708060e-08 2.27524895e-08
 2.19131047e-08 5.42586138e-08 6.15765600e-08 7.13297902e-08
 7.19825777e-08 1.03296035e-07 1.44398485e-07 1.57398185e-07
 1.61573893e-07 1.61349870e-07 1.70149423e-07 2.10860453e-07
 2.23239919e-07 2.01666308e-07 1.96903226e-07 1.45476678e-07
 1.58054069e-07 1.28806876e-07 1.68854555e-07 1.67209945e-07
 1.62693613e-07 1.70817794e-07 1.87996053e-07 1.84186364e-07
 1.65098156e-07 2.38180754e-05 1.80143247e-07 1.95971290e-05
 2.02094166e-07 2.84757909e-07 3.93270285e-07 4.82188119e-07
 1.22703863e-05 1.23387484e-06 1.45319644e-04 1.03454636e-04
 8.60838083e-07 1.62037363e-05 9.30383109e-06 2.49474754e-05
 1.20284237e-05 6.23338236e-07 5.19596388e-06 7.34020508e-07
 6.88565053e-07 9.34415264e-07 7.94550531e-07 1.24299344e-06
 1.00637847e-06 7.85564403e-07 9.55916240e-07 6.96416954e-07
 5.26063555e-07 6.05042452e-07 7.07322119e-07 5.38069884e-07
 5.73398523e-07 6.60587461e-07 8.19925007e-07 8.96923524e-07]","[0.00000000e+00 0.00000000e+00 0.00000000e+00 0.00000000e+00
 0.00000000e+00 0.00000000e+00 0.00000000e+00 0.00000000e+00
 0.00000000e+00 0.00000000e+00 0.00000000e+00 0.00000000e+00
 0.00000000e+00 0.00000000e+00 0.00000000e+00 0.00000000e+00
 0.00000000e+00 0.00000000e+00 0.00000000e+00 0.00000000e+00
 6.75860793e-11 7.11686852e-11 0.00000000e+00 0.00000000e+00
 3.12115410e-10 3.35649408e-10 7.63877396e-10 5.44546822e-11
 2.24283813e-10 4.89426736e-10 1.48609616e-09 2.36188202e-09
 1.76689988e-09 1.68906492e-09 5.95173459e-09 5.17856747e-09
 2.36777854e-09 1.10004726e-04 3.85246689e-09 7.44020042e-09
 1.00501631e-08 2.74895883e-08 3.13837706e-08 4.09068535e-08
 4.09036165e-08 5.65861573e-08 9.12357850e-08 6.25672316e-08
 1.39359353e-07 1.75085690e-07 1.41300283e-07 2.29332525e-07
 2.46988989e-07 2.52445133e-07 1.05080402e-07 6.50813510e-09
 8.81779108e-10 9.25687003e-10 2.44627294e-09 6.81801815e-08
 7.06582228e-08 3.33201855e-07 3.79317052e-07 4.30476168e-07
 4.78298419e-07 5.53886401e-05 3.70331453e-07 4.32754302e-05
 4.87797021e-07 6.90874499e-07 4.08200766e-07 2.53102134e-07
 4.82002611e-06 1.64089966e-07 9.80259672e-07 1.90359296e-07
 1.33943403e-09 7.14251240e-08 1.96279860e-07 2.94156981e-06
 1.61655586e-06 1.59332097e-07 1.73901563e-06 2.21097929e-07
 2.19624649e-07 2.83849590e-07 2.08783531e-08 1.01774386e-08
 8.31861584e-09 1.32352687e-08 3.09998155e-07 5.64588676e-07
 5.27884136e-08 2.05438401e-08 2.11358690e-08 1.23134530e-08
 1.36899659e-08 8.67921397e-08 3.93145267e-06 8.91615101e-06]","[0.00000000e+00 0.00000000e+00 0.00000000e+00 0.00000000e+00
 0.00000000e+00 0.00000000e+00 0.00000000e+00 0.00000000e+00
 0.00000000e+00 0.00000000e+00 0.00000000e+00 0.00000000e+00
 0.00000000e+00 0.00000000e+00 0.00000000e+00 0.00000000e+00
 0.00000000e+00 0.00000000e+00 0.00000000e+00 0.00000000e+00
 2.28170687e-08 1.36251327e-08 0.00000000e+00 0.00000000e+00
 4.81129099e-08 4.23834931e-08 1.00086574e-07 1.66029825e-08
 2.34173091e-08 4.46216297e-08 1.18367121e-07 1.42567544e-07
 1.06876442e-07 8.90083948e-08 2.60139560e-07 1.96729519e-07
 8.05124154e-08 1.13092492e-07 9.59465102e-08 1.85812387e-07
 1.68693561e-07 4.27391029e-07 4.58271538e-07 5.14833856e-07
 5.44260456e-07 7.69848991e-07 1.17915779e-06 1.35768646e-06
 1.28801892e-06 1.34355598e-06 1.33239456e-06 1.81172891e-06
 1.93818042e-06 1.61308868e-06 1.81691579e-06 1.40054324e-06
 1.45753650e-06 1.27824382e-06 1.86307924e-06 1.79179979e-06
 1.67141297e-06 1.48581050e-06 1.98720276e-06 2.21084775e-06
 2.09552899e-06 2.42450713e-06 2.44812758e-06 3.16710745e-06
 3.41700563e-06 7.29290471e-06 1.12610803e-05 1.81692510e-05
 2.02966602e-05 1.57884455e-05 1.18363975e-05 1.35590371e-05
 1.22842529e-05 1.31533157e-05 1.62088250e-05 1.45815127e-05
 1.19713842e-05 1.08220428e-05 1.22188392e-05 1.22421784e-05
 1.33859231e-05 1.41886196e-05 1.42900473e-05 2.29361040e-05
 1.84890134e-05 1.61263931e-05 1.36350563e-05 1.12011817e-05
 1.07293332e-05 9.34816178e-06 6.19652708e-06 5.23318633e-06
 6.26055935e-06 6.83180309e-06 8.60888438e-06 1.05804213e-05]","[0.00000000e+00 0.00000000e+00 0.00000000e+00 0.00000000e+00
 0.00000000e+00 0.00000000e+00 0.00000000e+00 0.00000000e+00
 0.00000000e+00 0.00000000e+00 0.00000000e+00 0.00000000e+00
 0.00000000e+00 0.00000000e+00 0.00000000e+00 0.00000000e+00
 0.00000000e+00 0.00000000e+00 0.00000000e+00 0.00000000e+00
 1.20317295e-06 7.69562896e-07 0.00000000e+00 0.00000000e+00
 3.37332409e-06 3.10313224e-06 7.69460095e-06 1.32013002e-06
 1.97299964e-06 3.94088160e-06 1.07528835e-05 1.35750722e-05
 1.07857834e-05 9.46524388e-06 2.93894243e-05 2.36671886e-05
 1.00348516e-05 1.43943674e-05 1.28120090e-05 2.57392328e-05
 2.42226212e-05 6.36126151e-05 6.99648037e-05 8.22981916e-05
 8.78723141e-05 1.25437692e-04 1.95623366e-04 2.29236653e-04
 2.19984280e-04 2.29216655e-04 2.22313629e-04 2.94886703e-04
 3.17542295e-04 2.65356736e-04 2.92498974e-04 2.18459525e-04
 2.19060980e-04 1.95730296e-04 2.91112164e-04 2.80742914e-04
 2.58111920e-04 2.28803668e-04 3.08623311e-04 3.45601520e-04
 3.23993906e-04 3.70948923e-04 3.71965756e-04 4.74043729e-04
 4.94334506e-04 1.01836482e-03 1.55873652e-03 2.46420700e-03
 2.72536913e-03 2.07708158e-03 1.47231692e-03 1.13484529e-03
 8.33112163e-04 1.58531025e-03 2.12042702e-03 1.95878339e-03
 1.61697991e-03 1.46630955e-03 1.63260230e-03 1.63801911e-03
 1.80254711e-03 1.87905992e-03 1.83071470e-03 2.55487731e-03
 1.99372477e-03 1.98628129e-03 1.77029725e-03 1.47847406e-03
 1.42326720e-03 1.26580076e-03 8.42045482e-04 7.23035386e-04
 8.79556003e-04 1.01797914e-03 1.33137461e-03 1.69156014e-03]"
h16,"[1.11053967e+05 2.13599903e+04 1.83886710e+04 1.35477477e+04
 7.25576211e+03 2.51150376e+03 1.27905010e+03 8.09906038e+02
 6.08838983e+02 4.76825418e+02 4.24197096e+02 3.38992687e+02
 2.83931593e+02 2.44222097e+02 2.09642082e+02 1.83683086e+02
 1.54060234e+02 1.45809295e+02 1.31302792e+02 1.22050318e+02
 1.14367470e+02 1.06673362e+02 9.32777289e+01 8.77661695e+01
 7.79918681e+01 6.94135080e+01 7.06901617e+01 6.29101065e+01
 5.93016227e+01 5.07553536e+01 4.65759357e+01 4.49499199e+01
 4.33649478e+01 3.97960922e+01 3.85646634e+01 3.62667544e+01
 3.38540519e+01 3.02511403e+01 2.73741670e+01 2.57226328e+01
 2.41287517e+01 2.35629446e+01 2.13086930e+01 2.04173118e+01
 1.88778005e+01 1.82628969e+01 1.81357738e+01 1.69597283e+01
 1.58758811e+01 1.48331066e+01 1.33621673e+01 1.28139513e+01
 1.30521896e+01 1.23386442e+01 1.16255770e+01 1.07808553e+01
 1.01699837e+01 9.33246804e+00 8.76087567e+00 8.06179620e+00
 7.54573424e+00 7.29741486e+00 6.91334518e+00 6.36033389e+00
 5.71818045e+00 5.58014679e+00 5.78156775e+00 5.45198644e+00
 5.76225620e+00 5.00460976e+00 5.16975783e+00 5.36076158e+00
 5.28340215e+00 4.53894210e+00 4.62781251e+00 3.84721166e+00
 3.43339533e+00 3.41553020e+00 3.35079935e+00 3.26031253e+00
 2.79674348e+00 2.57494045e+00 2.57117390e+00 2.34377781e+00
 2.31347474e+00 2.19889119e+00 2.06716170e+00 2.18839896e+00
 1.96588017e+00 1.78311053e+00 1.84756980e+00 1.95225647e+00
 2.53787730e+00 2.52424962e+00 1.95271210e+00 1.75083690e+00
 1.80017685e+00 1.81619320e+00 1.94030747e+00 1.92951369e+00]","[0.00996473 0.00988557 0.01029869 0.01043977 0.01070422 0.01057528
 0.0099297  0.00929155 0.00926381 0.00923115 0.00972458 0.00921572
 0.00891099 0.00894686 0.00896636 0.00911219 0.00873871 0.00928773
 0.00931951 0.00954739 0.00974643 0.00987189 0.0093702  0.00945161
 0.00904994 0.00865181 0.00948929 0.00894286 0.00923241 0.00850453
 0.00835154 0.00860433 0.00879034 0.00848052 0.00869776 0.00866855
 0.0085386  0.00806588 0.00776505 0.00769653 0.0076223  0.00781723
 0.00737397 0.00738817 0.00709763 0.00715838 0.00742457 0.00720887
 0.00709668 0.00691532 0.00645908 0.00644575 0.00682413 0.00669119
 0.00646557 0.00594826 0.00490807 0.00469586 0.00491127 0.00526383
 0.00515112 0.00517992 0.0050893  0.00486614 0.00451835 0.00453828
 0.00484275 0.00471041 0.0051051  0.00454206 0.0047773  0.00503651
 0.00510635 0.00443081 0.00355354 0.00194728 0.00161268 0.00248698
 0.00337186 0.00376062 0.00336072 0.00325285 0.00335708 0.00310922
 0.0031443  0.00303059 0.00264065 0.00238079 0.00220252 0.00237815
 0.0030147  0.00334116 0.00426842 0.00406771 0.00319576 0.00289839
 0.00313694 0.00374395 0.00436318 0.00453864]","[2.96513670e+04 7.07791345e+03 7.07982651e+03 5.41891567e+03
 2.88263139e+03 7.93268154e+02 2.95057433e+02 1.33226500e+02
 7.75508026e+01 4.42848937e+01 4.26707873e+01 2.76030643e+01
 1.68305367e+01 1.16453837e+01 7.97394967e+00 8.36948145e+00
 5.06321064e+00 6.95927415e+00 4.81368558e+00 5.68301061e+00
 4.60526310e+00 4.09728425e+00 2.94146133e+00 2.08243083e+00
 1.72538465e+00 1.24836328e+00 1.81879251e+00 1.34313978e+00
 1.13363396e+00 7.23866674e-01 5.95889752e-01 5.45094915e-01
 5.57796161e-01 3.71324523e-01 5.06784542e-01 4.40392593e-01
 3.18254571e-01 1.82040709e-01 2.22775052e-01 1.10795983e-01
 1.26751834e-01 1.75334719e-01 4.81639020e-02 7.40209531e-02
 7.46543113e-02 6.41372327e-02 1.20300198e-01 8.75806353e-02
 8.42186914e-02 4.05740795e-02 2.31240872e-02 2.39736173e-02
 3.28791477e-02 2.39071834e-02 2.45472098e-02 1.48903306e-02
 4.57942979e-02 3.15572785e-02 3.73816910e-02 8.67919606e-03
 8.15719629e-03 8.66277775e-03 8.10839346e-03 2.38927365e-03
 5.85241328e-03 1.00755770e-02 1.57709288e-02 1.78633100e-02
 3.24165674e-02 1.34322956e-02 7.56777304e-03 9.26327339e-03
 1.11017123e-02 3.26759454e-03 1.36991873e-02 4.04137325e-03
 2.28009172e-03 3.80113270e-03 2.67859032e-03 4.29726869e-03
 1.14021891e-03 4.69886975e-04 5.53309383e-04 1.57598781e-04
 2.22090875e-04 1.42499816e-04 1.42292630e-04 2.90856327e-04
 1.44809000e-04 2.20700000e-04 2.32208375e-04 3.01950689e-03
 1.35437958e-01 1.42337967e-01 4.20137868e-03 1.51943490e-04
 3.95778685e-04 3.43109353e-04 6.37257452e-04 8.44533946e-04]","[1.00348466e-02 1.00208931e-02 1.03859238e-02 1.05971359e-02
 1.11411357e-02 1.18222119e-02 1.22910314e-02 1.32234406e-02
 1.54213818e-02 1.75557602e-02 2.80773446e-02 3.96162085e-02
 3.20992237e-02 4.28986874e-02 4.64483907e-02 6.58268188e-02
 6.07830703e-02 1.01672353e-01 8.17040404e-02 1.10803495e-01
 9.98112325e-02 1.17808721e-01 9.96666209e-02 7.27046384e-02
 7.94208569e-02 6.51006585e-02 1.02507115e-01 3.25270158e-02
 7.85185999e-02 6.08093635e-02 5.54641981e-02 6.78422068e-02
 6.98904637e-02 4.68553590e-02 8.56776374e-02 9.24778360e-02
 7.46792943e-02 4.77035424e-02 6.99410871e-02 3.62309503e-02
 5.81330956e-02 8.88315953e-02 2.45477313e-02 4.24502060e-02
 4.24218113e-02 3.51347421e-02 7.60096821e-02 3.48141109e-02
 7.26395963e-02 4.40281776e-02 1.92033567e-02 2.60737852e-02
 3.63769503e-02 2.99269230e-02 1.30999919e-02 6.66143084e-04
 2.55485071e-04 2.26790397e-04 5.41565603e-04 3.53895913e-03
 3.54268973e-03 1.68978510e-02 1.63601940e-02 5.58415585e-03
 1.69547624e-02 2.34306299e-02 3.24212595e-02 3.94467183e-02
 7.82442430e-02 3.25891931e-02 7.85508305e-03 4.86232276e-03
 4.36095016e-03 4.34549322e-04 9.24084347e-05 7.43623483e-06
 3.54774320e-06 1.67551711e-05 5.65093377e-05 5.06693188e-04
 1.53239328e-04 1.20108270e-04 1.85184826e-04 4.74711043e-05
 7.08380861e-05 4.32875143e-05 3.73901426e-06 2.38148675e-06
 1.19697557e-06 3.71837599e-06 7.53038445e-05 2.44792920e-03
 1.35906677e-02 4.83299713e-03 1.25543635e-04 3.47714876e-06
 9.44926864e-06 4.50798670e-05 3.05558129e-03 8.39535589e-03]","[1.05795581e+01 2.46796039e+00 1.76968945e+00 1.23733882e+00
 4.91969892e-01 6.36036032e-02 1.07573653e-02 5.94400422e-03
 3.81966257e-03 2.56131461e-03 2.29546939e-03 1.56458875e-03
 1.10170117e-03 6.97613647e-04 5.21212940e-04 5.20205526e-04
 2.44068799e-04 2.28125325e-04 1.90060237e-04 1.78880625e-04
 1.58259269e-04 1.51614672e-04 1.38521835e-04 1.28509129e-04
 1.20124299e-04 1.15227647e-04 1.06504081e-04 1.04577475e-04
 1.00779620e-04 8.55892610e-05 9.15242528e-05 8.60768187e-05
 8.27370503e-05 7.10292467e-05 7.82949208e-05 7.17912787e-05
 6.58927314e-05 6.41296150e-05 5.46515988e-05 5.80221107e-05
 5.42261752e-05 5.01010302e-05 5.75437770e-05 4.59556796e-05
 4.57820541e-05 4.58387092e-05 4.64234815e-05 4.32463220e-05
 4.40203812e-05 4.92955191e-05 4.08495675e-05 4.22180657e-05
 4.53265441e-05 4.31317913e-05 4.36510954e-05 4.14045897e-05
 4.16087421e-05 3.88516809e-05 3.52788892e-05 3.41061929e-05
 3.42016696e-05 3.21700298e-05 3.20268040e-05 3.23114405e-05
 2.87001136e-05 3.00261082e-05 2.83196581e-05 2.65445999e-05
 3.31227355e-05 2.85591798e-05 3.85391905e-05 4.06992721e-05
 4.39958957e-05 4.30452356e-05 3.33450510e-05 2.55682554e-05
 2.68041876e-05 2.53940381e-05 2.27948835e-05 2.25452933e-05
 2.19888702e-05 2.52510381e-05 2.83669430e-05 2.76904795e-05
 2.85560286e-05 2.36224484e-05 2.45389858e-05 3.00026772e-05
 2.41281136e-05 2.31879401e-05 2.59283948e-05 3.31643003e-05
 3.37750378e-05 3.10654892e-05 3.28766917e-05 3.07413799e-05
 3.10793291e-05 3.19331986e-05 3.02001162e-05 2.91512000e-05]","[0.00931327 0.00924715 0.00932474 0.01044652 0.01097032 0.01086836
 0.00795794 0.0085276  0.00785069 0.00767558 0.00887616 0.00842901
 0.008215   0.00703274 0.00724268 0.00961738 0.00632341 0.00721025
 0.00731807 0.00808664 0.00834521 0.00856337 0.0085694  0.00846969
 0.00842223 0.00843646 0.00818798 0.00831512 0.00849108 0.00755905
 0.00831438 0.00819611 0.00834968 0.00755332 0.00884542 0.00863672
 0.00821269 0.00816239 0.00729778 0.00803738 0.00778631 0.00745701
 0.00878527 0.00734619 0.00739164 0.00746887 0.0077017  0.00730186
 0.00751836 0.00841004 0.00681586 0.00687164 0.00742609 0.00709528
 0.00702724 0.00645837 0.0062536  0.00594914 0.00551244 0.00534383
 0.00528167 0.00495394 0.00497394 0.00505095 0.00443738 0.00459399
 0.00430286 0.00397312 0.00479183 0.00398794 0.00533452 0.00551984
 0.00590762 0.0056629  0.00414776 0.00213998 0.00181785 0.00306063
 0.00298201 0.00302858 0.00297005 0.00342134 0.00379021 0.00370502
 0.00384535 0.00312842 0.00314372 0.00334203 0.00260181 0.00285605
 0.00336639 0.00437745 0.00448033 0.00420647 0.00446761 0.00424734
 0.00436638 0.00475824 0.00467049 0.00466059]"
h17,"[9.61746943e+04 1.88241691e+04 1.61772037e+04 1.17608733e+04
 6.08789694e+03 1.97915829e+03 1.05448838e+03 6.29580358e+02
 4.92123103e+02 3.70833638e+02 2.77033817e+02 2.52065703e+02
 2.11752776e+02 1.76218596e+02 1.51394987e+02 1.26951862e+02
 1.17320334e+02 1.14716751e+02 1.04959199e+02 8.92282862e+01
 8.80827172e+01 8.52297193e+01 7.54035059e+01 7.52692449e+01
 6.48061267e+01 6.21357936e+01 5.88691821e+01 5.30706060e+01
 4.93155486e+01 5.08241199e+01 4.47849372e+01 3.87775939e+01
 3.80590551e+01 3.48252777e+01 3.41705504e+01 3.07180398e+01
 3.20578324e+01 2.76855999e+01 2.50818255e+01 2.48024437e+01
 2.28306433e+01 2.01256852e+01 1.81276157e+01 1.69452264e+01
 1.65642932e+01 1.60561605e+01 1.49284500e+01 1.57432376e+01
 1.26479659e+01 1.16535759e+01 1.14048748e+01 1.00987665e+01
 1.01333324e+01 9.37003424e+00 9.69985624e+00 8.49879338e+00
 7.52345154e+00 7.71292433e+00 6.78586581e+00 6.07574169e+00
 5.91328788e+00 5.28884940e+00 5.85847697e+00 4.93780789e+00
 4.68838434e+00 4.31027477e+00 3.70698223e+00 3.69757721e+00
 3.41268812e+00 3.03734114e+00 2.90872159e+00 2.78055317e+00
 2.90443461e+00 2.80882536e+00 3.15759619e+00 2.96843385e+00
 3.08841728e+00 2.66667914e+00 2.63300199e+00 2.09191363e+00
 1.89351668e+00 1.70078782e+00 1.66052727e+00 1.72201354e+00
 1.58921335e+00 1.46398321e+00 1.42002189e+00 1.32853209e+00
 1.18086023e+00 1.29502221e+00 1.70523760e+00 4.93364263e+00
 3.20598471e+01 3.10117618e+01 5.67341294e+00 1.87675699e+00
 1.36700985e+00 1.20712957e+00 1.53416443e+00 9.59528366e-01]","[0.00862963 0.00871198 0.00906014 0.00906282 0.0089813  0.00833371
 0.00818635 0.00722278 0.00748792 0.00717919 0.00635091 0.00685256
 0.00664571 0.00645561 0.00647514 0.00629785 0.00665472 0.00730721
 0.00744971 0.00697989 0.00750644 0.00788743 0.00757465 0.0081058
 0.00751991 0.00774471 0.00790247 0.00754414 0.00767773 0.00851606
 0.0080304  0.00742282 0.00771481 0.00742125 0.00770672 0.00734228
 0.00808556 0.00738183 0.00711479 0.0074212  0.00721222 0.00667689
 0.00627315 0.00613177 0.00622781 0.00629342 0.00611153 0.00669179
 0.00565377 0.005433   0.00551295 0.00507995 0.00529805 0.00508133
 0.00539458 0.00468915 0.00363085 0.00388095 0.00380409 0.00396706
 0.00403672 0.00375418 0.00431276 0.0037778  0.00370463 0.0035055
 0.00310504 0.00319464 0.00302349 0.00275662 0.00268791 0.00261237
 0.0028071  0.00274191 0.00242461 0.00150248 0.00145064 0.00194171
 0.00264955 0.00241292 0.00227535 0.00214856 0.00216809 0.0022844
 0.00215994 0.00201772 0.00181398 0.00144533 0.001323   0.00172718
 0.00278246 0.0084436  0.05392103 0.04997404 0.00928497 0.00310684
 0.00238211 0.00248841 0.00344988 0.00225702]","[2.50568637e+04 6.29430806e+03 6.30746965e+03 4.68826721e+03
 2.41482431e+03 6.13327168e+02 2.51129186e+02 9.89552632e+01
 6.96368075e+01 4.06751891e+01 2.05181957e+01 1.54129004e+01
 1.29999949e+01 8.54753613e+00 5.33029703e+00 4.69364531e+00
 3.87541255e+00 4.43311860e+00 4.63097057e+00 3.23680809e+00
 3.11428593e+00 3.47283067e+00 2.46368333e+00 2.98333313e+00
 1.71653805e+00 1.71175334e+00 1.54282332e+00 9.94557108e-01
 7.31224875e-01 1.26625826e+00 1.20849257e+00 3.23078196e-01
 5.72923984e-01 2.16023253e-01 2.81688947e-01 2.93069846e-01
 4.67827644e-01 2.27218963e-01 2.48450587e-01 2.16345997e-01
 1.61582919e-01 1.33687999e-01 1.20341413e-01 8.27407389e-02
 1.06622713e-01 9.66460641e-02 9.75976355e-02 1.61982636e-01
 3.14286560e-02 4.61231221e-02 6.41256184e-02 3.83447347e-02
 4.07006335e-02 5.66522488e-02 6.88871742e-02 4.37943637e-02
 4.78403030e-02 5.89554863e-02 3.82630427e-02 2.99358046e-02
 2.38100704e-02 9.32265016e-03 4.37467605e-02 1.13101210e-02
 1.16828114e-02 6.30044084e-03 2.88376122e-03 8.16501799e-03
 1.98238763e-03 4.37474187e-03 3.76815331e-03 9.80013685e-04
 3.48973632e-03 6.59222191e-03 1.48288069e-02 1.10322074e-02
 1.95390607e-02 7.83384225e-03 8.63021140e-03 3.40806990e-03
 3.65897847e-03 2.28787878e-03 2.73751214e-03 2.96511592e-03
 1.98594413e-03 1.41446717e-03 2.48769880e-03 1.15521215e-03
 9.69785580e-04 2.13318592e-03 4.47010703e-03 1.08437761e-01
 8.62123834e+00 9.04098228e+00 1.68892236e-01 3.87765475e-03
 1.95483710e-03 1.51489279e-03 2.92499524e-03 6.51973778e-04]","[8.47993898e-03 8.91146644e-03 9.25289609e-03 9.16829266e-03
 9.33309942e-03 9.14052038e-03 1.04611386e-02 9.82183761e-03
 1.38476426e-02 1.61247732e-02 1.35009567e-02 2.21207569e-02
 2.47936090e-02 3.14869901e-02 3.10490697e-02 3.69159955e-02
 4.65237356e-02 6.47661798e-02 7.86027672e-02 6.31090937e-02
 6.74968421e-02 9.98538826e-02 8.34778924e-02 1.04158157e-01
 7.90136410e-02 8.92658985e-02 8.69534960e-02 2.40853373e-02
 5.06466421e-02 1.06373676e-01 1.12484014e-01 4.02101307e-02
 7.17859421e-02 2.72587627e-02 4.76226907e-02 6.15416008e-02
 1.09777020e-01 5.95424479e-02 7.80020206e-02 7.07464377e-02
 7.41079238e-02 6.77316980e-02 6.13344964e-02 4.74509076e-02
 6.05876409e-02 5.29432655e-02 6.16654453e-02 6.43895929e-02
 2.71075796e-02 5.00496138e-02 5.32530047e-02 4.17038599e-02
 4.50305142e-02 7.09170739e-02 3.67626884e-02 1.95921187e-03
 2.66899675e-04 4.23691103e-04 5.54334146e-04 1.22063828e-02
 1.03407701e-02 1.81850161e-02 8.82672373e-02 2.64337568e-02
 3.38457457e-02 1.46515973e-02 5.92832370e-03 1.80304302e-02
 4.78491190e-03 1.06139198e-02 3.91121100e-03 5.14412416e-04
 1.37083053e-03 8.76683299e-04 1.00028331e-04 2.02995567e-05
 3.04020970e-05 3.45311194e-05 1.82068727e-04 4.01847296e-04
 4.91747152e-04 5.84806938e-04 9.16206601e-04 8.93137157e-04
 6.33436568e-04 4.29676122e-04 6.53691010e-05 9.45869892e-06
 8.01614296e-06 3.59401327e-05 1.44963007e-03 8.79110302e-02
 8.65107440e-01 3.06980929e-01 5.04675888e-03 8.87381381e-05
 4.66719953e-05 1.99036153e-04 1.40250392e-02 6.48115084e-03]","[1.22034889e+01 2.37680586e+00 1.78808838e+00 1.10231304e+00
 3.55999575e-01 5.11950313e-02 1.12940958e-02 6.01803078e-03
 3.52910838e-03 2.66240216e-03 1.84885576e-03 1.20554534e-03
 8.46522914e-04 5.05351497e-04 4.24010775e-04 2.80945692e-04
 2.13228828e-04 2.20549814e-04 1.71729974e-04 1.18290273e-04
 1.22710520e-04 1.09985175e-04 1.10868411e-04 1.05006288e-04
 9.32077095e-05 9.15796281e-05 8.99191174e-05 8.60847205e-05
 8.77628550e-05 7.49379309e-05 6.95655066e-05 6.74714579e-05
 7.02481747e-05 6.78644327e-05 7.09835177e-05 5.79509504e-05
 5.71457926e-05 5.54413915e-05 4.52158258e-05 4.98460681e-05
 4.87020074e-05 4.45475126e-05 4.20341121e-05 4.01925456e-05
 4.00009488e-05 3.73808161e-05 3.79068086e-05 3.63489287e-05
 3.76359415e-05 3.50953745e-05 3.56339571e-05 3.54078756e-05
 3.58054659e-05 3.60632121e-05 3.35592339e-05 3.40895228e-05
 3.20531136e-05 2.79445241e-05 3.13454542e-05 2.74359684e-05
 2.71018663e-05 2.87169506e-05 2.81654963e-05 2.64133446e-05
 2.35490275e-05 2.23529859e-05 2.08838355e-05 2.30552726e-05
 2.39727104e-05 1.94520469e-05 2.00237887e-05 2.24037523e-05
 2.00069423e-05 2.02900195e-05 2.09601868e-05 1.98396908e-05
 1.91144665e-05 1.70542628e-05 1.73394536e-05 1.66436891e-05
 1.81245524e-05 1.67149814e-05 1.77886167e-05 1.84870333e-05
 1.87610236e-05 1.96020548e-05 1.86833907e-05 1.83217723e-05
 1.84608239e-05 1.71372309e-05 1.82628641e-05 1.99546804e-05
 2.84818111e-05 3.16142651e-05 2.11201800e-05 2.44134022e-05
 2.21465720e-05 1.65923299e-05 1.77197716e-05 1.56915086e-05]","[0.01074283 0.0089056  0.00942168 0.00930654 0.00793835 0.00874802
 0.008355   0.0086338  0.0072535  0.00797852 0.00714918 0.00649471
 0.00631222 0.00509452 0.00589198 0.00519403 0.00552439 0.00697082
 0.00661228 0.00534754 0.00647068 0.00621209 0.00685867 0.00692068
 0.00653504 0.00670506 0.00691293 0.00684474 0.00739436 0.00661835
 0.00631957 0.00642453 0.00708932 0.00721677 0.00801941 0.00697168
 0.0071225  0.00705656 0.0060378  0.00690481 0.0069931  0.00663042
 0.00641739 0.00642493 0.00645826 0.00609076 0.00628877 0.00613728
 0.00642795 0.00598743 0.00594562 0.00576318 0.0058662  0.00593248
 0.00540258 0.00531735 0.00481743 0.00427899 0.00489783 0.00429872
 0.00418527 0.00442219 0.00437425 0.00412896 0.00364096 0.00342
 0.00317307 0.00345085 0.00346811 0.00271624 0.00277165 0.00303851
 0.00268647 0.0026693  0.00260722 0.00166051 0.00129633 0.00205547
 0.00226834 0.0022358  0.00244809 0.00226476 0.0023768  0.00247359
 0.00252636 0.00259598 0.00239355 0.00204088 0.00199069 0.00211079
 0.00237115 0.00263387 0.00377817 0.00428077 0.00287002 0.00337304
 0.00311141 0.00247236 0.00274038 0.0025087 ]"
h19,"[0.00000000e+00 0.00000000e+00 1.64589369e+00 0.00000000e+00
 0.00000000e+00 0.00000000e+00 0.00000000e+00 0.00000000e+00
 0.00000000e+00 0.00000000e+00 0.00000000e+00 0.00000000e+00
 0.00000000e+00 0.00000000e+00 0.00000000e+00 0.00000000e+00
 0.00000000e+00 0.00000000e+00 0.00000000e+00 0.00000000e+00
 0.00000000e+00 0.00000000e+00 0.00000000e+00 0.00000000e+00
 0.00000000e+00 0.00000000e+00 1.96056178e-02 1.81713430e-02
 5.07518042e-02 3.15849968e-02 2.58277206e-02 2.77043797e-02
 2.60277527e-02 3.67472422e-02 1.15504567e-02 2.19226284e-02
 2.06842939e-02 9.77799010e-03 9.27722349e-03 2.64408927e-02
 8.38417248e-03 3.99292775e-02 0.00000000e+00 7.26858329e-03
 6.94585572e-03 1.32884119e-02 6.36172829e-03 1.21937381e-02
 2.34033462e-02 2.85657693e-02 2.20266502e-02 2.61078059e-02
 2.49614660e-02 1.44328650e-02 2.21969439e-02 1.78677938e-02
 2.60078151e-02 4.16181008e-03 1.67336728e-02 1.16607099e-02
 1.14196468e-02 3.19099822e-02 1.05688224e-02 1.36550112e-02
 2.32395641e-02 2.56670540e-02 1.24506604e-02 2.42088241e-02
 2.93824169e-02 4.97653116e-02 4.71012092e-02 6.46338067e-02
 8.83579193e-02 7.23902614e-02 1.39306917e-01 1.99278540e-01
 2.72324698e-01 3.75854505e-01 3.51196567e-01 5.04075459e-01
 5.08296211e-01 7.33138478e-01 7.61779853e-01 7.80670054e-01
 7.69645088e-01 7.06661241e-01 7.96321289e-01 9.59105370e-01
 9.99778549e-01 1.00736038e+00 1.21002243e+00 1.53510745e+00
 1.67315879e+00 1.97503421e+00 2.88780088e+00 1.00549241e+01
 7.70505938e+00 3.59791903e+00 2.34997708e+00 2.06350876e+00]","[0.00000000e+00 0.00000000e+00 9.21792660e-07 0.00000000e+00
 0.00000000e+00 0.00000000e+00 0.00000000e+00 0.00000000e+00
 0.00000000e+00 0.00000000e+00 0.00000000e+00 0.00000000e+00
 0.00000000e+00 0.00000000e+00 0.00000000e+00 0.00000000e+00
 0.00000000e+00 0.00000000e+00 0.00000000e+00 0.00000000e+00
 0.00000000e+00 0.00000000e+00 0.00000000e+00 0.00000000e+00
 0.00000000e+00 0.00000000e+00 2.63181464e-06 2.58310942e-06
 7.90133019e-06 5.29236192e-06 4.63117597e-06 5.30318510e-06
 5.27598592e-06 7.83081652e-06 2.60505558e-06 5.23998843e-06
 5.21694793e-06 2.60711206e-06 2.63160817e-06 7.91144721e-06
 2.64856860e-06 1.32469209e-05 0.00000000e+00 2.63019612e-06
 2.61148716e-06 5.20856407e-06 2.60441571e-06 5.18304589e-06
 1.04615262e-05 1.33176054e-05 1.06473670e-05 1.31329133e-05
 1.30507010e-05 7.82687772e-06 1.23448413e-05 9.85843319e-06
 1.25514757e-05 2.09411739e-06 9.38074085e-06 7.61368071e-06
 7.79565643e-06 2.26506464e-05 7.78030846e-06 1.04471193e-05
 1.83632589e-05 2.08747629e-05 1.04289037e-05 2.09159722e-05
 2.60314900e-05 4.51657720e-05 4.35255885e-05 6.07243264e-05
 8.53968998e-05 7.06656245e-05 1.06969054e-04 1.00865630e-04
 1.27911855e-04 2.73674331e-04 3.53404120e-04 5.81427565e-04
 6.10796699e-04 9.26154330e-04 9.94626093e-04 1.03562626e-03
 1.04604230e-03 9.73946576e-04 1.01724454e-03 1.04342539e-03
 1.12012488e-03 1.34352656e-03 1.97440771e-03 2.62723495e-03
 2.81406362e-03 3.18267767e-03 4.72610270e-03 1.66452115e-02
 1.34266242e-02 7.41684229e-03 5.28440107e-03 4.85382624e-03]","[0.00000000e+00 0.00000000e+00 1.05915480e+00 0.00000000e+00
 0.00000000e+00 0.00000000e+00 0.00000000e+00 0.00000000e+00
 0.00000000e+00 0.00000000e+00 0.00000000e+00 0.00000000e+00
 0.00000000e+00 0.00000000e+00 0.00000000e+00 0.00000000e+00
 0.00000000e+00 0.00000000e+00 0.00000000e+00 0.00000000e+00
 0.00000000e+00 0.00000000e+00 0.00000000e+00 0.00000000e+00
 0.00000000e+00 0.00000000e+00 1.96159066e-09 2.03671214e-09
 6.04402018e-09 3.96773854e-09 2.76453309e-09 3.81680213e-09
 3.69031515e-09 1.49239776e-03 1.68427247e-09 2.62435048e-09
 2.46378054e-09 1.24689734e-09 1.09294587e-09 3.90726891e-09
 1.49758517e-09 8.31584240e-09 0.00000000e+00 1.05157935e-09
 1.24622324e-09 2.37507881e-09 1.31462128e-09 2.39616579e-09
 5.11998056e-09 5.43676587e-09 5.36157385e-09 6.79556523e-09
 5.26084545e-09 2.39257904e-09 4.06146132e-09 3.90471867e-09
 5.39720878e-09 1.12678767e-09 4.09454931e-09 2.92720400e-09
 2.98130224e-09 9.23580269e-09 2.98608176e-09 3.29795000e-09
 7.54331962e-09 6.74053545e-09 2.77347021e-09 6.08814000e-09
 9.14480176e-09 1.28704145e-08 1.24524238e-08 1.66835118e-08
 2.37807144e-08 1.99782978e-08 4.72600428e-08 7.16948447e-08
 1.05561687e-07 1.48494457e-07 1.50046919e-07 2.29154404e-07
 2.94407447e-07 5.43186023e-07 7.25305819e-07 8.74286284e-07
 8.05061892e-07 8.71912137e-07 8.64777790e-07 1.46630239e-06
 1.61283699e-06 2.04826161e-06 3.14087812e-06 4.72753223e-06
 1.20091411e-04 4.09533249e-04 2.01151417e-03 2.11479153e+00
 8.59825258e-01 7.96352042e-03 2.75977536e-04 8.84561717e-05]","[0.00000000e+00 0.00000000e+00 1.55375291e-06 0.00000000e+00
 0.00000000e+00 0.00000000e+00 0.00000000e+00 0.00000000e+00
 0.00000000e+00 0.00000000e+00 0.00000000e+00 0.00000000e+00
 0.00000000e+00 0.00000000e+00 0.00000000e+00 0.00000000e+00
 0.00000000e+00 0.00000000e+00 0.00000000e+00 0.00000000e+00
 0.00000000e+00 0.00000000e+00 0.00000000e+00 0.00000000e+00
 0.00000000e+00 0.00000000e+00 1.10555216e-10 4.93233606e-11
 4.18625429e-10 3.33315048e-10 2.57317080e-10 4.75037049e-10
 4.62387257e-10 1.88317303e-04 2.84745241e-10 5.51086138e-10
 5.78132755e-10 3.26747905e-10 3.43134573e-10 1.27770035e-09
 6.86848145e-10 4.21313903e-09 0.00000000e+00 6.03069240e-10
 7.08157993e-10 1.30108172e-09 8.30621626e-10 9.52498020e-10
 4.41604251e-09 5.89960132e-09 4.45250938e-09 7.39087915e-09
 5.82051322e-09 2.99502152e-09 2.16746062e-09 1.74683921e-10
 3.01108726e-11 8.09780295e-12 5.93196028e-11 1.19357314e-09
 1.29478665e-09 1.80156091e-08 6.02497612e-09 7.70789348e-09
 2.18534109e-08 1.56750319e-08 5.70159174e-09 1.34441569e-08
 2.20729136e-08 3.12259675e-08 1.29251792e-08 8.75723037e-09
 9.34148780e-09 2.65686445e-09 3.18794574e-10 1.31920431e-10
 1.64250303e-10 6.54554898e-10 3.16549043e-09 2.70197151e-08
 3.95667876e-08 1.38844312e-07 2.42749601e-07 2.63348074e-07
 2.56782471e-07 2.64862863e-07 2.27237103e-08 1.20058578e-08
 1.33315365e-08 3.45093193e-08 1.01856876e-06 3.83263380e-06
 1.20507019e-05 1.39054467e-05 6.01071266e-05 4.83959184e-02
 2.05284422e-02 1.04629745e-03 1.32328275e-03 8.79326456e-04]","[0.00000000e+00 0.00000000e+00 0.00000000e+00 0.00000000e+00
 0.00000000e+00 0.00000000e+00 0.00000000e+00 0.00000000e+00
 0.00000000e+00 0.00000000e+00 0.00000000e+00 0.00000000e+00
 0.00000000e+00 0.00000000e+00 0.00000000e+00 0.00000000e+00
 0.00000000e+00 0.00000000e+00 0.00000000e+00 0.00000000e+00
 0.00000000e+00 0.00000000e+00 0.00000000e+00 0.00000000e+00
 0.00000000e+00 0.00000000e+00 8.88158661e-09 1.17291562e-08
 4.23389207e-08 2.50628128e-08 1.66962481e-08 3.67314257e-08
 2.72043288e-08 1.88161027e-08 1.34303272e-08 1.59627891e-08
 1.78912765e-08 9.98913043e-09 7.19118582e-09 2.05415204e-08
 6.15022755e-09 5.66529813e-08 0.00000000e+00 6.45940316e-09
 1.36403350e-08 1.82272995e-08 8.37045836e-09 2.95508966e-08
 3.94526315e-08 3.15273115e-08 5.17699960e-08 8.01706263e-08
 5.94696101e-08 3.04213612e-08 2.61185270e-08 5.60268458e-08
 5.52022722e-08 1.94302088e-08 4.99073952e-08 2.52292380e-08
 4.62423291e-08 1.22563173e-07 3.62640930e-08 4.88689010e-08
 1.09071015e-07 8.69982866e-08 2.72885646e-08 8.83125338e-08
 1.56297385e-07 1.33891354e-07 1.41056207e-07 1.95452507e-07
 2.55643066e-07 2.27654224e-07 6.16654083e-07 9.03749594e-07
 1.92031701e-06 2.83713223e-06 3.41713442e-06 6.12209362e-06
 9.80669496e-06 1.89167784e-05 1.97324515e-05 1.95791584e-05
 1.69918417e-05 1.58699101e-05 1.98076583e-05 2.49941288e-05
 2.37762555e-05 2.25979567e-05 2.94987606e-05 4.27644745e-05
 5.87350167e-05 5.19393563e-05 5.18257778e-05 5.92996586e-05
 6.29823732e-05 6.27065605e-05 6.59859177e-05 7.52280896e-05]","[0.00000000e+00 0.00000000e+00 0.00000000e+00 0.00000000e+00
 0.00000000e+00 0.00000000e+00 0.00000000e+00 0.00000000e+00
 0.00000000e+00 0.00000000e+00 0.00000000e+00 0.00000000e+00
 0.00000000e+00 0.00000000e+00 0.00000000e+00 0.00000000e+00
 0.00000000e+00 0.00000000e+00 0.00000000e+00 0.00000000e+00
 0.00000000e+00 0.00000000e+00 0.00000000e+00 0.00000000e+00
 0.00000000e+00 0.00000000e+00 6.82811508e-07 9.32604195e-07
 3.56721922e-06 2.21349104e-06 1.51674560e-06 3.49751243e-06
 2.74541322e-06 2.00092364e-06 1.51729935e-06 1.92037443e-06
 2.22992074e-06 1.27141255e-06 9.60259390e-07 2.84546679e-06
 8.83107991e-07 8.43219452e-06 0.00000000e+00 1.03256068e-06
 2.20226876e-06 2.96992060e-06 1.38866677e-06 4.98947943e-06
 6.73822301e-06 5.37870027e-06 8.63796356e-06 1.30490006e-05
 9.74321911e-06 5.00438271e-06 4.20473110e-06 8.73917907e-06
 8.29664562e-06 2.97523873e-06 7.79819213e-06 3.95296943e-06
 7.14108158e-06 1.88738090e-05 5.63200932e-06 7.63922640e-06
 1.68636866e-05 1.33107139e-05 4.14619388e-06 1.32183715e-05
 2.26113735e-05 1.86962877e-05 1.95247219e-05 2.65082713e-05
 3.43269147e-05 2.99495220e-05 7.67049464e-05 7.56407675e-05
 1.30234982e-04 3.41946844e-04 4.47027108e-04 8.22401317e-04
 1.32459442e-03 2.56308844e-03 2.63652260e-03 2.61971641e-03
 2.28811975e-03 2.10172045e-03 2.53758231e-03 2.78412290e-03
 2.56386366e-03 2.78338115e-03 3.82994935e-03 5.64459783e-03
 7.79131573e-03 7.03292030e-03 7.04260007e-03 8.19304892e-03
 8.84849441e-03 9.34364905e-03 1.02048037e-02 1.20271995e-02]"
h25,"[5.58672595e+03 1.04784044e+03 1.02994181e+03 7.45993378e+02
 4.27668559e+02 1.50102245e+02 9.08408869e+01 7.64718945e+01
 5.14352763e+01 5.13024109e+01 4.45314340e+01 4.40289181e+01
 3.66231158e+01 3.38250191e+01 2.38264859e+01 1.97432250e+01
 1.52023233e+01 1.32807775e+01 1.25135556e+01 1.08882400e+01
 9.24961156e+00 9.72652073e+00 8.27402240e+00 8.22545713e+00
 6.85170348e+00 6.61903177e+00 6.12824913e+00 5.37068653e+00
 5.28711898e+00 4.46320876e+00 4.40181277e+00 3.99486040e+00
 3.47112951e+00 3.92613028e+00 3.67022641e+00 3.73308607e+00
 3.59510746e+00 3.66165892e+00 3.12526388e+00 3.23099492e+00
 3.31254542e+00 2.95795358e+00 2.51123994e+00 2.81240957e+00
 2.67200831e+00 2.49266460e+00 2.63090595e+00 2.27622219e+00
 2.34894761e+00 2.60341413e+00 2.17493030e+00 2.25613159e+00
 2.27488555e+00 1.88022615e+00 1.98639817e+00 1.66490229e+00
 1.54689636e+00 1.43689421e+00 1.33686582e+00 1.39804975e+00
 1.23478027e+00 1.12261954e+00 1.19507612e+00 1.04995953e+00
 9.94260385e-01 9.73934203e-01 8.53269913e-01 8.43127914e-01
 9.14099186e-01 8.62477579e-01 8.11215750e-01 9.66698884e-01
 9.62523016e-01 9.34761114e-01 9.74114805e-01 9.82622927e-01
 9.90042082e-01 9.82002641e-01 9.05538393e-01 9.43542416e-01
 9.02007736e-01 9.08017099e-01 8.50484019e-01 8.00007651e-01
 6.86480843e-01 6.64677642e-01 6.85817475e-01 6.76512459e-01
 5.75847974e-01 4.94828247e-01 4.32376997e-01 4.59110724e-01
 4.27091317e-01 3.88595472e-01 3.70833340e-01 3.55260614e-01
 3.33660167e-01 3.35591170e-01 3.54422967e-01 3.25574606e-01]","[0.00050129 0.00048495 0.00057683 0.00057486 0.00063093 0.00063204
 0.00070523 0.00087731 0.00078262 0.00099319 0.00102087 0.00119695
 0.00114939 0.00123915 0.00101905 0.00097943 0.00086232 0.00084596
 0.00088818 0.00085173 0.00078825 0.00090012 0.00083117 0.00088581
 0.00079505 0.00082501 0.00082264 0.00076346 0.00082313 0.00074785
 0.00078929 0.0007647  0.00070362 0.00083666 0.00082777 0.00089229
 0.00090675 0.00097631 0.00088652 0.00096675 0.00104644 0.00098133
 0.00086903 0.00101769 0.00100462 0.00097703 0.00107706 0.00096753
 0.00105    0.00121373 0.00105133 0.00113489 0.00118939 0.00101964
 0.00110474 0.0009186  0.00074654 0.00072301 0.00074943 0.00091284
 0.00084293 0.00079687 0.00087976 0.0008033  0.00078564 0.00079209
 0.00071471 0.00072845 0.00080985 0.00078276 0.00074963 0.00090823
 0.00093027 0.00091249 0.00074799 0.00049736 0.00046503 0.00071503
 0.00091123 0.00108833 0.0010839  0.00114707 0.00111044 0.00106128
 0.00093301 0.00091608 0.00087608 0.00073599 0.00064516 0.00065996
 0.00070551 0.00078574 0.00071832 0.0006262  0.0006069  0.00058811
 0.00058143 0.0006918  0.00079699 0.00076582]","[1.24849098e+03 3.73143571e+02 4.06419334e+02 3.08672673e+02
 1.62817232e+02 4.08861274e+01 1.50441485e+01 6.92657525e+00
 2.66282988e+00 1.52981310e+00 1.24012912e+00 4.50865478e-01
 2.30772589e-01 3.53249458e-01 1.50034839e-01 2.91896327e-03
 1.99006140e-02 7.61129138e-04 6.55340390e-02 2.35422555e-03
 7.74185585e-03 4.34634899e-02 5.96941979e-03 3.22288587e-03
 4.11684611e-04 2.68612722e-03 9.07008099e-07 2.17068431e-03
 1.90018873e-02 7.17700858e-03 5.69088392e-03 3.76590021e-04
 5.39383792e-07 1.24661888e-03 1.83227844e-04 3.50587430e-03
 6.40060141e-07 5.10138781e-05 3.66547336e-05 1.21279980e-03
 2.09162550e-03 2.57060929e-05 4.79444099e-07 5.43428605e-07
 5.27961802e-07 5.26494283e-07 5.56001430e-07 5.05400489e-07
 5.23764436e-07 4.31418685e-04 4.90370177e-07 5.17094610e-07
 4.41344536e-05 1.12032425e-05 4.92248896e-07 2.05447179e-04
 3.81804125e-07 3.60952124e-07 6.20008166e-07 3.86939035e-07
 3.20341212e-07 3.01973422e-07 3.26230834e-07 2.83625355e-07
 2.88444926e-07 2.83028367e-07 2.48986361e-05 2.52014190e-07
 2.79786151e-07 2.79497024e-07 4.18673600e-07 2.12413474e-05
 2.74087285e-06 3.66236369e-07 2.05449206e-04 6.93232784e-05
 3.12710040e-05 6.68849601e-04 3.29349066e-07 3.53800927e-07
 3.35292139e-07 1.22982647e-04 1.30537878e-04 6.51820427e-05
 2.12764470e-05 1.15152552e-04 1.27662220e-03 3.05094342e-07
 2.35753694e-05 1.20261736e-03 3.24770342e-05 7.92113262e-06
 2.37211969e-07 1.56105071e-05 2.34111524e-07 1.97353123e-07
 3.46658090e-05 1.23649119e-06 1.34575080e-06 2.97421711e-06]","[4.22524042e-04 5.28295784e-04 5.96206732e-04 6.03634834e-04
 6.29275349e-04 6.09332995e-04 6.26685115e-04 6.87499533e-04
 5.29517618e-04 6.06460348e-04 8.16003986e-04 6.47086882e-04
 4.40129813e-04 1.30128285e-03 8.73955455e-04 2.29579416e-05
 2.38903832e-04 1.11198078e-05 1.11232769e-03 4.59010966e-05
 1.67791537e-04 1.24970050e-03 2.02264056e-04 1.12521746e-04
 1.89501771e-05 1.40078336e-04 5.11189609e-08 5.25677846e-05
 1.31612287e-03 6.02913961e-04 5.29695824e-04 4.68701824e-05
 6.75834399e-08 1.57303844e-04 3.09767317e-05 7.36196916e-04
 1.50191840e-07 1.33681236e-05 1.15078950e-05 3.96592803e-04
 9.59297089e-04 1.30237369e-05 2.44358626e-07 3.11650354e-07
 3.00010750e-07 2.88416573e-07 3.51300270e-07 2.00901360e-07
 4.51752889e-07 4.68145641e-04 4.07227033e-07 5.62393803e-07
 4.88296364e-05 1.40241773e-05 2.62696111e-07 9.19101271e-06
 2.13007424e-09 2.59402836e-09 8.98234101e-09 1.57775147e-07
 1.39124949e-07 5.89037607e-07 6.58231468e-07 6.62882708e-07
 8.35640781e-07 6.58178971e-07 5.11856437e-05 5.56511237e-07
 6.75323063e-07 6.78110633e-07 4.34568516e-07 1.11496533e-05
 1.07666363e-06 4.87048696e-08 1.38586612e-06 1.27556686e-07
 4.86565915e-08 2.94825000e-06 6.94816874e-09 4.17168514e-08
 4.50614716e-08 3.14357150e-05 4.36891817e-05 1.96338038e-05
 6.78633368e-06 3.49801697e-05 3.35457192e-05 2.49806542e-09
 1.94871460e-07 2.02618192e-05 1.05321159e-05 6.42170147e-06
 2.38032903e-08 5.30045057e-07 6.99561116e-09 4.51632490e-09
 8.27650791e-07 1.62457997e-07 6.45273107e-06 2.95661427e-05]","[3.07068794e-01 1.72904007e-01 9.38155570e-02 7.64208145e-02
 3.18757228e-02 7.85014519e-04 5.65767739e-04 9.41681249e-04
 3.56154494e-04 1.86663496e-04 1.07083145e-04 1.10908294e-04
 1.25803358e-04 6.11104576e-05 4.54676180e-05 5.08780217e-05
 3.23764976e-05 2.47598199e-05 1.89813381e-05 2.15446376e-05
 1.56595832e-05 1.49126202e-05 1.31774928e-05 1.69022611e-05
 1.09521368e-05 1.17374181e-05 1.12568902e-05 1.08477302e-05
 9.38739300e-06 8.78133564e-06 8.08019638e-06 1.01689936e-05
 6.08313360e-06 8.14325686e-06 7.66459810e-06 7.34680119e-06
 8.84215248e-06 8.98686681e-06 1.20848985e-05 6.88721162e-06
 8.08970044e-06 7.60169987e-06 5.48939120e-06 6.21785528e-06
 6.07547872e-06 7.26576679e-06 6.95079720e-06 7.47593762e-06
 9.12143904e-06 6.82993541e-06 6.42828781e-06 7.39537888e-06
 7.33099786e-06 6.50649800e-06 6.39375318e-06 4.84613870e-06
 4.59948990e-06 4.75053692e-06 3.91756359e-06 4.31714424e-06
 3.73990446e-06 4.18032386e-06 4.33845036e-06 4.04406019e-06
 4.31548538e-06 3.64353443e-06 4.36857105e-06 3.51174679e-06
 4.40360563e-06 4.35770906e-06 4.42352074e-06 4.92054313e-06
 4.10013391e-06 4.49836102e-06 5.32644765e-06 4.51383301e-06
 4.92595158e-06 5.28807227e-06 5.70631089e-06 5.48878332e-06
 5.10788094e-06 5.23037069e-06 5.64167659e-06 5.61760575e-06
 5.23732864e-06 5.32800248e-06 5.49784365e-06 5.90360043e-06
 5.96113533e-06 4.92268010e-06 5.07973470e-06 5.88667788e-06
 4.71727508e-06 4.66960602e-06 4.69909615e-06 4.55928861e-06
 4.06561854e-06 5.96005608e-06 5.60118225e-06 5.64027112e-06]","[0.00027032 0.00064785 0.00049433 0.0006452  0.00071079 0.00013414
 0.00041854 0.00135099 0.00073202 0.00055938 0.00041407 0.0005975
 0.00093807 0.00061606 0.00063181 0.00094062 0.00083882 0.00078257
 0.00073086 0.00097397 0.00082575 0.00084228 0.0008152  0.00111398
 0.00076788 0.00085936 0.00086542 0.00086252 0.00079092 0.00077555
 0.00073403 0.00096828 0.0006139  0.00086596 0.00086591 0.00088384
 0.00110206 0.00114384 0.00161373 0.00095404 0.0011616  0.00113143
 0.00083807 0.00099395 0.0009809  0.00118387 0.00115314 0.00126226
 0.00155788 0.00116522 0.00107258 0.00120371 0.00120108 0.00107033
 0.00102931 0.00075591 0.00069128 0.00072742 0.00061213 0.00067642
 0.00057754 0.00064374 0.00067378 0.00063217 0.00066723 0.00055746
 0.00066376 0.00052563 0.00063706 0.0006085  0.0006123  0.00066735
 0.00055055 0.00059179 0.00066255 0.00037779 0.00033408 0.00063735
 0.0007465  0.00073733 0.00068992 0.00070868 0.0007538  0.00075164
 0.00070526 0.00070561 0.00070434 0.00065761 0.00064281 0.00060632
 0.00065952 0.000777   0.00062576 0.00063229 0.00063856 0.00062993
 0.00057119 0.00088808 0.00086623 0.00090175]"
h30,"[8.31086499e+04 1.58791598e+04 1.28045199e+04 9.33271377e+03
 4.83125452e+03 1.66396077e+03 8.74424063e+02 5.17631558e+02
 3.82734009e+02 2.90390506e+02 2.47731187e+02 1.98231003e+02
 1.73723256e+02 1.41648663e+02 1.20366073e+02 1.09492467e+02
 9.09598160e+01 8.42478898e+01 7.23744650e+01 6.23025895e+01
 5.66309390e+01 5.34816197e+01 4.95355567e+01 4.51767646e+01
 4.13704671e+01 3.84059867e+01 3.15171495e+01 2.98883165e+01
 2.73087021e+01 2.51414700e+01 2.41795129e+01 2.13259869e+01
 1.98337620e+01 1.80925190e+01 1.77974963e+01 1.62668145e+01
 1.51196237e+01 1.40477805e+01 1.26043117e+01 1.14490471e+01
 1.03083304e+01 1.03799417e+01 9.80356055e+00 9.05562467e+00
 8.18350987e+00 8.02958572e+00 9.33963728e+00 1.41070834e+01
 6.88828483e+00 6.76691728e+00 6.33120110e+00 6.13151863e+00
 5.61427980e+00 5.53047774e+00 5.70642279e+00 5.56510352e+00
 5.15272958e+00 4.98978897e+00 5.13190749e+00 4.61612345e+00
 4.72543734e+00 4.50518514e+00 4.07035478e+00 3.99705497e+00
 4.09565405e+00 3.82955954e+00 3.52723179e+00 3.70270113e+00
 3.53395384e+00 3.43130697e+00 3.21044984e+00 3.12286353e+00
 3.11675099e+00 3.07622544e+00 2.83628581e+00 2.73377367e+00
 2.75277255e+00 2.65284042e+00 2.56386263e+00 2.46816368e+00
 2.38503282e+00 2.26405020e+00 2.28304376e+00 2.21359986e+00
 2.05566215e+00 2.00474115e+00 1.95146515e+00 2.13468771e+00
 2.05809198e+00 1.90053700e+00 1.65809855e+00 1.69995334e+00
 1.53874885e+00 1.60449097e+00 1.44508129e+00 1.56984754e+00
 1.50450764e+00 1.42808147e+00 1.39007325e+00 1.32951740e+00]","[0.00745723 0.007349   0.00717125 0.0071917  0.00712741 0.0070065
 0.00678845 0.00593847 0.0058235  0.00562184 0.00567916 0.00538903
 0.00545218 0.00518917 0.00514804 0.00543172 0.00515948 0.00536641
 0.00513694 0.00487362 0.00482611 0.00494936 0.00497609 0.00486512
 0.0048005  0.00478699 0.00423079 0.00424871 0.00425157 0.00421269
 0.00433564 0.00408223 0.00402043 0.00385551 0.00401399 0.00388813
 0.00381344 0.00374557 0.00357538 0.0034257  0.00325641 0.00344365
 0.00339257 0.00327685 0.00307682 0.0031473  0.00382354 0.00599633
 0.00307913 0.00315479 0.00306041 0.00308432 0.00293534 0.00299915
 0.00317363 0.00307051 0.00248673 0.00251074 0.0028769  0.00301403
 0.00322583 0.00319791 0.00299642 0.00305805 0.00323627 0.00311454
 0.00295447 0.00319906 0.00313092 0.00311417 0.00296673 0.00293397
 0.0030123  0.00300294 0.00217789 0.00138371 0.00129299 0.00193164
 0.00257998 0.00284691 0.00286599 0.00286011 0.00298088 0.00293653
 0.0027939  0.00276301 0.00249286 0.00232236 0.00230583 0.00253477
 0.00270554 0.00290936 0.002588   0.00258556 0.00236498 0.00259877
 0.00262171 0.00294388 0.00312586 0.00312732]","[2.22313419e+04 5.18010219e+03 4.86221298e+03 3.63063173e+03
 1.84703529e+03 4.78240423e+02 1.78204502e+02 6.61115078e+01
 3.40505641e+01 1.48076281e+01 8.26183710e+00 5.87487829e+00
 4.25101190e+00 2.28212942e+00 8.92440194e-01 1.67596606e+00
 6.06747704e-01 8.03636669e-01 4.03953621e-01 4.06659966e-01
 3.40965278e-01 1.36512883e-01 1.86504336e-01 1.51815485e-01
 7.77481027e-02 3.04471065e-01 3.99413810e-02 2.23766747e-02
 9.26247828e-02 7.10699745e-02 8.17693759e-02 9.94765695e-02
 5.82073542e-02 1.83077622e-02 7.32369416e-03 3.31050797e-02
 3.52456825e-02 6.60621017e-03 1.89006536e-03 2.99405223e-03
 1.10296645e-02 1.54037890e-02 2.40129611e-02 4.92712740e-04
 1.16427752e-03 3.26366765e-03 1.65960342e-01 7.17629460e-01
 2.01003462e-02 8.67282853e-04 1.21568258e-03 9.45661865e-04
 6.69857204e-04 2.00596706e-03 7.68961979e-04 4.69885275e-04
 1.80125620e-04 1.31725727e-03 5.10333738e-04 1.03976590e-04
 9.45818892e-05 1.07070543e-04 2.03926805e-05 2.23121629e-04
 2.23669558e-05 1.96895515e-04 6.55370306e-05 6.03976606e-05
 1.08067093e-03 5.42392279e-05 1.88918211e-03 9.46467008e-05
 2.18918295e-05 1.05941580e-06 1.09502756e-06 9.80193314e-07
 9.95457352e-05 9.20933012e-05 8.47160442e-04 2.21850274e-04
 1.06216584e-06 8.88563668e-05 1.31930628e-03 3.30104081e-04
 8.94949862e-05 7.38210573e-04 2.58900540e-02 1.25356494e-01
 1.15639202e-01 4.89929851e-02 1.00780470e-03 2.31496938e-04
 6.66798023e-04 1.31796968e-03 7.86443406e-05 5.32299806e-04
 9.35880269e-06 8.28211451e-05 6.52939994e-05 4.23587647e-05]","[7.52370390e-03 7.33397641e-03 7.13274164e-03 7.09999937e-03
 7.13864106e-03 7.12729936e-03 7.42335859e-03 6.56191972e-03
 6.77113238e-03 5.87015454e-03 5.43628233e-03 8.43168719e-03
 8.10753599e-03 8.40679528e-03 5.19847911e-03 1.31816427e-02
 7.28391350e-03 1.17408267e-02 6.85641853e-03 7.92878081e-03
 7.38984154e-03 3.92513850e-03 6.31939531e-03 5.30038730e-03
 3.57880833e-03 1.58778035e-02 2.25109555e-03 5.41899257e-04
 6.41544672e-03 5.97032585e-03 7.61092610e-03 1.23807979e-02
 7.29323587e-03 2.31015383e-03 1.23815302e-03 6.95172030e-03
 8.27049454e-03 1.73114919e-03 5.93393312e-04 9.79073025e-04
 5.05861353e-03 7.80417683e-03 1.22387035e-02 2.82565361e-04
 6.61592887e-04 1.78785576e-03 1.04859286e-01 2.85264334e-01
 1.73367813e-02 9.41115212e-04 1.00956142e-03 1.02850496e-03
 7.41119036e-04 2.51106210e-03 4.10368257e-04 2.10210797e-05
 1.00491566e-06 9.46663694e-06 7.39343756e-06 4.23966576e-05
 4.10771392e-05 2.08854727e-04 4.11460311e-05 5.21474780e-04
 6.47982983e-05 4.57878089e-04 1.34728468e-04 1.33373350e-04
 2.60842790e-03 1.31594236e-04 1.96090478e-03 4.96803655e-05
 8.59950020e-06 1.40889089e-07 7.38655370e-09 1.80358191e-09
 1.54889692e-07 4.05941896e-07 1.78722648e-05 2.61584813e-05
 1.42749413e-07 2.27126630e-05 4.41553154e-04 9.94322746e-05
 2.85453130e-05 2.24248015e-04 6.80311279e-04 1.02639964e-03
 9.55861168e-04 8.25438782e-04 3.26825284e-04 1.87675715e-04
 6.69105653e-05 4.47508406e-05 2.35001344e-06 1.21814078e-05
 2.23442656e-07 1.08815635e-05 3.13077740e-04 4.21080652e-04]","[8.42476533e+00 1.83904738e+00 1.40951092e+00 8.48597710e-01
 3.31973900e-01 3.88816310e-02 8.41210549e-03 5.14454746e-03
 3.09355145e-03 2.17117239e-03 1.53440904e-03 1.03516244e-03
 8.02862442e-04 7.26586858e-04 5.35878261e-04 2.95741972e-04
 2.06990142e-04 1.78084210e-04 1.59883986e-04 1.14228138e-04
 1.03395841e-04 9.40091775e-05 9.29882606e-05 7.88234900e-05
 7.47606748e-05 7.67156901e-05 6.08737797e-05 5.91459351e-05
 6.32382549e-05 5.36605034e-05 5.32667419e-05 4.82755324e-05
 4.85433807e-05 3.99311516e-05 4.20305065e-05 3.81159404e-05
 3.40276911e-05 3.39030224e-05 3.15294921e-05 2.85400489e-05
 2.51523774e-05 2.73669297e-05 2.59158767e-05 2.44330644e-05
 2.26799972e-05 2.42272197e-05 2.29400114e-05 2.90353867e-05
 2.58567846e-05 2.40242567e-05 2.23439735e-05 2.11666708e-05
 2.09445930e-05 2.25314454e-05 2.26265527e-05 2.38616692e-05
 2.12653221e-05 2.23432081e-05 2.36574786e-05 2.08365500e-05
 2.31663841e-05 2.34647735e-05 2.10246792e-05 2.00488524e-05
 2.11884541e-05 2.10561392e-05 2.01935699e-05 2.27541921e-05
 2.03605583e-05 2.14358985e-05 1.95079969e-05 1.95720009e-05
 2.25854904e-05 2.40522067e-05 2.17399766e-05 2.16376907e-05
 2.18499685e-05 2.28559185e-05 2.04403560e-05 2.23756722e-05
 2.32444770e-05 2.23104604e-05 2.34140979e-05 2.66030161e-05
 2.44020916e-05 2.54966264e-05 2.37722736e-05 2.62478149e-05
 2.55253517e-05 2.34041335e-05 2.33311272e-05 2.60338331e-05
 2.42636194e-05 2.46273468e-05 2.26109029e-05 2.50484632e-05
 2.39691261e-05 2.31917861e-05 2.38813528e-05 2.27001644e-05]","[0.00741639 0.00689069 0.00742691 0.00716449 0.0074026  0.00664395
 0.006223   0.00738066 0.00635829 0.00650643 0.00593328 0.0055768
 0.00598666 0.00732483 0.00744647 0.00546757 0.00536276 0.00562863
 0.00615616 0.0051639  0.00545219 0.00530974 0.00575255 0.00519504
 0.00524167 0.00561678 0.00467994 0.00470279 0.00532807 0.00473917
 0.00483894 0.00459673 0.00489891 0.00424632 0.00474842 0.00458547
 0.00424112 0.00431516 0.00421022 0.00395344 0.00361162 0.00407328
 0.0039566  0.00390572 0.00366175 0.00394754 0.00380577 0.00490244
 0.00441615 0.00409865 0.00372815 0.0034452  0.00343146 0.00370647
 0.00364257 0.00372199 0.00319608 0.00342129 0.00369656 0.00326471
 0.00357752 0.0036134  0.00326525 0.00313405 0.00327599 0.00322158
 0.00306819 0.00340578 0.00294554 0.00299326 0.00270026 0.00265446
 0.00303271 0.00316424 0.00270421 0.001811   0.00148185 0.00275472
 0.00267399 0.0030058  0.00313964 0.00302291 0.00312844 0.00355952
 0.00328598 0.00337663 0.00304549 0.00292377 0.00275247 0.00288268
 0.00302918 0.00343628 0.00321862 0.0033347  0.00307259 0.00346078
 0.00336746 0.00345571 0.00369328 0.00362922]"
h32,"[5.01494456e+04 1.03772509e+04 8.14594578e+03 6.00007363e+03
 3.20110821e+03 1.16003374e+03 6.28284622e+02 4.26484431e+02
 3.22213711e+02 2.45302920e+02 2.12380664e+02 1.85799856e+02
 1.69038959e+02 1.34267650e+02 1.08169768e+02 9.38275145e+01
 7.85780179e+01 7.09426115e+01 6.52850059e+01 5.86751660e+01
 4.99382159e+01 4.06387590e+01 3.74236624e+01 3.55083726e+01
 3.20396844e+01 3.09836496e+01 2.67651757e+01 2.64174943e+01
 2.31555697e+01 2.22553405e+01 1.90752708e+01 1.72243275e+01
 1.63366581e+01 1.46298152e+01 1.45810873e+01 1.34558239e+01
 1.26041217e+01 1.20315910e+01 1.05281052e+01 1.07012312e+01
 9.27791124e+00 8.98069727e+00 8.11335714e+00 7.60753217e+00
 7.12704604e+00 7.03863698e+00 8.05753207e+00 1.37995241e+01
 6.18395172e+00 5.99154691e+00 5.27380657e+00 4.80315430e+00
 4.86181579e+00 4.65213038e+00 4.42407705e+00 4.31108546e+00
 4.38303162e+00 4.31982079e+00 4.05829081e+00 5.63342309e+00
 1.21319639e+01 3.79622703e+00 3.41629441e+00 3.54682048e+00
 3.36269051e+00 3.34016010e+00 3.16819890e+00 3.07679355e+00
 2.83626381e+00 2.89822256e+00 2.53432175e+00 2.39495955e+00
 2.30087175e+00 2.24488039e+00 2.09075669e+00 1.93753969e+00
 2.03583892e+00 1.97291053e+00 1.73118936e+00 1.93280862e+00
 1.73045323e+00 1.72432271e+00 1.61196368e+00 1.59301557e+00
 1.54873634e+00 1.48148027e+00 1.46813582e+00 1.32736506e+00
 1.20560356e+00 1.16879684e+00 1.11924956e+00 1.11619255e+00
 1.16849671e+00 1.24099069e+00 1.06409611e+00 1.05013733e+00
 1.04040279e+00 1.06897492e+00 1.01614424e+00 1.02145902e+00]","[0.00449985 0.00480267 0.00456219 0.0046236  0.00472251 0.0048846
 0.00487759 0.00489279 0.00490265 0.00474897 0.00486876 0.00505108
 0.00530517 0.00491877 0.0046264  0.00465461 0.00445716 0.00451889
 0.00463375 0.00458987 0.00425575 0.00376084 0.00375939 0.00382392
 0.00371779 0.00386185 0.0035929  0.00375532 0.00360499 0.00372909
 0.00342039 0.00329709 0.00331154 0.00311761 0.00328857 0.00321624
 0.00317898 0.00320799 0.00298644 0.00320194 0.0029309  0.00297943
 0.00280767 0.00275285 0.00267961 0.00275888 0.00329866 0.0058656
 0.00276429 0.00279331 0.00254928 0.00241611 0.00254192 0.00252283
 0.00246045 0.00237861 0.00211527 0.00217362 0.00227504 0.00367826
 0.00828192 0.00269467 0.00251493 0.00271359 0.0026571  0.00271652
 0.00265374 0.00265829 0.0025128  0.00263036 0.00234193 0.0022501
 0.00222377 0.0021914  0.00160542 0.00098069 0.00095624 0.00143655
 0.00174207 0.0022294  0.00207941 0.00217829 0.00210468 0.00211327
 0.00210492 0.00204183 0.00187544 0.00144406 0.00135073 0.00155884
 0.00182629 0.00191029 0.00196528 0.0019998  0.00174147 0.00173843
 0.00181298 0.00220361 0.00228501 0.0024027 ]","[1.35617706e+04 3.41031972e+03 3.14744956e+03 2.37222701e+03
 1.22644097e+03 3.39668300e+02 1.19830790e+02 5.19944091e+01
 2.19219097e+01 1.61780087e+01 1.13940069e+01 4.49773228e+00
 6.22814482e+00 2.12174733e+00 7.70289101e-01 7.40336391e-01
 4.92497203e-01 3.82742840e-01 4.39311377e-01 2.73753386e-01
 2.19123071e-01 4.99810455e-02 2.20088037e-01 2.25082571e-01
 2.26224449e-01 4.36799752e-01 1.70683541e-01 1.35466031e-01
 2.12040387e-02 1.42823282e-01 3.99351070e-02 1.76322690e-02
 5.58607314e-02 1.01216783e-01 7.43115520e-02 8.41009433e-02
 5.95191916e-02 4.71513667e-02 2.09274394e-02 1.71120785e-02
 2.08254253e-02 2.66657786e-02 5.63864240e-03 2.69798997e-03
 1.20202550e-04 7.60440483e-03 1.55689026e-01 7.32467913e-01
 6.20992612e-03 9.16811749e-03 1.14590672e-03 8.22646189e-04
 5.34105502e-05 1.32374591e-03 2.27989070e-04 5.79095792e-04
 1.25974359e-05 1.04867390e-02 1.15306695e-03 1.10509478e-01
 1.69872498e+00 4.04204258e-04 1.85032752e-04 1.63685125e-04
 2.52243606e-04 4.43698551e-06 1.20567462e-04 8.46374779e-06
 7.45989468e-06 1.44117113e-04 8.66902499e-07 1.01508166e-04
 8.75761955e-04 1.11091441e-04 7.93188950e-03 3.15197632e-03
 1.17939145e-02 5.89050366e-04 2.75624847e-05 4.25842987e-04
 6.48514674e-07 3.93500871e-05 5.46274722e-05 6.27748292e-07
 6.26269668e-07 5.94923282e-07 6.02423760e-07 1.13164062e-03
 2.32487567e-03 1.18880690e-03 3.09128820e-05 1.45653316e-04
 1.15988693e-02 1.48858323e-02 2.57336943e-04 2.66085211e-06
 6.08944321e-07 3.34343696e-06 4.67487730e-06 3.89411375e-06]","[4.58968005e-03 4.82832258e-03 4.61722772e-03 4.63908530e-03
 4.74009453e-03 5.06213515e-03 4.99171968e-03 5.16072239e-03
 4.35928616e-03 6.41341139e-03 7.49724763e-03 6.45519273e-03
 1.18783267e-02 7.81598769e-03 4.48694695e-03 5.82282066e-03
 5.91235369e-03 5.59172760e-03 7.45655568e-03 5.33745827e-03
 4.74911927e-03 1.43709899e-03 7.45732426e-03 7.85838679e-03
 1.04132952e-02 2.27785870e-02 9.61972145e-03 3.28060101e-03
 1.46864993e-03 1.19980560e-02 3.71707800e-03 2.19450229e-03
 6.99920992e-03 1.27719782e-02 1.25632052e-02 1.76603180e-02
 1.39663390e-02 1.23559573e-02 6.57025034e-03 5.59575221e-03
 9.55131298e-03 1.35099521e-02 2.87385101e-03 1.54726770e-03
 6.83042922e-05 4.16573637e-03 9.83695257e-02 2.91162757e-01
 5.35613317e-03 9.94860536e-03 9.51616175e-04 8.94712708e-04
 5.90925578e-05 1.65706020e-03 1.21669835e-04 2.59067893e-05
 7.02807327e-08 7.53642838e-05 1.67050066e-05 4.50604554e-02
 7.37760294e-01 7.88451868e-04 3.73338041e-04 3.82561138e-04
 7.30763569e-04 1.03181550e-05 2.47857880e-04 1.86901014e-05
 1.80060339e-05 3.49654339e-04 8.99814396e-07 5.32819713e-05
 3.44014881e-04 1.47737761e-05 5.35048888e-05 5.79972071e-06
 1.83509196e-05 2.59649963e-06 5.81476660e-07 5.02113682e-05
 8.71569065e-08 1.00583143e-05 1.82830424e-05 1.89087152e-07
 1.99754919e-07 1.80721287e-07 1.58298503e-08 9.26569884e-06
 1.92171714e-05 2.00291392e-05 1.00248704e-05 1.18081865e-04
 1.16390102e-03 5.05439175e-04 7.68962229e-06 6.08922345e-08
 1.45386265e-08 4.39281798e-07 2.24155364e-05 3.87106652e-05]","[5.61141501e+00 1.08213891e+00 9.02045087e-01 5.73087375e-01
 2.00820058e-01 2.36779635e-02 6.55208949e-03 3.25292682e-03
 1.67865800e-03 1.37696082e-03 1.18172121e-03 8.23539404e-04
 6.14291624e-04 5.66936940e-04 3.09959154e-04 2.77421450e-04
 2.13349669e-04 1.75559576e-04 1.21034027e-04 1.07115476e-04
 8.16003121e-05 6.63760065e-05 7.09739168e-05 5.84700891e-05
 5.48232808e-05 5.46741119e-05 4.73637669e-05 5.11113117e-05
 5.20299790e-05 4.41774701e-05 4.35004410e-05 3.77783955e-05
 4.07072664e-05 3.19149005e-05 3.48553839e-05 2.81122049e-05
 2.64331099e-05 2.39319932e-05 2.64999194e-05 2.43101324e-05
 2.09130658e-05 2.12260045e-05 1.90944726e-05 1.83028228e-05
 1.82408554e-05 1.86795965e-05 1.86294670e-05 2.54670770e-05
 2.48822381e-05 1.72591812e-05 1.51032309e-05 1.67273742e-05
 1.60006806e-05 1.49392292e-05 1.50477811e-05 1.57471559e-05
 1.53244540e-05 1.43924497e-05 1.88396141e-05 1.77276480e-05
 1.70063205e-05 1.58262650e-05 1.38020236e-05 1.53027654e-05
 1.27897065e-05 1.33388369e-05 1.43728307e-05 1.29691988e-05
 1.33473972e-05 1.43421577e-05 1.36092666e-05 1.35845121e-05
 1.20823680e-05 1.28093867e-05 1.27580421e-05 1.11631734e-05
 1.24133966e-05 1.19692919e-05 1.23284711e-05 1.19768624e-05
 1.32165334e-05 1.36048682e-05 1.32022483e-05 1.33497404e-05
 1.35039520e-05 1.28032939e-05 1.36340767e-05 1.20293162e-05
 1.10354078e-05 1.18279182e-05 1.07216065e-05 1.08716091e-05
 1.13216730e-05 1.29845370e-05 1.04537258e-05 1.14801929e-05
 1.20140071e-05 1.17806384e-05 1.08667575e-05 1.20302139e-05]","[0.00493977 0.00405464 0.004753   0.00483843 0.00447804 0.00404601
 0.00484702 0.00466683 0.00345021 0.00412639 0.0045695  0.00443671
 0.00458056 0.00571537 0.00430714 0.00512887 0.00552753 0.00554883
 0.00466029 0.00484236 0.00430289 0.00374899 0.00439067 0.0038536
 0.00384381 0.004003   0.0036413  0.00406394 0.00438373 0.00390165
 0.00395173 0.0035972  0.00410811 0.00339386 0.00393781 0.00338199
 0.00329455 0.00304605 0.00353861 0.00336751 0.0030029  0.00315927
 0.00291517 0.00292578 0.00294504 0.00304362 0.00309065 0.00429995
 0.00424971 0.00294449 0.00252001 0.00272264 0.00262148 0.00245754
 0.00242249 0.00245627 0.00230319 0.00220383 0.00294375 0.0027776
 0.00262624 0.00243713 0.00214353 0.00239214 0.00197744 0.00204084
 0.00218379 0.00194119 0.00193095 0.00200271 0.00188377 0.0018424
 0.00162238 0.00168517 0.00158696 0.00093432 0.00084187 0.00144261
 0.0016128  0.00160889 0.00178516 0.00184336 0.001764   0.00178621
 0.00181844 0.0016956  0.00174668 0.00133996 0.00118998 0.00145684
 0.00139203 0.00143497 0.00150184 0.00175819 0.00142056 0.00158614
 0.00168787 0.00175538 0.00168056 0.00192335]"
h34,"[4.25884308e+04 8.43833030e+03 6.99973703e+03 5.26222129e+03
 2.66057082e+03 9.44244602e+02 5.25683386e+02 3.57448594e+02
 2.73336233e+02 2.23590120e+02 1.92117642e+02 1.71584531e+02
 1.47954527e+02 1.31780105e+02 1.09406460e+02 9.56459412e+01
 7.69143455e+01 6.06024412e+01 5.39280341e+01 4.84708691e+01
 4.19795101e+01 3.77886177e+01 3.25606689e+01 2.81007117e+01
 2.61045925e+01 2.47490677e+01 2.19050324e+01 1.92112484e+01
 1.67259404e+01 1.74220863e+01 1.48295450e+01 1.39181499e+01
 1.34095230e+01 1.51238745e+01 1.36315205e+01 1.23970870e+01
 1.26639328e+01 1.09324095e+01 1.17743286e+01 1.06199265e+01
 1.00873955e+01 8.20660828e+00 8.37789505e+00 7.31968928e+00
 7.18058683e+00 6.87540463e+00 6.53073725e+00 5.23720225e+00
 5.37564022e+00 4.62990147e+00 4.90127320e+00 4.21679977e+00
 4.08051451e+00 3.58514083e+00 3.38598061e+00 3.27621998e+00
 3.24233150e+00 2.86259335e+00 3.00296904e+00 4.63458330e+00
 1.09399085e+01 2.48373457e+00 2.24013751e+00 2.08389052e+00
 2.00352240e+00 2.01605431e+00 1.84720182e+00 1.93313502e+00
 1.90638714e+00 1.63053505e+00 1.61118974e+00 1.38677301e+00
 1.47095527e+00 1.44965586e+00 1.38095789e+00 1.32561068e+00
 1.32951169e+00 1.17768042e+00 1.09276563e+00 1.07525925e+00
 1.01780544e+00 9.47118950e-01 8.90186384e-01 7.34332767e-01
 8.25174052e-01 7.27772149e-01 7.57879881e-01 6.89147128e-01
 6.80994294e-01 6.26851182e-01 5.67848393e-01 4.84538147e-01
 5.02191536e-01 4.97054151e-01 4.11898295e-01 4.37923581e-01
 4.24718155e-01 4.44796227e-01 4.44665407e-01 4.26567663e-01]","[0.0038214  0.00390533 0.00392024 0.00405502 0.00392507 0.00397596
 0.00408106 0.00410079 0.00415896 0.00432861 0.00440423 0.00466463
 0.00464345 0.00482764 0.0046793  0.00474482 0.00436279 0.00386024
 0.00382766 0.00379164 0.00357751 0.00349708 0.00327088 0.00302619
 0.0030291  0.00308476 0.00294048 0.00273094 0.00260399 0.00291923
 0.00265909 0.00266422 0.00271819 0.00322289 0.00307441 0.00296318
 0.00319407 0.00291492 0.00333995 0.00317762 0.00318662 0.00272262
 0.00289921 0.00264869 0.00269974 0.0026949  0.00267361 0.00222611
 0.00240296 0.0021585  0.00236921 0.00212116 0.00213343 0.00194421
 0.00188311 0.00180763 0.00156476 0.00144038 0.00168344 0.00302608
 0.00746816 0.00176303 0.00164909 0.00159433 0.00158313 0.00163964
 0.00154725 0.00167019 0.00168897 0.00147983 0.00148888 0.00130289
 0.00142166 0.00141512 0.00106039 0.00067096 0.00062448 0.00085752
 0.00109963 0.00124026 0.00122305 0.00119647 0.00116228 0.00097416
 0.00112151 0.00100304 0.00096814 0.00074973 0.00076297 0.00083604
 0.00092656 0.00082926 0.00084463 0.00080098 0.0006741  0.00072495
 0.0007401  0.00091691 0.00099992 0.00100338]","[1.10803198e+04 2.83100500e+03 2.67641134e+03 2.09053496e+03
 1.04451471e+03 2.70309816e+02 9.36388961e+01 3.73392004e+01
 2.27036044e+01 9.55726334e+00 6.91420920e+00 3.81210612e+00
 1.93183839e+00 1.49235763e+00 1.30391118e+00 1.98996466e+00
 1.20120038e+00 2.08624827e-01 5.31455091e-01 8.30053775e-01
 4.53577618e-01 4.30126326e-01 2.24841842e-01 1.56838864e-01
 1.12884580e-01 1.10761933e-01 1.36188906e-01 1.43965953e-01
 8.16459490e-02 1.78885887e-01 1.33040286e-01 1.45035574e-01
 1.02209969e-01 1.69613768e-01 7.22220586e-02 8.57885114e-02
 1.57495386e-02 1.02429223e-02 5.88515828e-02 6.36022075e-02
 4.09027393e-02 2.56721054e-03 3.08343165e-02 8.70673495e-03
 7.39406459e-03 2.81706390e-02 2.55278884e-02 1.13359686e-02
 1.71549987e-02 5.67140791e-03 1.74608656e-02 9.52867935e-04
 1.55163675e-02 6.06352619e-03 1.13419923e-02 5.97474340e-03
 7.01518724e-03 5.59650725e-03 4.73785207e-03 1.14407788e-01
 1.70019353e+00 5.53449575e-04 2.46026063e-03 8.22796145e-07
 1.14707984e-03 2.67373531e-03 1.17308793e-03 4.48006536e-04
 1.86011805e-03 1.40515920e-06 1.26571041e-03 6.10716784e-07
 1.43051128e-05 5.51816437e-07 1.40546275e-05 1.66443574e-03
 1.43386289e-06 7.44189663e-04 4.29090756e-07 4.59111652e-07
 4.26043291e-07 4.32631938e-07 3.80726487e-07 3.24308155e-07
 1.48819226e-04 1.20267330e-04 4.25902728e-07 3.37043267e-07
 3.47082216e-07 3.22483794e-07 3.24869959e-07 2.83251777e-07
 2.75307924e-07 2.51198703e-07 2.20700208e-07 2.38813409e-07
 4.52587752e-07 2.45860587e-07 2.50964011e-07 2.40305865e-07]","[3.74988814e-03 4.00813016e-03 3.92622675e-03 4.08821330e-03
 4.03696433e-03 4.02847372e-03 3.90065960e-03 3.70611477e-03
 4.51473022e-03 3.78876429e-03 4.54954424e-03 5.47117484e-03
 3.68440496e-03 5.49747311e-03 7.59530454e-03 1.56512735e-02
 1.44202270e-02 3.04792953e-03 9.02053687e-03 1.61838268e-02
 9.83052218e-03 1.23673705e-02 7.61839917e-03 5.47577030e-03
 5.19616891e-03 5.77610294e-03 7.67560440e-03 3.48644489e-03
 5.65502255e-03 1.50275421e-02 1.23831174e-02 1.80510460e-02
 1.28066535e-02 2.14026100e-02 1.22099528e-02 1.80146896e-02
 3.69567175e-03 2.68414509e-03 1.84766815e-02 2.07983030e-02
 1.87595144e-02 1.30065174e-03 1.57153488e-02 4.99321714e-03
 4.20162757e-03 1.54320368e-02 1.61293724e-02 4.50615217e-03
 1.47963850e-02 6.15421859e-03 1.45003445e-02 1.03634231e-03
 1.71670548e-02 7.59029948e-03 6.05282674e-03 2.67289834e-04
 3.91375279e-05 4.02200114e-05 6.86394232e-05 4.66499987e-02
 7.38398089e-01 1.07957386e-03 4.96403405e-03 1.92302038e-06
 3.32315325e-03 6.21773844e-03 2.41158836e-03 9.89312038e-04
 4.48978841e-03 3.40917189e-06 1.31376302e-03 3.20567255e-07
 5.61930286e-06 7.33847042e-08 9.48060710e-08 3.06260626e-06
 2.23104065e-09 3.28034460e-06 9.05238632e-09 5.41340939e-08
 5.72579415e-08 1.10585473e-07 1.27423771e-07 9.76864551e-08
 4.74673672e-05 3.65338983e-05 1.11914185e-08 2.75965829e-09
 2.86894415e-09 5.43323966e-09 1.05353465e-07 2.29633620e-07
 2.76260700e-08 8.52929570e-09 6.59486047e-09 5.46512225e-09
 1.08055927e-08 3.23027119e-08 1.20334558e-06 2.38883620e-06]","[3.90429218e+00 9.77416999e-01 7.88521965e-01 4.77491606e-01
 1.67877710e-01 2.48087534e-02 6.87387471e-03 3.31098345e-03
 1.66932093e-03 1.90398552e-03 1.12662172e-03 7.45339382e-04
 5.90799370e-04 4.65868666e-04 3.80024303e-04 2.12504767e-04
 1.64740184e-04 1.17302335e-04 1.14931992e-04 8.19289913e-05
 7.64177666e-05 6.13761972e-05 5.86413109e-05 6.12788294e-05
 4.96626657e-05 4.38511896e-05 4.27773559e-05 3.27511011e-05
 3.08222163e-05 3.31505890e-05 3.28337142e-05 3.00481173e-05
 3.36796168e-05 2.82995272e-05 2.97339141e-05 2.44249168e-05
 2.72458982e-05 2.64595564e-05 2.65317711e-05 2.46382345e-05
 2.33433639e-05 1.84631570e-05 2.20035859e-05 2.11592000e-05
 1.92452849e-05 1.94264456e-05 1.88424642e-05 1.59262861e-05
 1.70477691e-05 1.30569410e-05 1.65613776e-05 1.69237603e-05
 1.63715838e-05 1.45270368e-05 1.30887815e-05 1.38289680e-05
 1.87614070e-05 1.40549928e-05 1.69133851e-05 1.66287026e-05
 1.21739754e-05 1.13726748e-05 1.02785924e-05 1.33938738e-05
 1.10279299e-05 1.16108836e-05 9.56386159e-06 1.12173684e-05
 1.11318341e-05 1.21156405e-05 1.13176174e-05 1.12089035e-05
 1.41889153e-05 1.34830663e-05 1.29007167e-05 1.22485527e-05
 1.36657798e-05 1.09596695e-05 1.05189353e-05 1.12757026e-05
 1.09160197e-05 1.33418660e-05 9.77476310e-06 8.59719243e-06
 1.19477438e-05 1.00569213e-05 1.25147174e-05 9.57175372e-06
 1.01378112e-05 9.47766092e-06 1.00968462e-05 6.90472744e-06
 7.90510719e-06 6.64245397e-06 6.36840540e-06 6.37914242e-06
 6.25940908e-06 6.85719370e-06 7.24196308e-06 6.04435334e-06]","[0.00343698 0.00366226 0.00415483 0.00403134 0.00374346 0.00423923
 0.00508507 0.00475012 0.00343102 0.00570574 0.00435644 0.00401542
 0.00440538 0.00469649 0.00528075 0.00392871 0.00426814 0.00370752
 0.00442533 0.00370376 0.00402961 0.0034666  0.00362774 0.00403872
 0.00348198 0.00321059 0.0032887  0.00260409 0.00259689 0.00292779
 0.00298273 0.00286114 0.00339889 0.0030094  0.00335921 0.0029384
 0.00339586 0.00336776 0.00354286 0.00341295 0.00335186 0.00274804
 0.00335931 0.00338238 0.0031072  0.00316531 0.00312598 0.00268905
 0.00291164 0.00222757 0.00276331 0.0027546  0.00268224 0.00238973
 0.00210712 0.00215707 0.00281975 0.00215216 0.00264277 0.00260542
 0.00188    0.00175131 0.00159632 0.00209374 0.00170505 0.00177646
 0.00145312 0.00167898 0.00161043 0.0016918  0.00156656 0.00152021
 0.00190524 0.00177379 0.00160471 0.00102516 0.00092681 0.00132092
 0.00137608 0.0015147  0.00147443 0.00180773 0.00130604 0.00115032
 0.00160888 0.00133188 0.00160328 0.00106621 0.00109319 0.00116736
 0.00131092 0.00091137 0.00104863 0.00089943 0.0008654  0.00088136
 0.00087939 0.00102176 0.00111998 0.00096635]"
h36,"[4.38619759e+02 1.33476116e+02 2.64438033e+02 1.67351864e+02
 9.19095693e+01 2.66861018e+01 1.87095123e+01 2.59710452e+01
 3.75037594e+01 3.97293641e+01 2.69858085e+01 2.20423365e+01
 1.95172911e+01 1.14724592e+01 6.77410903e+00 3.66202519e+00
 3.52214636e+00 2.14231167e+00 2.66189340e+00 2.33753728e+00
 2.93538807e+00 2.18726206e+00 2.03157067e+00 1.49019460e+00
 2.01997317e+00 1.51055117e+00 1.04450885e+00 6.66748725e-01
 4.67068702e-01 7.18699997e-01 5.37440966e-01 6.08816573e-01
 6.60776419e-01 8.75246603e-01 1.44361823e+00 7.65972449e-01
 1.22930041e+00 1.14029802e+00 1.93211733e+00 1.52761441e+00
 1.33974062e+00 8.79360464e-01 5.44006638e-01 6.11171090e-01
 9.02018898e-01 1.14433744e+00 1.36000019e+00 1.73572588e+00
 1.38573918e+00 1.20873102e+00 1.07931858e+00 1.19370330e+00
 1.11463694e+00 1.24542930e+00 1.46361732e+00 1.24402511e+00
 1.25456550e+00 1.34278100e+00 1.32733212e+00 1.28555436e+00
 1.30303287e+00 1.43932448e+00 1.72908808e+00 1.56046408e+00
 1.93643281e+00 2.13970356e+00 1.37046376e+00 1.20814186e+00
 9.48745431e-01 8.86864073e-01 7.41661127e-01 5.77502023e-01
 4.75581430e-01 5.09354627e-01 5.18235142e-01 5.30847229e-01
 4.84986603e-01 4.67038914e-01 4.40486905e-01 4.17746838e-01
 4.51534310e-01 3.33703419e-01 3.18533692e-01 3.37811688e-01
 3.02746719e-01 2.95729479e-01 2.85253665e-01 2.37430393e-01
 2.77329098e-01 2.67397878e-01 2.60617391e-01 2.85336001e-01
 3.11834049e-01 2.69183407e-01 2.18592228e-01 1.78307129e-01
 1.34162111e-01 1.79408413e-01 1.75207774e-01 1.55455944e-01]","[3.93567855e-05 6.17738134e-05 1.48100111e-04 1.28959829e-04
 1.35591607e-04 1.12368119e-04 1.45248281e-04 2.97949672e-04
 5.70639728e-04 7.69144509e-04 6.18640878e-04 5.99234210e-04
 6.12536535e-04 4.20283148e-04 2.89727525e-04 1.81666489e-04
 1.99785553e-04 1.36460579e-04 1.88933750e-04 1.82853955e-04
 2.50154682e-04 2.02416229e-04 2.04081214e-04 1.60480239e-04
 2.34391610e-04 1.88277600e-04 1.40212552e-04 9.47802763e-05
 7.27159181e-05 1.20424913e-04 9.63686933e-05 1.16539948e-04
 1.33943454e-04 1.86514556e-04 3.25589352e-04 1.83084195e-04
 3.10051496e-04 3.04038425e-04 5.48070849e-04 4.57081420e-04
 4.23225422e-04 2.91736270e-04 1.88256064e-04 2.21157241e-04
 3.39139030e-04 4.48537787e-04 5.56767863e-04 7.37784166e-04
 6.19439060e-04 5.63520712e-04 5.21727136e-04 6.00464171e-04
 5.82769997e-04 6.75390700e-04 8.13991498e-04 6.86382358e-04
 6.05458336e-04 6.75653378e-04 7.44090004e-04 8.39382896e-04
 8.89519332e-04 1.02167496e-03 1.27287962e-03 1.19387338e-03
 1.53011549e-03 1.74019988e-03 1.14792582e-03 1.04381202e-03
 8.40545464e-04 8.04896007e-04 6.85358988e-04 5.42570879e-04
 4.59643912e-04 4.97219683e-04 3.97935179e-04 2.68690447e-04
 2.27799889e-04 3.40069257e-04 4.43255720e-04 4.81851521e-04
 5.42588475e-04 4.21558649e-04 4.15896955e-04 4.48136382e-04
 4.11470015e-04 4.07585271e-04 3.64391529e-04 2.58304154e-04
 3.10712030e-04 3.56631208e-04 4.25252436e-04 4.88333711e-04
 5.24469559e-04 4.33776799e-04 3.57742573e-04 2.95174766e-04
 2.33787199e-04 3.69837091e-04 3.93990290e-04 3.65666555e-04]","[1.61787334e+02 4.91136177e+01 1.06453938e+02 7.41593122e+01
 3.99823658e+01 9.27983320e+00 3.37540002e+00 1.01167565e+00
 5.30734623e-01 3.86499662e-01 4.86863630e-01 1.93220751e-01
 1.48338894e-02 2.51157554e-03 6.96508561e-07 4.00059801e-07
 3.31606335e-07 1.99979051e-07 2.65909253e-07 6.09213502e-03
 2.97568093e-07 2.33587678e-07 1.56681401e-01 1.65568050e-07
 2.47377019e-07 1.77554602e-07 1.18256248e-07 8.00729041e-08
 5.76883185e-08 7.94772404e-04 7.25617751e-08 8.19362336e-08
 9.13113988e-08 3.54305441e-03 4.83939836e-02 5.82745022e-06
 9.03304817e-03 2.22511453e-07 1.38286614e-02 2.82631016e-07
 2.49740769e-07 1.46871150e-07 9.60063671e-08 1.19587218e-07
 1.79469785e-07 2.46435074e-07 1.37445539e-04 9.83203206e-07
 3.00659894e-07 2.74645287e-07 2.63300875e-07 2.84996397e-07
 2.78927001e-07 3.10142292e-07 4.19855225e-07 4.09170394e-07
 3.86219581e-07 4.24104815e-07 4.62476848e-07 5.61624652e-07
 1.23434254e-06 3.70055545e-05 1.50673351e-03 8.43293668e-04
 6.59026288e-03 1.56007276e-02 1.27660123e-06 1.98721073e-04
 1.96580837e-04 1.03083080e-04 9.71007342e-06 4.92758678e-05
 1.32667511e-04 4.96972697e-05 1.75205804e-06 6.08950757e-06
 1.11998606e-06 9.97865950e-07 1.04605599e-06 9.00638130e-07
 8.51771331e-07 7.47066104e-07 6.40470037e-07 6.36960275e-07
 6.58293433e-07 6.71643118e-07 5.88056966e-07 5.28070806e-07
 6.15931431e-07 6.63684641e-07 6.01221804e-07 7.38377892e-07
 8.00378662e-07 6.58693168e-07 4.84037931e-07 4.23728489e-07
 4.14847061e-07 5.74269297e-07 5.33150260e-07 4.38170038e-07]","[5.47533296e-05 6.95349435e-05 1.56165195e-04 1.45024643e-04
 1.54528590e-04 1.38298952e-04 1.40607024e-04 1.00414203e-04
 1.05539350e-04 1.53219187e-04 3.20355887e-04 2.77312456e-04
 2.82912152e-05 9.25201752e-06 4.05717406e-09 3.14651084e-09
 3.98088339e-09 2.92161802e-09 4.51335261e-09 1.18780326e-04
 6.44928148e-09 6.71631842e-09 5.30889378e-03 5.78053545e-09
 1.13869652e-08 9.25926107e-09 6.66492010e-09 1.93913742e-09
 3.99565130e-09 6.67658918e-05 6.75390147e-09 1.01977376e-08
 1.14410899e-08 4.47078165e-04 8.18154826e-03 1.22370356e-06
 2.11962914e-03 5.83088508e-08 4.34156160e-03 9.24220362e-08
 1.14540386e-07 7.44108108e-08 4.89316357e-08 6.85819599e-08
 1.01982501e-07 1.34998540e-07 8.68426814e-05 3.90832350e-07
 2.59322639e-07 2.98026021e-07 2.18657739e-07 3.09963021e-07
 3.08600264e-07 3.88234965e-07 2.24062128e-07 1.83049010e-08
 2.15470794e-09 3.04788321e-09 6.70011298e-09 2.29003548e-07
 5.36077899e-07 7.21840456e-05 3.04011549e-03 1.97092672e-03
 1.90923532e-02 3.62792993e-02 2.62438696e-06 4.38826520e-04
 4.74489437e-04 2.50098308e-04 1.00787157e-05 2.58650656e-05
 5.21141593e-05 6.60911708e-06 1.18185800e-08 1.12048567e-08
 1.74265925e-09 4.39853487e-09 2.20682987e-08 1.06194711e-07
 1.14473515e-07 1.90958299e-07 2.14356264e-07 1.91861939e-07
 2.09969216e-07 2.04026658e-07 1.54523350e-08 4.32376232e-09
 5.09122275e-09 1.11818261e-08 1.94972783e-07 5.98606616e-07
 8.03148582e-08 2.23655167e-08 1.44637953e-08 9.69680893e-09
 9.90452866e-09 7.54511159e-08 2.55639845e-06 4.35576737e-06]","[1.93869028e-03 2.06173962e-03 4.61660815e-02 2.68776463e-02
 5.56334679e-03 1.22159608e-05 5.25166452e-05 8.10559465e-05
 2.66235088e-05 2.65155630e-05 7.88393130e-05 5.51288080e-05
 2.97844955e-05 2.01593214e-05 1.12007184e-05 5.60270231e-06
 3.78990241e-06 2.29923652e-06 3.32308741e-06 2.75200172e-06
 3.75666602e-06 3.07225601e-06 1.31907107e-06 2.19005404e-06
 3.62947475e-06 2.29597497e-06 1.60133333e-06 1.14969685e-06
 9.87133820e-07 1.31587602e-06 1.04249835e-06 1.14363820e-06
 1.25516752e-06 1.76938467e-06 1.53934781e-06 1.76277477e-06
 2.17480894e-06 2.82295832e-06 1.07454411e-05 3.84057658e-06
 3.16471801e-06 1.33843731e-06 8.51105023e-07 1.06961653e-06
 1.57776421e-06 2.25333874e-06 2.57887774e-06 5.39412864e-06
 2.67737969e-06 2.64613091e-06 2.97910595e-06 2.60757762e-06
 2.46617718e-06 2.68420022e-06 4.88657002e-06 5.50340081e-06
 3.85441197e-06 4.15647089e-06 5.51081666e-06 6.04173478e-06
 7.75150193e-06 7.44264738e-06 8.69781540e-06 7.08268454e-06
 6.54148773e-06 6.78875720e-06 7.83019619e-06 7.46848292e-06
 6.29496918e-06 5.95837943e-06 5.22261987e-06 4.48838501e-06
 4.58012916e-06 5.25524653e-06 5.11181397e-06 5.20424081e-06
 4.82873354e-06 4.61932738e-06 4.04328093e-06 3.66754848e-06
 4.23365027e-06 2.84838063e-06 2.91100437e-06 3.10660835e-06
 2.64317276e-06 2.49709657e-06 2.64041561e-06 2.15989605e-06
 2.18732839e-06 2.05469750e-06 1.95299927e-06 2.08768249e-06
 2.26208012e-06 1.96956588e-06 1.94803704e-06 1.66116211e-06
 1.09012548e-06 1.49891755e-06 1.54080546e-06 1.28669309e-06]","[1.70664414e-06 7.72508945e-06 2.43255398e-04 2.26920859e-04
 1.24055708e-04 2.08741969e-06 3.88500862e-05 1.16287404e-04
 5.47202567e-05 7.94601531e-05 3.04857112e-04 2.96999046e-04
 2.22092461e-04 2.03229029e-04 1.55643188e-04 1.03580798e-04
 9.81898892e-05 7.26709042e-05 1.27951967e-04 1.24409523e-04
 1.98093761e-04 1.73524492e-04 8.16019290e-05 1.44340519e-04
 2.54472129e-04 1.68101151e-04 1.23109628e-04 9.14142575e-05
 8.31698749e-05 1.16215199e-04 9.47041978e-05 1.08895550e-04
 1.26669309e-04 1.88158178e-04 1.73908751e-04 2.12067426e-04
 2.71062357e-04 3.59305013e-04 1.43486915e-03 5.32007023e-04
 4.54420221e-04 1.99212177e-04 1.29939110e-04 1.70982356e-04
 2.54734275e-04 3.67154615e-04 4.27838196e-04 9.10764035e-04
 4.57277013e-04 4.51441761e-04 4.97071868e-04 4.24423302e-04
 4.04046782e-04 4.41557007e-04 7.86671966e-04 8.58431427e-04
 5.79300253e-04 6.36457042e-04 8.61082950e-04 9.46631558e-04
 1.19704411e-03 1.14611185e-03 1.35081766e-03 1.10717101e-03
 1.01139243e-03 1.03867798e-03 1.18971122e-03 1.11786150e-03
 9.10686378e-04 8.32014707e-04 7.22904738e-04 6.08737793e-04
 6.15004761e-04 6.91364819e-04 6.35853110e-04 4.35577257e-04
 3.27482400e-04 5.56746846e-04 5.28939150e-04 4.92674057e-04
 5.71840923e-04 3.85935244e-04 3.88949584e-04 4.15668165e-04
 3.55929386e-04 3.30701237e-04 3.38266737e-04 2.40593145e-04
 2.35866063e-04 2.53076257e-04 2.53566188e-04 2.75558818e-04
 3.00069386e-04 2.66691789e-04 2.64718570e-04 2.29511986e-04
 1.53153473e-04 2.23347596e-04 2.38287469e-04 2.05711917e-04]"
h44,"[2.06817645e+02 5.04234804e+01 3.87913478e+01 3.39408650e+01
 1.75007947e+01 8.47627354e+00 4.88889468e+00 3.72307886e+00
 4.32286590e+00 4.59434428e+00 4.52657380e+00 4.84998068e+00
 3.82574562e+00 3.31962874e+00 3.38647163e+00 2.79600467e+00
 2.35366413e+00 2.20480116e+00 1.72555788e+00 1.45092471e+00
 1.57296536e+00 1.56137281e+00 1.34151695e+00 1.39376296e+00
 1.33714583e+00 1.69229496e+00 1.02309165e+00 9.19792642e-01
 8.95945095e-01 6.43523029e-01 7.15685445e-01 6.54170013e-01
 5.47188099e-01 4.94156727e-01 5.50933734e-01 6.23008493e-01
 6.61710771e-01 6.87843270e-01 7.61344150e-01 4.24919133e-01
 5.93715651e-01 5.02356662e-01 4.43853708e-01 4.08104443e-01
 4.46494722e-01 3.81529003e-01 5.13069373e-01 4.27187264e-01
 4.30020430e-01 4.65398835e-01 4.87348350e-01 4.46405177e-01
 4.62962876e-01 4.44527288e-01 3.83630996e-01 4.13994712e-01
 3.95576550e-01 4.13567290e-01 5.21963030e-01 5.87902925e-01
 6.10572131e-01 4.93933868e-01 5.41696391e-01 5.66888132e-01
 5.34737874e-01 5.59427528e-01 5.59606757e-01 6.62835950e-01
 6.06874990e-01 6.89129682e-01 5.82907296e-01 5.98165425e-01
 5.79344834e-01 5.98433051e-01 5.64664046e-01 5.08080624e-01
 5.69488623e-01 5.31492038e-01 4.87682665e-01 4.48625574e-01
 3.70578370e-01 3.34715551e-01 3.35483828e-01 2.63630600e-01
 2.63691833e-01 2.14945195e-01 2.36174609e-01 2.56691745e-01
 2.09760395e-01 2.89447349e-01 2.40079410e-01 2.49094402e-01
 2.44683662e-01 2.39471291e-01 2.33293701e-01 2.20562549e-01
 1.94866428e-01 2.06012568e-01 2.21052828e-01 2.15502816e-01]","[1.85574807e-05 2.33363898e-05 2.17253276e-05 2.61545229e-05
 2.58184312e-05 3.56913469e-05 3.79541454e-05 4.27125715e-05
 6.57747133e-05 8.89446573e-05 1.03770231e-04 1.31849649e-04
 1.20068351e-04 1.21611591e-04 1.44838832e-04 1.38704768e-04
 1.33506119e-04 1.40441023e-04 1.22475273e-04 1.13498649e-04
 1.34048596e-04 1.44494436e-04 1.34761942e-04 1.50095439e-04
 1.55158380e-04 2.10930447e-04 1.37337554e-04 1.30751207e-04
 1.39485840e-04 1.07828308e-04 1.28329762e-04 1.25221525e-04
 1.10918401e-04 1.05304519e-04 1.24255952e-04 1.48912678e-04
 1.66895262e-04 1.83400112e-04 2.15965422e-04 1.27141142e-04
 1.87555377e-04 1.66661642e-04 1.53597670e-04 1.47675919e-04
 1.67872078e-04 1.49545203e-04 2.10044484e-04 1.81579362e-04
 1.92223367e-04 2.16972908e-04 2.35577208e-04 2.24553550e-04
 2.42052694e-04 2.41065147e-04 2.13356568e-04 2.28418755e-04
 1.90906827e-04 2.08096582e-04 2.92607605e-04 3.83862149e-04
 4.16808913e-04 3.50608826e-04 3.98773380e-04 4.33712420e-04
 4.22535035e-04 4.54976913e-04 4.68736981e-04 5.72677889e-04
 5.37663744e-04 6.25437140e-04 5.38656726e-04 5.61984422e-04
 5.59930034e-04 5.84175888e-04 4.33586359e-04 2.57167039e-04
 2.67490781e-04 3.87000092e-04 4.90748143e-04 5.17468706e-04
 4.45307362e-04 4.22837249e-04 4.38028083e-04 3.49728762e-04
 3.58389623e-04 2.96245393e-04 3.01696482e-04 2.79258874e-04
 2.35009880e-04 3.86038808e-04 3.91740374e-04 4.26308609e-04
 4.11530212e-04 3.85897078e-04 3.81802637e-04 3.65125607e-04
 3.39568868e-04 4.24679577e-04 4.97082210e-04 5.06909997e-04]","[3.42528284e+01 1.53901191e+01 1.37932558e+01 1.04079667e+01
 7.44648951e+00 2.30111375e+00 2.45623588e-01 1.14352442e-01
 3.41356078e-01 7.57586710e-02 4.03853015e-07 1.26722663e-02
 6.10451315e-02 3.04996075e-07 1.18729992e-02 2.89696847e-07
 2.53957143e-07 2.47123194e-07 2.08640260e-07 1.57845975e-07
 1.90331779e-07 2.04232691e-07 1.47097181e-04 1.90808633e-07
 1.72160884e-07 2.26818199e-07 1.45011195e-07 1.24927639e-07
 1.30038879e-07 8.91510320e-08 1.09263331e-07 1.00493006e-07
 8.43474284e-08 7.46070055e-08 8.61831258e-08 9.83409769e-08
 1.11979099e-07 1.10941928e-07 1.36617678e-07 7.75882377e-08
 1.21409608e-07 1.00775530e-07 8.77756381e-08 7.42157791e-08
 8.46688854e-08 7.06590945e-08 1.04734735e-07 8.45860044e-08
 8.84949521e-08 9.95556481e-08 2.54684925e-04 1.16277112e-07
 1.02545318e-07 9.52386571e-08 8.45008853e-08 9.02585837e-08
 9.55593111e-08 9.54803272e-08 1.18571803e-07 1.42931674e-07
 1.57321641e-07 1.22776898e-07 1.33336381e-07 2.98370758e-05
 1.38335080e-07 1.44852668e-07 1.42164891e-07 1.70482534e-07
 1.58135878e-07 1.74768223e-07 1.49141202e-07 1.55615395e-07
 1.49327730e-07 1.59269329e-07 1.49184030e-07 1.38825460e-07
 1.54885586e-07 1.46348810e-07 1.39245403e-07 1.25448821e-07
 1.05036441e-07 9.88869964e-08 9.91090393e-08 8.00512544e-08
 7.73881949e-08 7.07280935e-08 7.47254685e-08 8.77298319e-08
 7.48436755e-08 1.09275535e-07 8.40542786e-08 9.51544996e-08
 9.06196269e-08 9.37841688e-08 9.72901421e-08 9.50751187e-08
 8.06414848e-08 8.97582724e-08 9.04829326e-08 9.04141597e-08]","[1.15921090e-05 2.17892942e-05 2.02343522e-05 2.03536362e-05
 2.87800759e-05 3.42938944e-05 1.02317952e-05 1.13500897e-05
 6.78804376e-05 3.00328386e-05 2.65734967e-10 1.81873701e-05
 1.16425362e-04 1.12352943e-09 6.91604199e-05 2.27849503e-09
 3.04871671e-09 3.61037605e-09 3.54130987e-09 3.07757400e-09
 4.12511706e-09 5.87227800e-09 4.98414811e-06 6.66176879e-09
 7.92470533e-09 1.18282990e-08 8.17282846e-09 3.02539121e-09
 9.00684973e-09 7.48924865e-09 1.01700071e-08 1.25073031e-08
 1.05685218e-08 9.41423959e-09 1.45702286e-08 2.06505761e-08
 2.62761978e-08 2.90721948e-08 4.28916473e-08 2.53718187e-08
 5.56829526e-08 5.10569220e-08 4.47366740e-08 4.25619366e-08
 4.81125258e-08 3.87074552e-08 6.61749033e-08 3.36237175e-08
 7.63279206e-08 1.08030886e-07 2.11502639e-04 1.26463371e-07
 1.13454459e-07 1.19219396e-07 4.50951829e-08 4.03786410e-09
 5.33122649e-10 6.86181518e-10 1.71780377e-09 5.82806691e-08
 6.83251625e-08 2.39491972e-07 2.69030984e-07 6.97345327e-05
 4.00764319e-07 3.36853091e-07 2.92257031e-07 3.76468667e-07
 3.81694395e-07 4.24019507e-07 1.54803338e-07 8.16830342e-08
 5.86585897e-08 2.11808344e-08 1.00632704e-09 2.55442559e-10
 2.40996569e-10 6.45097012e-10 2.93761439e-09 1.47917358e-08
 1.41163364e-08 2.52766020e-08 3.31703939e-08 2.41126323e-08
 2.46837319e-08 2.14852444e-08 1.96355632e-09 7.18318334e-10
 6.18649746e-10 1.84108529e-09 2.72583205e-08 7.71422244e-08
 9.09332399e-09 3.18438311e-09 2.90717857e-09 2.17574528e-09
 1.92532615e-09 1.17930069e-08 4.33855980e-07 8.98790454e-07]","[7.80312998e-02 9.97144513e-04 5.98262159e-03 5.18694454e-04
 4.64586133e-06 1.03655654e-04 5.77770145e-05 6.99998551e-06
 1.35152188e-05 1.51832913e-05 6.37908396e-06 1.33376273e-05
 4.15484769e-06 4.63609375e-06 5.25015060e-06 4.22832610e-06
 2.85613359e-06 2.77048888e-06 2.48761303e-06 1.62453413e-06
 2.19146228e-06 2.38268898e-06 1.65913097e-06 1.96922319e-06
 1.76666446e-06 2.35429195e-06 1.43981166e-06 1.17259298e-06
 1.29345805e-06 8.35110859e-07 1.03984437e-06 9.60284007e-07
 8.15541304e-07 6.62284006e-07 8.13292344e-07 9.87208820e-07
 1.11074836e-06 9.99075438e-07 1.34220114e-06 7.61573115e-07
 1.25592356e-06 1.11381030e-06 8.97217192e-07 7.30212883e-07
 8.08374913e-07 7.23665872e-07 1.13631257e-06 7.91274885e-07
 8.52936053e-07 9.89543166e-07 1.11236274e-06 9.64969401e-07
 1.07356064e-06 8.95657315e-07 7.97734731e-07 8.45632834e-07
 1.05420469e-06 9.67661216e-07 1.18278138e-06 1.51023155e-06
 1.78036747e-06 1.30944085e-06 1.42802832e-06 1.49192643e-06
 1.46758537e-06 1.56859015e-06 1.49187263e-06 1.86825919e-06
 1.84748511e-06 1.92609386e-06 1.57906785e-06 1.78158629e-06
 1.54279239e-06 1.91849569e-06 1.75388628e-06 1.65570434e-06
 1.89690630e-06 1.68098330e-06 1.89374092e-06 1.55041906e-06
 1.32170159e-06 1.40010923e-06 1.36372765e-06 1.14498866e-06
 1.05171604e-06 1.25127658e-06 1.16145851e-06 1.50717456e-06
 1.28879266e-06 2.41362399e-06 1.36928156e-06 2.03161229e-06
 1.61910505e-06 2.06315289e-06 2.23373311e-06 2.32008827e-06
 1.62170002e-06 1.99730296e-06 1.78058280e-06 1.71061454e-06]","[6.86915602e-05 3.73618011e-06 3.15232515e-05 4.37920009e-06
 1.03596925e-07 1.77123075e-05 4.27415343e-05 1.00425716e-05
 2.77783161e-05 4.55003219e-05 2.46667435e-05 7.18546750e-05
 3.09812315e-05 4.67371305e-05 7.29551572e-05 7.81718122e-05
 7.39975362e-05 8.75655593e-05 9.57829092e-05 7.34401855e-05
 1.15558584e-04 1.34576967e-04 1.02639115e-04 1.29786157e-04
 1.23865545e-04 1.72370862e-04 1.10691931e-04 9.32347660e-05
 1.08978886e-04 7.37551058e-05 9.44631004e-05 9.14368334e-05
 8.23030003e-05 7.04279596e-05 9.18821951e-05 1.18764369e-04
 1.38440698e-04 1.27161925e-04 1.79227916e-04 1.05495161e-04
 1.80337414e-04 1.65778833e-04 1.36979104e-04 1.16727366e-04
 1.30514303e-04 1.17912705e-04 1.88515304e-04 1.33601691e-04
 1.45675285e-04 1.68820487e-04 1.85600726e-04 1.57063589e-04
 1.75887088e-04 1.47337654e-04 1.28424548e-04 1.31903495e-04
 1.58442078e-04 1.48172527e-04 1.84813421e-04 2.36626216e-04
 2.74937478e-04 2.01644065e-04 2.21780504e-04 2.33219155e-04
 2.26906293e-04 2.39993861e-04 2.26673452e-04 2.79635777e-04
 2.67273672e-04 2.68955416e-04 2.18571456e-04 2.41627869e-04
 2.07161115e-04 2.52391666e-04 2.18164052e-04 1.38576823e-04
 1.28647278e-04 2.02601390e-04 2.47737847e-04 2.08272980e-04
 1.78522790e-04 1.89704807e-04 1.82212472e-04 1.53200945e-04
 1.41623979e-04 1.65711939e-04 1.48795810e-04 1.67885796e-04
 1.38974308e-04 2.97285087e-04 1.77779639e-04 2.68157962e-04
 2.14777476e-04 2.79364067e-04 3.03541782e-04 3.20551536e-04
 2.27835232e-04 2.97609975e-04 2.75369330e-04 2.73486970e-04]"
h49,"[1.40318796e+04 2.74980830e+03 2.18613959e+03 1.72676721e+03
 8.43989678e+02 2.87274014e+02 1.33154784e+02 1.15703975e+02
 7.34819052e+01 4.91551073e+01 4.61148344e+01 3.52248820e+01
 3.00228808e+01 3.25646973e+01 2.58119831e+01 2.06871336e+01
 2.18005177e+01 2.02222965e+01 1.88910390e+01 1.70924763e+01
 1.80430384e+01 1.35122644e+01 1.24736672e+01 1.77332664e+01
 1.08295353e+01 1.29429233e+01 1.62061059e+01 1.19481678e+02
 3.25088313e+01 1.45402854e+01 1.15419604e+01 9.97546431e+00
 8.80783457e+00 6.74932490e+00 6.44200167e+00 5.72914545e+00
 6.74766626e+00 8.30038514e+00 6.78640671e+00 6.29156861e+00
 6.83730749e+00 6.28940966e+00 5.90473832e+00 4.50757874e+00
 4.58342864e+00 3.82251437e+00 4.02693440e+00 3.54006336e+00
 3.05985978e+00 3.31133697e+00 3.42331953e+00 3.11236493e+00
 3.16798119e+00 3.16982949e+00 2.64246671e+00 2.77571311e+00
 2.96491544e+00 2.83772833e+00 2.25884710e+00 2.22184286e+00
 2.06652873e+00 1.97780727e+00 1.82420954e+00 1.75666072e+00
 1.85611021e+00 2.01062167e+00 1.85531425e+00 1.81525973e+00
 2.06025317e+00 1.82930128e+00 1.71861938e+00 1.55516288e+00
 1.59241222e+00 1.46194514e+00 1.28075745e+00 1.16393320e+00
 1.04662401e+00 1.04736456e+00 1.04935924e+00 9.37721372e-01
 1.07346610e+00 9.66357923e-01 8.39123092e-01 1.00636141e+00
 1.00431679e+00 1.09476508e+00 1.05178616e+00 1.02753186e+00
 8.58219710e-01 7.94625041e-01 7.52353675e-01 6.88286689e-01
 6.59010271e-01 6.36101689e-01 5.93444684e-01 5.08970775e-01
 4.42576197e-01 3.75483607e-01 4.19721251e-01 4.22556806e-01]","[0.00125906 0.00127263 0.00122436 0.00133063 0.00124511 0.00120963
 0.00103373 0.0013274  0.00111807 0.00095162 0.00105717 0.00095761
 0.00094225 0.00119298 0.00110397 0.00102625 0.00123658 0.00128812
 0.00134083 0.00133706 0.00153763 0.00125047 0.00125304 0.00190971
 0.00125663 0.00161323 0.00217547 0.01698467 0.00506116 0.00243636
 0.00206959 0.00190951 0.0017854  0.00143828 0.00145291 0.00136939
 0.00170188 0.00221314 0.00192505 0.00188252 0.00215991 0.00208657
 0.00204336 0.0016311  0.00172327 0.00149828 0.00164858 0.00150473
 0.00136779 0.00154377 0.00165478 0.0015656  0.00165633 0.00171898
 0.00146961 0.00153148 0.00143088 0.00142787 0.00126629 0.00145072
 0.00141072 0.00140391 0.0013429  0.00134398 0.00146665 0.00163522
 0.00155405 0.00156835 0.00182529 0.00166023 0.00158815 0.0014611
 0.00153905 0.00142712 0.00098345 0.00058913 0.0004916  0.00076263
 0.00105596 0.00108162 0.00128994 0.00122077 0.00109561 0.00133503
 0.00136499 0.00150885 0.00134358 0.00111787 0.00096153 0.0010598
 0.00122762 0.00117796 0.00110838 0.00102505 0.00097122 0.00084256
 0.00077122 0.00077403 0.00094383 0.00099395]","[3.61313586e+03 9.25133830e+02 8.66924255e+02 6.95597121e+02
 3.34259975e+02 8.78616795e+01 2.91475879e+01 2.03275405e+01
 8.58051643e+00 3.31779781e+00 2.33457749e+00 8.14909710e-01
 3.86427322e-01 1.69886045e+00 7.02804007e-01 4.44277385e-02
 3.79045523e-01 3.14481211e-01 7.15496344e-02 6.36076727e-02
 1.17835911e+00 1.19878791e-01 1.00817302e-01 1.19439597e+00
 2.67537304e-03 1.24092323e-01 6.11537611e-01 2.62048212e+01
 1.62777605e+00 8.01754614e-02 1.68278789e-02 5.29839676e-02
 6.64633632e-02 3.59469717e-03 4.32648799e-02 2.91376776e-04
 2.55965858e-02 3.78697434e-02 9.76449496e-03 5.92867805e-03
 4.80345195e-03 4.95855951e-04 7.22028819e-04 1.11728003e-06
 3.56839095e-04 4.21536401e-06 1.45810296e-02 1.59177438e-03
 1.97219598e-05 4.68158437e-04 3.10769729e-03 8.37203676e-04
 2.72415534e-03 6.00758604e-03 1.03208932e-06 3.04142685e-06
 2.04242356e-06 1.06677541e-06 1.00139856e-06 1.06848358e-04
 3.76195859e-05 1.50716792e-04 1.25716454e-04 1.09222350e-03
 1.23517984e-03 5.24409885e-04 2.39435990e-04 9.26629488e-07
 6.70864699e-04 3.95699292e-06 4.36583495e-06 1.43890917e-06
 1.19188513e-04 4.94623531e-05 8.94312228e-05 6.24580023e-05
 1.49860387e-04 1.07395050e-05 1.17180801e-04 1.32533097e-05
 9.89032877e-07 4.14273406e-05 1.56458103e-05 6.61907161e-07
 6.93596292e-07 8.07315929e-07 7.04383227e-07 3.46657125e-03
 1.13112976e-03 3.94877671e-04 4.77962091e-07 3.86815214e-07
 3.90466488e-07 1.21981301e-03 4.34359472e-07 1.07257333e-05
 3.88775318e-07 8.58044530e-06 3.82977522e-07 3.74473843e-07]","[1.22278558e-03 1.30980228e-03 1.27175563e-03 1.36029746e-03
 1.29188760e-03 1.30941774e-03 1.21418367e-03 2.01761680e-03
 1.70628047e-03 1.31526708e-03 1.53615016e-03 1.16956700e-03
 7.36994742e-04 6.25817795e-03 4.09384514e-03 3.49428660e-04
 4.55038360e-03 4.59445112e-03 1.21443209e-03 1.24017936e-03
 2.55389263e-02 3.44686047e-03 3.41602988e-03 4.17003656e-02
 1.23149594e-04 6.47126686e-03 3.44662493e-02 6.34606051e-01
 1.12744237e-01 6.73524415e-03 1.56630451e-03 6.59435484e-03
 8.32769315e-03 4.53594675e-04 7.31441547e-03 6.11860737e-05
 6.00630795e-03 9.92371935e-03 3.06560087e-03 1.93871325e-03
 2.20304135e-03 2.51220497e-04 3.67996959e-04 6.40747860e-07
 2.02771421e-04 2.30920046e-06 9.21278143e-03 6.32745008e-04
 1.70104187e-05 5.08013072e-04 2.58078164e-03 9.10545479e-04
 3.01396084e-03 7.52027381e-03 5.50790164e-07 1.36063162e-07
 1.13946223e-08 7.66651723e-09 1.45077176e-08 4.35676264e-05
 1.63382755e-05 2.93992292e-04 2.53656361e-04 2.55271985e-03
 3.57838379e-03 1.21950871e-03 4.92223158e-04 2.04623289e-06
 1.61927387e-03 9.60038478e-06 4.53158358e-06 7.55288169e-07
 4.68193690e-05 6.57787609e-06 6.03262013e-07 1.14924394e-07
 2.33177535e-07 4.73391113e-08 2.47212477e-06 1.56270464e-06
 1.32920733e-07 1.05892831e-05 5.23643145e-06 1.99376313e-07
 2.21229413e-07 2.45240316e-07 1.85090327e-08 2.83837507e-05
 9.34979651e-06 6.65293905e-06 1.55000365e-07 3.13593011e-07
 3.91817800e-08 4.14179918e-05 1.29793268e-08 2.45452899e-07
 9.28206233e-09 1.12735293e-06 1.83633624e-06 3.72257528e-06]","[8.69646397e-01 4.05090913e-01 2.18669022e-01 1.62044891e-01
 6.78703801e-02 9.80965806e-03 9.46802477e-04 7.48975953e-04
 2.78704988e-04 4.99826692e-04 1.89591791e-04 2.40281791e-04
 1.71682763e-04 1.83125869e-04 6.92292780e-05 5.08225366e-05
 3.67060641e-05 3.31209239e-05 3.42106116e-05 2.90745696e-05
 2.38325045e-05 3.43767151e-05 3.24949567e-05 4.24642468e-05
 2.37496113e-05 4.42479048e-05 5.52832592e-05 1.34984802e-04
 1.57162360e-04 6.70725583e-05 4.52020145e-05 2.84246258e-05
 1.95354474e-05 1.75882265e-05 1.74026620e-05 2.18263843e-05
 3.61132525e-05 3.71028014e-05 6.23185829e-05 3.34141145e-05
 4.12263795e-05 3.79046087e-05 4.12153365e-05 2.11398752e-05
 1.60497613e-05 1.66937615e-05 2.00402513e-05 1.75509354e-05
 1.58014899e-05 1.61830820e-05 2.11459291e-05 2.11226970e-05
 2.30451372e-05 2.70335437e-05 2.33477233e-05 2.51023625e-05
 2.63471451e-05 2.85324670e-05 2.21157285e-05 1.94785060e-05
 2.77238724e-05 1.74143216e-05 2.16583779e-05 1.98539073e-05
 2.28573553e-05 3.21274932e-05 3.09794138e-05 3.04568301e-05
 3.14041511e-05 3.03287781e-05 2.75429301e-05 2.76202004e-05
 2.43667460e-05 2.32229648e-05 2.20191939e-05 1.73552427e-05
 1.87786721e-05 1.89067255e-05 1.70235297e-05 1.52044939e-05
 2.20085798e-05 1.90772580e-05 1.57023739e-05 2.24580810e-05
 2.32437619e-05 2.65469934e-05 2.50427448e-05 2.49157829e-05
 1.86460014e-05 1.63914775e-05 1.46679881e-05 1.27304826e-05
 1.27169537e-05 1.17950878e-05 1.03962678e-05 9.59674309e-06
 8.28679091e-06 7.29931259e-06 8.10418100e-06 8.45958821e-06]","[0.00076556 0.00151783 0.0011522  0.0013681  0.00151342 0.00167624
 0.00070041 0.00107452 0.00057283 0.00149785 0.00073312 0.00129449
 0.00128018 0.00184612 0.000962   0.00093959 0.00095099 0.00104684
 0.00131724 0.00131437 0.00125672 0.00194164 0.00201024 0.0027987
 0.00166515 0.00323964 0.00425015 0.01073286 0.01324154 0.0059237
 0.00410631 0.00270655 0.00197148 0.00187035 0.00196608 0.00262578
 0.00450106 0.00472243 0.00832158 0.00462861 0.00591967 0.0056417
 0.00629239 0.00337929 0.00259128 0.00272005 0.0033247  0.00296336
 0.00269878 0.00276091 0.00352826 0.00343804 0.00377561 0.00444708
 0.00375867 0.00391552 0.00395985 0.00436902 0.00345565 0.00305193
 0.00428132 0.00268167 0.00336366 0.00310358 0.00353402 0.0049155
 0.00470698 0.00455869 0.0045432  0.00423504 0.00381244 0.00374599
 0.00327189 0.00305515 0.00273894 0.00145257 0.00127356 0.00227874
 0.00222701 0.00204247 0.00297271 0.00258483 0.00209805 0.00300492
 0.00313    0.00351573 0.00320826 0.0027754  0.00201065 0.00201893
 0.00190441 0.00168033 0.00168693 0.00159713 0.00141275 0.00132592
 0.00116422 0.00108764 0.00125332 0.00135249]"
h50,"[0. 0. 0. 0. 0. 0. 0. 0. 0. 0. 0. 0. 0. 0. 0. 0. 0. 0. 0. 0. 0. 0. 0. 0.
 0. 0. 0. 0. 0. 0. 0. 0. 0. 0. 0. 0. 0. 0. 0. 0. 0. 0. 0. 0. 0. 0. 0. 0.
 0. 0. 0. 0. 0. 0. 0. 0. 0. 0. 0. 0. 0. 0. 0. 0. 0. 0. 0. 0. 0. 0. 0. 0.
 0. 0. 0. 0. 0. 0. 0. 0. 0. 0. 0. 0. 0. 0. 0. 0. 0. 0. 0. 0. 0. 0. 0. 0.
 0. 0. 0. 0.]","[0. 0. 0. 0. 0. 0. 0. 0. 0. 0. 0. 0. 0. 0. 0. 0. 0. 0. 0. 0. 0. 0. 0. 0.
 0. 0. 0. 0. 0. 0. 0. 0. 0. 0. 0. 0. 0. 0. 0. 0. 0. 0. 0. 0. 0. 0. 0. 0.
 0. 0. 0. 0. 0. 0. 0. 0. 0. 0. 0. 0. 0. 0. 0. 0. 0. 0. 0. 0. 0. 0. 0. 0.
 0. 0. 0. 0. 0. 0. 0. 0. 0. 0. 0. 0. 0. 0. 0. 0. 0. 0. 0. 0. 0. 0. 0. 0.
 0. 0. 0. 0.]","[0. 0. 0. 0. 0. 0. 0. 0. 0. 0. 0. 0. 0. 0. 0. 0. 0. 0. 0. 0. 0. 0. 0. 0.
 0. 0. 0. 0. 0. 0. 0. 0. 0. 0. 0. 0. 0. 0. 0. 0. 0. 0. 0. 0. 0. 0. 0. 0.
 0. 0. 0. 0. 0. 0. 0. 0. 0. 0. 0. 0. 0. 0. 0. 0. 0. 0. 0. 0. 0. 0. 0. 0.
 0. 0. 0. 0. 0. 0. 0. 0. 0. 0. 0. 0. 0. 0. 0. 0. 0. 0. 0. 0. 0. 0. 0. 0.
 0. 0. 0. 0.]","[0. 0. 0. 0. 0. 0. 0. 0. 0. 0. 0. 0. 0. 0. 0. 0. 0. 0. 0. 0. 0. 0. 0. 0.
 0. 0. 0. 0. 0. 0. 0. 0. 0. 0. 0. 0. 0. 0. 0. 0. 0. 0. 0. 0. 0. 0. 0. 0.
 0. 0. 0. 0. 0. 0. 0. 0. 0. 0. 0. 0. 0. 0. 0. 0. 0. 0. 0. 0. 0. 0. 0. 0.
 0. 0. 0. 0. 0. 0. 0. 0. 0. 0. 0. 0. 0. 0. 0. 0. 0. 0. 0. 0. 0. 0. 0. 0.
 0. 0. 0. 0.]","[0. 0. 0. 0. 0. 0. 0. 0. 0. 0. 0. 0. 0. 0. 0. 0. 0. 0. 0. 0. 0. 0. 0. 0.
 0. 0. 0. 0. 0. 0. 0. 0. 0. 0. 0. 0. 0. 0. 0. 0. 0. 0. 0. 0. 0. 0. 0. 0.
 0. 0. 0. 0. 0. 0. 0. 0. 0. 0. 0. 0. 0. 0. 0. 0. 0. 0. 0. 0. 0. 0. 0. 0.
 0. 0. 0. 0. 0. 0. 0. 0. 0. 0. 0. 0. 0. 0. 0. 0. 0. 0. 0. 0. 0. 0. 0. 0.
 0. 0. 0. 0.]","[0. 0. 0. 0. 0. 0. 0. 0. 0. 0. 0. 0. 0. 0. 0. 0. 0. 0. 0. 0. 0. 0. 0. 0.
 0. 0. 0. 0. 0. 0. 0. 0. 0. 0. 0. 0. 0. 0. 0. 0. 0. 0. 0. 0. 0. 0. 0. 0.
 0. 0. 0. 0. 0. 0. 0. 0. 0. 0. 0. 0. 0. 0. 0. 0. 0. 0. 0. 0. 0. 0. 0. 0.
 0. 0. 0. 0. 0. 0. 0. 0. 0. 0. 0. 0. 0. 0. 0. 0. 0. 0. 0. 0. 0. 0. 0. 0.
 0. 0. 0. 0.]"
h51,"[17.62849088  4.08454965  1.4185755   1.18809435  0.          0.37150538
  0.          0.          0.          0.53296684  1.48901442  1.24237705
  0.70129121  1.05386397  0.84793363  1.19985129  0.94333658  1.34464573
  1.67356133  1.55407199  1.63398693  2.11016765  1.57567216  2.27491707
  3.06147695  3.46737616  3.65000698  4.1032209   3.61277314  4.59402215
  3.90280027  2.98080594  2.5316384   2.48471269  1.97631626  2.06083505
  2.14510673  2.06419383  2.37756143  1.54733338  1.45594187  1.49978144
  1.33642361  1.22696655  1.216727    1.24304267  1.01865975  0.92118422
  0.71978456  0.67421271  0.52884108  0.57137854  0.58974511  0.43782757
  0.39393863  0.40994145  0.36657649  0.32480104  0.25358192  0.26056236
  0.24826684  0.28398853  0.29615307  0.30732553  0.34758828  0.27509619
  0.23048652  0.26596887  0.17054333  0.15400944  0.19318559  0.16276831
  0.14152808  0.12745236  0.1191802   0.09906951  0.12472679  0.10092101
  0.0999059   0.1134027   0.09776596  0.0989445   0.06422182  0.06913874
  0.0939757   0.07805829  0.08241428  0.08280334  0.08217749  0.06364661
  0.07865012  0.08065955  0.09981736  0.10399934  0.06638318  0.07553825
  0.09332481  0.07930156  0.08482416  0.09195253]","[1.58178176e-06 1.89036222e-06 7.94481740e-07 9.15534733e-07
 0.00000000e+00 1.56431092e-06 0.00000000e+00 0.00000000e+00
 0.00000000e+00 1.03180236e-05 3.41351711e-05 3.37747692e-05
 2.20095343e-05 3.86073518e-05 3.62659813e-05 5.95224665e-05
 5.35085717e-05 8.56509991e-05 1.18784703e-04 1.21567349e-04
 1.39248873e-04 1.95281666e-04 1.58283979e-04 2.44987623e-04
 3.55244576e-04 4.32179508e-04 4.89968842e-04 5.83284821e-04
 5.62457117e-04 7.69771421e-04 6.99812231e-04 5.70587244e-04
 5.13178710e-04 5.29490867e-04 4.45732478e-04 4.92584722e-04
 5.41034189e-04 5.50377384e-04 6.74427009e-04 4.62981583e-04
 4.59933516e-04 4.97566879e-04 4.62475696e-04 4.43987848e-04
 4.57462272e-04 4.87226574e-04 4.17027156e-04 3.91556719e-04
 3.21750784e-04 3.14323716e-04 2.55634197e-04 2.87418441e-04
 3.08338746e-04 2.37431918e-04 2.19089163e-04 2.26182394e-04
 1.76911283e-04 1.63431656e-04 1.42155657e-04 1.70130174e-04
 1.69480110e-04 2.01583431e-04 2.18015044e-04 2.35127345e-04
 2.74654621e-04 2.23733030e-04 1.93059779e-04 2.29792143e-04
 1.51093667e-04 1.39775179e-04 1.78520185e-04 1.52923002e-04
 1.36785238e-04 1.24415916e-04 9.15144334e-05 5.01444261e-05
 5.85846065e-05 7.34845268e-05 1.00533894e-04 1.30804729e-04
 1.17480953e-04 1.24993956e-04 8.38519132e-05 9.17185131e-05
 1.27724535e-04 1.07582806e-04 1.05278453e-04 9.00830165e-05
 9.20694366e-05 8.48861211e-05 1.28334314e-04 1.38043488e-04
 1.67881496e-04 1.67590198e-04 1.08641057e-04 1.25048192e-04
 1.62625236e-04 1.63474273e-04 1.90744364e-04 2.16292572e-04]","[5.01014984e+00 2.45475028e+00 4.70728735e-07 6.74844637e-01
 0.00000000e+00 2.14309734e-01 0.00000000e+00 0.00000000e+00
 0.00000000e+00 3.18040067e-02 1.01632363e-07 8.82654588e-08
 7.18293990e-08 8.80375340e-08 7.00566563e-08 2.20147067e-02
 8.36039592e-08 1.13186425e-07 1.46565171e-07 1.48919545e-07
 1.61712544e-07 2.15394784e-07 1.69779665e-07 2.58514537e-07
 3.38790755e-07 3.88576491e-07 4.11940664e-07 4.84154458e-07
 4.30811917e-07 1.36109104e-03 4.68612251e-07 3.66175618e-07
 3.07030920e-07 3.33908544e-07 2.89975624e-07 2.96035785e-07
 3.12085678e-07 3.07394770e-07 3.79801642e-07 2.38927558e-07
 2.18672193e-07 2.34019886e-07 2.12564383e-07 1.90999348e-07
 1.93746988e-07 1.95575567e-07 1.64223248e-07 1.55297196e-07
 1.25269481e-07 1.19357834e-07 9.74545131e-08 1.00442595e-07
 1.02127855e-07 7.86012290e-08 7.47543839e-08 7.80434184e-08
 6.81262685e-08 6.23841188e-08 5.51681939e-08 5.46298492e-08
 5.76319711e-08 6.23321622e-08 7.21523183e-08 7.22339827e-08
 7.89133488e-08 6.78479074e-08 5.16492023e-08 6.75526457e-08
 4.53107952e-08 4.42187393e-08 5.83501530e-08 4.79275191e-08
 4.55067361e-08 3.98665373e-08 3.80738856e-08 3.13083822e-08
 5.05495478e-08 4.01516637e-08 3.96637271e-08 4.68893149e-08
 5.10155458e-08 4.75787771e-08 3.25963778e-08 3.78149490e-08
 5.57931026e-08 4.52529145e-08 5.95803945e-08 5.30671581e-08
 4.69217112e-08 4.31822900e-08 4.77152368e-08 7.22174855e-07
 5.90361077e-08 7.31877702e-08 3.84336027e-08 4.33808314e-08
 4.86536349e-08 4.66036799e-08 5.57490069e-08 5.95551543e-08]","[1.69557393e-06 3.47542963e-06 6.90546973e-13 1.31971427e-06
 0.00000000e+00 3.19389486e-06 0.00000000e+00 0.00000000e+00
 0.00000000e+00 1.26079905e-05 6.68740149e-11 1.26679516e-10
 1.36993133e-10 3.24308306e-10 4.08081199e-10 1.73147897e-04
 1.00365276e-09 1.65361070e-09 2.48769190e-09 2.90353252e-09
 3.50484390e-09 6.19322033e-09 5.75270712e-09 9.02560876e-09
 1.55948137e-08 2.02638013e-08 2.32169688e-08 1.17248405e-08
 2.98392160e-08 1.14340227e-04 4.36174689e-08 4.55740117e-08
 3.84702062e-08 4.21340464e-08 4.90236467e-08 6.21644170e-08
 7.32317468e-08 8.05524188e-08 1.19240191e-07 7.81307434e-08
 1.00291184e-07 1.18563853e-07 1.08337845e-07 1.09536035e-07
 1.10095425e-07 1.07137412e-07 1.03761732e-07 6.17320690e-08
 1.08046378e-07 1.29518845e-07 8.09309255e-08 1.09241698e-07
 1.12992585e-07 9.83927255e-08 3.98938141e-08 3.49139887e-09
 3.80074493e-10 4.48331406e-10 7.99246780e-10 2.22754276e-08
 2.50297020e-08 1.21586819e-07 1.45580741e-07 1.68823616e-07
 2.28616302e-07 1.57779471e-07 1.06178413e-07 1.49173372e-07
 1.09367189e-07 1.07282707e-07 6.05654127e-08 2.51573129e-08
 1.78758558e-08 5.30175227e-09 2.56828970e-10 5.76082604e-11
 7.86533334e-11 1.76986190e-10 8.36772586e-10 5.52874352e-09
 6.85621672e-09 1.21616578e-08 1.09095467e-08 1.13904269e-08
 1.77957632e-08 1.37465875e-08 1.56559019e-09 4.34505706e-10
 3.87849802e-10 7.27539601e-10 1.54737776e-08 5.85470734e-07
 5.92404176e-09 2.48504521e-09 1.14845496e-09 9.92748055e-10
 1.16161199e-09 6.12308488e-09 2.67310523e-07 5.92026783e-07]","[0.00000000e+00 0.00000000e+00 5.83197360e-04 0.00000000e+00
 0.00000000e+00 0.00000000e+00 0.00000000e+00 0.00000000e+00
 0.00000000e+00 1.29312882e-07 7.16585680e-07 7.10188512e-07
 1.11642751e-06 7.30907500e-07 5.42559511e-07 7.19707099e-07
 7.01913933e-07 9.11258524e-07 1.15377391e-06 1.21188568e-06
 1.27249225e-06 1.67052137e-06 1.26438493e-06 1.83301511e-06
 2.28270073e-06 2.63851666e-06 2.71829081e-06 4.89909180e-06
 2.65580914e-06 3.35953634e-06 2.94062117e-06 2.39634955e-06
 1.88002745e-06 2.49793974e-06 1.87788670e-06 1.76161120e-06
 1.76117789e-06 1.81192117e-06 2.18552953e-06 1.33444020e-06
 1.24093230e-06 1.33914326e-06 1.14628606e-06 1.04596535e-06
 1.10132984e-06 1.13347763e-06 9.56687074e-07 9.41422874e-07
 8.03486306e-07 8.43215193e-07 6.93963637e-07 6.46101225e-07
 6.37506552e-07 5.18198697e-07 5.07254857e-07 5.97179588e-07
 4.45044761e-07 4.05462150e-07 5.39060372e-07 3.42316262e-07
 4.70532441e-07 3.93179802e-07 5.06144094e-07 4.78169277e-07
 4.75203130e-07 3.94443581e-07 3.16456372e-07 4.19805158e-07
 3.25662572e-07 3.20108720e-07 4.18336077e-07 3.16290240e-07
 3.15381497e-07 3.10174641e-07 3.31396607e-07 2.97691788e-07
 4.44032148e-07 3.76701965e-07 4.07592432e-07 4.86370690e-07
 5.59881281e-07 4.43863542e-07 4.01103429e-07 4.44954579e-07
 7.13753570e-07 6.44873358e-07 8.09318400e-07 5.73926136e-07
 6.30788417e-07 5.46578602e-07 6.27856422e-07 5.94755308e-07
 9.51485409e-07 9.66035676e-07 7.04278584e-07 6.03626396e-07
 6.27075512e-07 5.27423836e-07 5.60439720e-07 6.04604597e-07]","[0.00000000e+00 0.00000000e+00 3.07294666e-06 0.00000000e+00
 0.00000000e+00 0.00000000e+00 0.00000000e+00 0.00000000e+00
 0.00000000e+00 3.87516622e-07 2.77090493e-06 3.82604519e-06
 8.32480558e-06 7.36838403e-06 7.53931028e-06 1.33056928e-05
 1.81853894e-05 2.88017263e-05 4.44248446e-05 5.47856199e-05
 6.71001292e-05 9.43529352e-05 7.82188708e-05 1.20809053e-04
 1.60046220e-04 1.93180540e-04 2.08980707e-04 3.89534720e-04
 2.23762280e-04 2.96706666e-04 2.67136316e-04 2.28176886e-04
 1.89729078e-04 2.65633471e-04 2.12155387e-04 2.11927446e-04
 2.19508492e-04 2.30620606e-04 2.91839942e-04 1.84850255e-04
 1.78184826e-04 1.99317250e-04 1.75004713e-04 1.67201624e-04
 1.77812664e-04 1.84686633e-04 1.58715269e-04 1.58953216e-04
 1.37229627e-04 1.43856281e-04 1.15789706e-04 1.05162897e-04
 1.04446053e-04 8.52448576e-05 8.16612008e-05 9.31492625e-05
 6.68881647e-05 6.20861416e-05 8.42299288e-05 5.36348231e-05
 7.26630906e-05 6.05467393e-05 7.86069090e-05 7.47478106e-05
 7.34721014e-05 6.03497594e-05 4.80820259e-05 6.28352545e-05
 4.71132518e-05 4.46992620e-05 5.79052545e-05 4.28969043e-05
 4.23483957e-05 4.08056661e-05 4.12220720e-05 2.49157902e-05
 3.01140480e-05 4.54022011e-05 5.33209535e-05 6.53358019e-05
 7.56234002e-05 6.01403416e-05 5.35928471e-05 5.95354911e-05
 9.61139860e-05 8.54033521e-05 1.03682728e-04 6.39302499e-05
 6.80197730e-05 6.73218643e-05 8.15172652e-05 7.85033502e-05
 1.26216415e-04 1.30807395e-04 9.57043505e-05 8.33991410e-05
 8.80988423e-05 7.85892765e-05 8.66726951e-05 9.66620333e-05]"
h59,"[2.86667673e+02 8.16043740e+01 5.31627116e+01 4.05877224e+01
 2.67545033e+01 6.44387302e+00 6.56803001e+00 4.09476017e+00
 4.26136479e+00 3.01129013e+00 2.41395688e+00 2.01655196e+00
 2.33106009e+00 1.84412543e+00 1.62262886e+00 1.75021737e+00
 2.52799079e+00 1.79616053e+00 1.81683231e+00 2.13347593e+00
 2.40038701e+00 2.68773417e+00 2.11546852e+00 2.65495882e+00
 2.74279120e+00 2.87127737e+00 3.56423969e+00 3.42244859e+00
 2.85143645e+00 3.28408994e+00 2.87031902e+00 2.69489601e+00
 2.71416950e+00 2.49154478e+00 2.62829164e+00 1.99689735e+00
 2.30672006e+00 2.35668442e+00 1.73233267e+00 1.99138528e+00
 1.80364443e+00 1.48182630e+00 1.58122462e+00 1.77312222e+00
 1.22833393e+00 1.38061432e+00 1.54658476e+00 1.48519448e+00
 1.28935587e+00 1.36266394e+00 1.37830935e+00 1.41812365e+00
 1.60263136e+00 1.57363963e+00 1.30991412e+00 1.37682642e+00
 1.25259688e+00 1.17954714e+00 1.30126875e+00 1.29914330e+00
 1.13563852e+00 1.08682068e+00 1.13193628e+00 1.00129637e+00
 9.17234521e-01 8.78719841e-01 1.00314859e+00 8.11633692e-01
 8.72472779e-01 8.36245946e-01 7.66489681e-01 7.95850721e-01
 7.75570910e-01 7.33807675e-01 7.33691109e-01 6.30249840e-01
 6.15308453e-01 6.17544465e-01 5.79528232e-01 5.14852497e-01
 4.31160109e-01 4.82395494e-01 4.77093944e-01 4.59407260e-01
 5.24634675e-01 5.79931887e-01 7.63974112e-01 1.25432767e+00
 1.20394622e+00 7.87660191e-01 3.71522398e-01 3.70596223e-01
 3.56621097e-01 3.12675969e-01 3.25373499e-01 2.99301854e-01
 3.13052303e-01 2.68566144e-01 2.59637352e-01 2.53107804e-01]","[2.57223207e-05 3.77671566e-05 2.97740964e-05 3.12765310e-05
 3.94701677e-05 2.71334456e-05 5.09898417e-05 4.69766403e-05
 6.48389410e-05 5.82973656e-05 5.53391760e-05 5.48211810e-05
 7.31586910e-05 6.75578645e-05 6.93995684e-05 8.68251387e-05
 1.43394393e-04 1.14411506e-04 1.28953677e-04 1.66891247e-04
 2.04561725e-04 2.48731520e-04 2.12509164e-04 2.85914621e-04
 3.18265240e-04 3.57880768e-04 4.78455630e-04 4.86511051e-04
 4.43927881e-04 5.50280016e-04 5.14677724e-04 5.15858234e-04
 5.50178889e-04 5.30946783e-04 5.92777062e-04 4.77302211e-04
 5.81795952e-04 6.28364348e-04 4.91399266e-04 5.95847488e-04
 5.69773106e-04 4.91610090e-04 5.47190241e-04 6.41618729e-04
 4.61826220e-04 5.41149554e-04 6.33153362e-04 6.31293788e-04
 5.76354770e-04 6.35285553e-04 6.66254985e-04 7.13353509e-04
 8.37910034e-04 8.53377684e-04 7.28509387e-04 7.59654572e-04
 6.04508271e-04 5.93518236e-04 7.29479122e-04 8.48255582e-04
 7.75247070e-04 7.71457369e-04 8.33282375e-04 7.66067669e-04
 7.24773276e-04 7.14654215e-04 8.40255831e-04 7.01236360e-04
 7.72971350e-04 7.58956240e-04 7.08302718e-04 7.47712404e-04
 7.49580250e-04 7.16325326e-04 5.63376505e-04 3.19003476e-04
 2.89012514e-04 4.49658222e-04 5.83171033e-04 5.93858377e-04
 5.18105713e-04 6.09397391e-04 6.22922860e-04 6.09443412e-04
 7.13043028e-04 7.99283508e-04 9.75923289e-04 1.36460225e-03
 1.34886882e-03 1.05051023e-03 6.06217431e-04 6.34250946e-04
 5.99796302e-04 5.03863081e-04 5.32498130e-04 4.95472925e-04
 5.45516318e-04 5.53629117e-04 5.83847354e-04 5.95365196e-04]","[9.82852048e+01 3.39722118e+01 2.47827604e+01 1.81906184e+01
 1.31489596e+01 3.41141116e+00 2.09287798e+00 1.16044432e+00
 9.05472228e-01 8.94045564e-01 4.37530599e-01 2.84834416e-01
 2.75705838e-01 1.00023781e-01 1.13957323e-01 1.19751262e-01
 1.33691085e-01 5.33108963e-02 8.29230590e-02 1.25395733e-01
 9.66795694e-02 9.92600747e-02 6.78836976e-02 8.56167785e-02
 5.10368763e-02 6.03044635e-02 5.97216354e-02 3.43189113e-02
 3.90613431e-02 2.75010414e-02 1.49392878e-02 3.10693931e-02
 1.90636150e-02 2.16528831e-02 1.80816175e-02 6.52364253e-03
 1.78763226e-02 1.29910135e-02 9.10983674e-03 1.66453066e-02
 9.23285848e-03 8.28071332e-03 5.74147639e-03 6.88793671e-03
 3.92961727e-03 5.23639212e-03 5.51248663e-03 7.05393004e-03
 3.48891274e-03 2.57675230e-03 3.26996488e-03 2.48456022e-03
 4.31491906e-03 2.73766828e-03 1.60834722e-03 1.20823761e-03
 3.92707726e-04 1.61669844e-03 9.65127643e-04 8.92234432e-04
 8.50926669e-04 7.06940159e-04 1.11773431e-03 5.10736479e-04
 4.15879494e-04 6.59467126e-04 3.11373212e-04 1.63841319e-04
 6.88226039e-05 2.47202897e-04 2.38189809e-04 1.93283023e-04
 7.73893389e-05 1.12666009e-05 8.38617317e-04 2.01763911e-04
 5.79259459e-05 5.20785042e-05 2.22615973e-06 5.15054726e-06
 1.97738596e-04 4.04470286e-04 1.30992153e-04 1.77435832e-04
 5.77631182e-04 3.45659270e-03 1.19701494e-01 3.82057590e-01
 3.77900167e-01 1.74189355e-01 8.04673294e-03 1.22800262e-03
 1.54961036e-03 2.37859796e-04 2.60091547e-04 1.52139801e-04
 7.06704925e-05 7.02285069e-05 1.09350083e-04 3.45241626e-05]","[3.32624446e-05 4.80977770e-05 3.63556735e-05 3.55732524e-05
 5.08196585e-05 5.08408478e-05 8.71817689e-05 1.15180287e-04
 1.80057878e-04 3.54424461e-04 2.87894791e-04 4.08797353e-04
 5.25826570e-04 3.68462650e-04 6.63803319e-04 9.41855794e-04
 1.60494106e-03 7.78851957e-04 1.40747642e-03 2.44488115e-03
 2.09536497e-03 2.85401299e-03 2.30012840e-03 2.98916864e-03
 2.34926888e-03 3.14480597e-03 3.36591035e-03 8.31106176e-04
 2.70549585e-03 2.31026083e-03 1.39051832e-03 3.86687921e-03
 2.38862328e-03 2.73225588e-03 3.05690119e-03 1.36989666e-03
 4.19472736e-03 3.40427901e-03 2.86006840e-03 5.44311501e-03
 4.23453158e-03 4.19534123e-03 2.92626249e-03 3.95015627e-03
 2.23297863e-03 2.86852549e-03 3.48297314e-03 2.80400230e-03
 3.00922763e-03 2.79611292e-03 2.71553646e-03 2.70221589e-03
 4.77395575e-03 3.42700295e-03 8.58318959e-04 5.40524685e-05
 2.19090512e-06 1.16186090e-05 1.39822442e-05 3.63810331e-04
 3.69559474e-04 1.37897679e-03 2.25523715e-03 1.19368164e-03
 1.20482572e-03 1.53358266e-03 6.40108889e-04 3.61803178e-04
 1.66117914e-04 5.99759206e-04 2.47232669e-04 1.01454896e-04
 3.03999095e-05 1.49831741e-06 5.65692781e-06 3.71250990e-07
 9.01307515e-08 2.29559007e-07 4.69645584e-08 6.07303708e-07
 2.65750106e-05 1.03387046e-04 4.38412213e-05 5.34463202e-05
 1.84241192e-04 1.05001754e-03 3.14538844e-03 3.12822862e-03
 3.12368200e-03 2.93475991e-03 2.60950934e-03 9.95547813e-04
 1.55497320e-04 8.07638141e-06 7.77193409e-06 3.48164124e-06
 1.68726739e-06 9.22706339e-06 5.24321945e-04 3.43198321e-04]","[3.84701179e-03 2.70370723e-02 1.94399921e-03 2.76497951e-03
 4.89166161e-04 0.00000000e+00 5.70943626e-05 2.40455398e-06
 3.87907357e-06 2.62989235e-05 2.42437835e-06 2.55522763e-06
 1.70903610e-06 2.00806565e-06 1.93721035e-06 3.76595744e-06
 2.12517718e-06 1.64090429e-06 2.79727225e-06 1.80268581e-06
 2.33632076e-06 2.16511134e-06 1.98004378e-06 2.64335989e-06
 3.43832206e-06 3.06958801e-06 6.18651204e-06 4.38068451e-06
 3.77258561e-06 6.44056207e-06 4.96643956e-06 4.83023544e-06
 5.04635364e-06 5.75834583e-06 9.40475935e-06 5.01358961e-06
 5.19698005e-06 4.32025717e-06 3.15107276e-06 3.10026035e-06
 3.29992794e-06 2.77810313e-06 3.78710632e-06 4.14542864e-06
 3.57092239e-06 2.88905469e-06 4.32363748e-06 3.88014341e-06
 5.85909725e-06 7.12557357e-06 8.32744527e-06 6.69137194e-06
 8.62599113e-06 7.20617234e-06 6.60799170e-06 7.58096135e-06
 6.48242739e-06 6.87120693e-06 7.37571868e-06 7.79168161e-06
 6.87659983e-06 6.75938653e-06 6.43697641e-06 8.18585041e-06
 5.98053267e-06 8.37999497e-06 1.01608834e-05 8.06052034e-06
 8.89348919e-06 7.77004980e-06 7.55751195e-06 7.05912888e-06
 7.26252062e-06 8.82367597e-06 9.24445336e-06 8.33435733e-06
 7.97373045e-06 8.73276779e-06 8.27600431e-06 5.95928858e-06
 6.68385511e-06 7.42613370e-06 8.00777515e-06 8.14481569e-06
 9.96975027e-06 1.19116768e-05 1.08727012e-05 1.37154755e-05
 1.86898319e-05 8.50820060e-06 7.08497578e-06 9.44938340e-06
 1.01715206e-05 1.10677699e-05 8.00413307e-06 9.35887498e-06
 9.23576267e-06 7.15177934e-06 8.14651205e-06 5.80630555e-06]","[3.38655441e-06 1.01304646e-04 1.02431977e-05 2.33439907e-05
 1.09077965e-05 0.00000000e+00 4.22365309e-05 3.44970793e-06
 7.97279964e-06 7.88109418e-05 9.37462483e-06 1.37659456e-05
 1.27436785e-05 2.02435998e-05 2.69191298e-05 6.96237022e-05
 5.50597059e-05 5.18633021e-05 1.07706010e-04 8.14938745e-05
 1.23197155e-04 1.22287936e-04 1.22491802e-04 1.74216678e-04
 2.41069905e-04 2.24741682e-04 4.75615653e-04 3.48315317e-04
 3.17855054e-04 5.68815902e-04 4.51168747e-04 4.59927928e-04
 5.09269173e-04 6.12348394e-04 1.06250838e-03 6.03150820e-04
 6.47737662e-04 5.49880616e-04 4.20771661e-04 4.29456423e-04
 4.73834946e-04 4.13491143e-04 5.78181554e-04 6.62662870e-04
 5.76535022e-04 4.70736932e-04 7.17295449e-04 6.55137336e-04
 1.00069127e-03 1.21565470e-03 1.38945672e-03 1.08912354e-03
 1.41324151e-03 1.18543165e-03 1.06379767e-03 1.18249346e-03
 9.74278789e-04 1.05214932e-03 1.15247993e-03 1.22081686e-03
 1.06193527e-03 1.04089481e-03 9.99697171e-04 1.27961880e-03
 9.24662055e-04 1.28213692e-03 1.54383322e-03 1.20647600e-03
 1.28661146e-03 1.08499228e-03 1.04609589e-03 9.57395258e-04
 9.75187511e-04 1.16081693e-03 1.14990773e-03 6.97557365e-04
 5.40774588e-04 1.05252140e-03 1.08266103e-03 8.00531171e-04
 9.02791122e-04 1.00618811e-03 1.06994715e-03 1.08978674e-03
 1.34252560e-03 1.57751459e-03 1.39291448e-03 1.52778157e-03
 2.01537962e-03 1.04795161e-03 9.19872489e-04 1.24724949e-03
 1.34927226e-03 1.49864667e-03 1.08768089e-03 1.29305501e-03
 1.29754708e-03 1.06565750e-03 1.25986815e-03 9.28291487e-04]"
h64,"[4.35189797e+04 7.64092977e+03 6.53535692e+03 4.57668272e+03
 2.35376317e+03 8.20703314e+02 4.28038207e+02 2.73678101e+02
 1.99528734e+02 1.45357500e+02 1.21921523e+02 1.03155630e+02
 9.10330731e+01 7.36124841e+01 6.80628759e+01 5.49043420e+01
 4.33022665e+01 3.95718088e+01 3.58268146e+01 3.08757933e+01
 2.67198419e+01 2.51677875e+01 2.33107859e+01 2.02018773e+01
 2.03758575e+01 1.70435431e+01 1.56247038e+01 1.59669201e+01
 1.24532984e+01 1.25544870e+01 1.10493440e+01 1.04962087e+01
 1.03329336e+01 9.92326200e+00 8.56835971e+00 8.50546009e+00
 7.72664675e+00 6.98092425e+00 6.86519901e+00 6.36561023e+00
 5.85798530e+00 5.75671098e+00 4.62848712e+00 4.44795949e+00
 4.39835632e+00 4.00081634e+00 3.25577538e+00 3.45821210e+00
 3.02863094e+00 3.01551906e+00 2.97077933e+00 2.85300911e+00
 2.53488591e+00 2.42343265e+00 2.10382145e+00 2.16717144e+00
 2.19982689e+00 2.12750525e+00 1.96077265e+00 1.73508262e+00
 1.76365336e+00 1.48701250e+00 1.53017568e+00 1.55818926e+00
 1.39194091e+00 1.36952157e+00 1.43766256e+00 1.25398788e+00
 1.34914307e+00 1.20300670e+00 1.08605088e+00 1.09239508e+00
 9.86035257e-01 1.01099940e+00 1.05279438e+00 1.09286980e+00
 1.03874127e+00 9.43457862e-01 9.77776279e-01 8.68545215e-01
 7.13671855e-01 6.59934716e-01 6.78020223e-01 6.59029549e-01
 5.92944809e-01 5.44767502e-01 5.29305880e-01 5.46386936e-01
 4.78900648e-01 4.07248660e-01 3.94802377e-01 3.59345625e-01
 3.99989913e-01 3.83206486e-01 3.50064747e-01 3.34285549e-01
 3.31641539e-01 3.20783011e-01 2.82247834e-01 2.95757436e-01]","[0.0039049  0.00353628 0.00366017 0.00352675 0.00347244 0.00345576
 0.00332301 0.00313974 0.00303594 0.00281406 0.00279501 0.00280435
 0.00285701 0.00269673 0.00291104 0.00272371 0.00245622 0.00252064
 0.00254289 0.00241526 0.00227707 0.00232911 0.00234168 0.00217556
 0.00236435 0.00212434 0.00209743 0.00226974 0.0019388  0.00210362
 0.00198126 0.00200919 0.00209455 0.00211464 0.00193248 0.00203299
 0.0019488  0.00186133 0.00194741 0.00190467 0.00185054 0.00190984
 0.00160171 0.00160953 0.00165368 0.00156817 0.00133288 0.00146994
 0.00135383 0.00140586 0.00143603 0.00143514 0.00132532 0.00131422
 0.00117004 0.00119572 0.00106165 0.00107051 0.00109919 0.0011329
 0.00120396 0.00105553 0.00112645 0.00119213 0.00109987 0.00111382
 0.00120421 0.00108342 0.00119528 0.00109182 0.0010036  0.00102632
 0.00095299 0.00098691 0.00080841 0.00055316 0.0004879  0.00068697
 0.00098392 0.00100183 0.00085759 0.00083368 0.00088526 0.00087426
 0.00080588 0.00075082 0.00067615 0.00059442 0.00053655 0.00054315
 0.0006442  0.000615   0.00067274 0.00061752 0.00057291 0.00055339
 0.00057791 0.00066127 0.00063469 0.00069569]","[1.16415636e+04 2.36670997e+03 2.54280376e+03 1.81652040e+03
 9.03099716e+02 2.37911373e+02 8.60407017e+01 3.64813414e+01
 1.64748414e+01 7.19956692e+00 4.18916400e+00 2.27848639e+00
 1.44076098e+00 7.23837149e-01 3.13481591e-01 3.49717794e-01
 2.04769957e-01 1.02444532e-01 6.78989185e-02 2.56018384e-01
 7.96942605e-02 2.75028438e-01 5.79639416e-02 4.42507255e-02
 2.68043813e-02 5.65104839e-02 9.65522371e-03 8.28056885e-02
 3.03746214e-02 1.82217789e-02 1.09297871e-01 1.40926956e-02
 5.19100687e-03 2.03575207e-03 2.92977166e-03 2.43516833e-03
 2.32852292e-03 1.97012077e-03 1.45378673e-02 2.14340011e-03
 4.09469262e-04 2.85826760e-03 1.00560481e-03 1.06446858e-03
 8.98492109e-04 8.99418964e-03 1.67043303e-04 1.26099093e-02
 4.46947253e-03 1.74556549e-04 1.63795042e-03 5.29490295e-03
 2.28208440e-03 9.60315911e-04 1.38834688e-06 5.75764981e-07
 2.01959442e-03 7.37283776e-03 8.02463837e-04 1.42936974e-04
 1.24315944e-04 3.47951054e-04 9.89856208e-05 1.06319631e-03
 4.41060506e-07 4.82787634e-05 1.64332269e-05 4.20907650e-07
 8.02075484e-06 4.34569341e-07 3.86210937e-05 9.41007262e-06
 1.19997262e-06 4.20998139e-07 1.62705142e-03 4.30973925e-07
 6.08041420e-05 1.91455288e-05 9.74511964e-04 4.55105537e-05
 5.16560922e-06 2.73150843e-05 6.95782129e-07 4.54048161e-07
 2.67558294e-07 2.72756416e-07 3.83809674e-07 3.63538695e-04
 1.01075894e-03 3.24822835e-06 9.68375400e-06 2.05806024e-07
 5.10323680e-04 2.58163457e-04 2.42820651e-06 1.90879019e-07
 2.14958513e-07 1.64942218e-06 1.89727633e-07 8.94783046e-06]","[3.93982862e-03 3.35078237e-03 3.73022785e-03 3.55235525e-03
 3.49040690e-03 3.54563415e-03 3.58414615e-03 3.62096769e-03
 3.27610819e-03 2.85410803e-03 2.75646663e-03 3.27010767e-03
 2.74782141e-03 2.66643542e-03 1.82603553e-03 2.75056585e-03
 2.45823205e-03 1.49667572e-03 1.15246746e-03 4.99167320e-03
 1.72723733e-03 7.90785962e-03 1.96401364e-03 1.54494111e-03
 1.23382745e-03 2.94695445e-03 5.44168243e-04 2.00531767e-03
 2.10382966e-03 1.53074429e-03 1.01732221e-02 1.75396897e-03
 6.50420176e-04 2.56880136e-04 4.95310913e-04 5.11359866e-04
 5.46394190e-04 5.16267707e-04 4.56421952e-03 7.00904683e-04
 1.87797801e-04 1.44811292e-03 5.12527340e-04 6.10461075e-04
 5.10562110e-04 4.92706841e-03 1.05543537e-04 5.01255536e-03
 3.85497180e-03 1.89416663e-04 1.36023298e-03 5.75875391e-03
 2.52486080e-03 1.20211988e-03 7.40912431e-07 2.57577800e-08
 1.12672592e-05 5.29858365e-05 1.16256595e-05 5.82828301e-05
 5.39907099e-05 6.78722833e-04 1.99721926e-04 2.48487816e-03
 1.27777649e-06 1.12271668e-04 3.37827861e-05 9.29470825e-07
 1.93597886e-05 1.05434429e-06 4.00873410e-05 4.93937816e-06
 4.71370600e-07 5.59875020e-08 1.09753427e-05 7.93003546e-10
 9.46091243e-08 8.43923734e-08 2.05589579e-05 5.36617308e-06
 6.94230274e-07 6.98203546e-06 2.32868439e-07 1.36766081e-07
 8.53403701e-08 8.28558776e-08 1.00853421e-08 2.97659877e-06
 8.35482434e-06 5.47264806e-08 3.14038589e-06 1.66847963e-07
 5.12089789e-05 8.76577957e-06 7.25585324e-08 4.36816835e-09
 5.13216303e-09 2.16711471e-07 9.09723699e-07 8.89487291e-05]","[4.64494674e+00 9.49835887e-01 6.76205864e-01 4.46036035e-01
 1.61257450e-01 1.75747561e-02 5.26727952e-03 1.86373112e-03
 1.38268103e-03 6.66976532e-04 1.00009007e-03 6.43863529e-04
 4.73498177e-04 2.24720085e-04 1.97908159e-04 1.53060211e-04
 1.12659035e-04 7.87421337e-05 6.88437023e-05 4.94225819e-05
 4.87259840e-05 4.25588280e-05 4.38691497e-05 4.25219449e-05
 3.59818516e-05 3.71437612e-05 2.95096059e-05 3.06995057e-05
 2.40026668e-05 2.94163017e-05 2.76432804e-05 2.22306076e-05
 2.46390149e-05 2.48377550e-05 2.07417987e-05 1.89839056e-05
 1.79082876e-05 1.62467272e-05 1.66987005e-05 1.59879364e-05
 1.50696719e-05 1.50162457e-05 1.27187450e-05 1.16636132e-05
 1.33788604e-05 1.04914239e-05 1.03482963e-05 1.16763797e-05
 9.49753567e-06 9.76144269e-06 1.25289553e-05 1.20339700e-05
 9.32228044e-06 8.55688594e-06 8.02399553e-06 9.29160019e-06
 8.92579126e-06 9.85040865e-06 9.40903797e-06 9.10580654e-06
 9.81783274e-06 7.65417016e-06 8.29133133e-06 8.92790124e-06
 8.17553241e-06 8.74986801e-06 8.91218244e-06 8.54624151e-06
 1.08712466e-05 8.80429934e-06 8.73925158e-06 9.38534221e-06
 8.75394618e-06 8.74150651e-06 9.38252596e-06 1.10234952e-05
 1.06720590e-05 8.93416487e-06 9.79073928e-06 8.52916348e-06
 8.25108290e-06 7.25893785e-06 8.69305782e-06 8.51881369e-06
 7.31473479e-06 7.61654713e-06 9.04607828e-06 7.43421522e-06
 7.18868401e-06 6.95492303e-06 6.73054029e-06 7.60913505e-06
 6.34310643e-06 7.01435195e-06 6.94499810e-06 6.02336787e-06
 6.98499194e-06 6.33996010e-06 6.04117300e-06 5.80691653e-06]","[0.00408898 0.00355892 0.00356302 0.00376576 0.00359584 0.00300311
 0.00389656 0.00267381 0.00284187 0.00199875 0.00386716 0.00346873
 0.00353071 0.00226544 0.0027501  0.00282972 0.0029188  0.00248877
 0.00265075 0.00223424 0.00256938 0.00240377 0.00271389 0.00280251
 0.00252278 0.0027195  0.00226868 0.00244097 0.00202232 0.00259798
 0.00251121 0.00211677 0.00248653 0.00264127 0.00234332 0.00228382
 0.00223204 0.00206788 0.00222982 0.00221469 0.00216385 0.00223501
 0.00194178 0.00186447 0.00216005 0.00170945 0.00171679 0.00197148
 0.00162211 0.00166535 0.00209049 0.00195871 0.00152732 0.00140763
 0.00129176 0.00144932 0.00134151 0.00150834 0.00147019 0.00142672
 0.00151614 0.00117868 0.00128769 0.00139562 0.00126404 0.00133873
 0.00135411 0.00127918 0.00157273 0.00122941 0.00120967 0.00127289
 0.00117545 0.00115001 0.00116708 0.00092263 0.00072377 0.00107679
 0.00128082 0.00114575 0.00111448 0.00098353 0.00116151 0.00113983
 0.000985   0.00100869 0.0011589  0.00082811 0.00077518 0.00085664
 0.00087385 0.00100435 0.00084143 0.00094979 0.00094376 0.00083221
 0.00098133 0.00094469 0.00093427 0.00092839]"
h71,"[3.90864041e+03 6.48228708e+02 4.58034823e+02 4.13806809e+02
 2.03740449e+02 7.27910142e+01 4.36723929e+01 2.67901367e+01
 2.31511174e+01 1.71482581e+01 1.59014347e+01 1.26112247e+01
 1.03384998e+01 9.26031251e+00 8.04748270e+00 8.39603302e+00
 6.59713434e+00 5.36641574e+00 5.71302331e+00 4.33609233e+00
 5.40853422e+00 4.15165573e+00 4.50755429e+00 3.82916674e+00
 3.38893232e+00 3.58656864e+00 3.37358170e+00 3.44558454e+00
 3.52058321e+00 3.80264254e+00 3.62543131e+00 3.48967255e+00
 3.73040553e+00 3.78915587e+00 3.33062579e+00 3.61038889e+00
 3.69380667e+00 3.12725116e+00 2.92248825e+00 2.95243656e+00
 2.59497628e+00 2.61218402e+00 2.64094961e+00 2.29645892e+00
 2.49976956e+00 2.16102827e+00 2.28236083e+00 1.99294202e+00
 2.02903994e+00 1.81530387e+00 1.72098074e+00 1.71105809e+00
 1.51664712e+00 1.44845526e+00 1.62870286e+00 1.21381896e+00
 1.06278853e+00 9.48398519e-01 9.54493795e-01 9.03729873e-01
 8.41706062e-01 8.29747768e-01 7.03321449e-01 5.68065631e-01
 5.75490757e-01 5.71774463e-01 4.91378805e-01 4.47663070e-01
 4.86601320e-01 3.43488071e-01 3.28814706e-01 3.34126422e-01
 3.40698760e-01 3.84541715e-01 3.45761908e-01 3.20882961e-01
 3.14233048e-01 2.96999344e-01 2.89481974e-01 2.86803966e-01
 2.43494197e-01 3.09968840e-01 2.61005828e-01 2.61565886e-01
 2.28255608e-01 2.64264835e-01 2.82574408e-01 2.50047217e-01
 2.12922593e-01 2.46914947e-01 2.07823050e-01 1.97893379e-01
 2.21141076e-01 2.08869332e-01 1.86892141e-01 1.92637584e-01
 1.94839654e-01 1.62646656e-01 1.59129990e-01 2.03059810e-01]","[0.00035072 0.00030001 0.00025653 0.00031888 0.00030057 0.0003065
 0.00033904 0.00030735 0.00035226 0.00033198 0.00036454 0.00034284
 0.00032447 0.00033924 0.00034419 0.00041651 0.00037421 0.00034183
 0.00040549 0.00033919 0.00046092 0.00038421 0.00045281 0.00041237
 0.00039324 0.00044704 0.00045286 0.0004898  0.0005481  0.00063717
 0.00065008 0.00066799 0.00075618 0.00080747 0.00075118 0.00086296
 0.00093164 0.00083382 0.000829   0.00088341 0.00081976 0.00086662
 0.00091391 0.00083099 0.00093986 0.00084704 0.00093437 0.00084712
 0.000907   0.00084631 0.0008319  0.00086071 0.00079295 0.00078549
 0.0009058  0.00066972 0.00051291 0.00047721 0.00053508 0.00059008
 0.00057459 0.00058898 0.00051775 0.00043461 0.00045474 0.00046502
 0.00041159 0.00038677 0.00043111 0.00031174 0.00030385 0.00031392
 0.00032928 0.00037538 0.0002655  0.00016242 0.0001476  0.00021626
 0.0002913  0.00033082 0.0002926  0.00039158 0.00034079 0.00034699
 0.00031023 0.00036422 0.00036097 0.00027203 0.00023855 0.00032931
 0.00033911 0.00033868 0.00037193 0.00033658 0.00030586 0.0003189
 0.00033952 0.00033528 0.00035784 0.00047764]","[1.03851761e+03 2.34973415e+02 1.74049928e+02 1.60714098e+02
 8.00837511e+01 2.10146574e+01 7.40584962e+00 1.88126033e+00
 1.03993211e+00 7.15603882e-01 4.43144351e-01 1.62447822e-01
 2.11284813e-01 1.36332785e-02 7.83555017e-02 1.74086759e-02
 1.07219854e-01 3.22896341e-05 5.36104265e-03 1.13202943e-02
 1.13734511e-02 4.04616235e-04 5.50227983e-07 2.61565258e-03
 2.70207095e-04 2.01169321e-03 4.64254635e-07 6.83840075e-03
 2.13112377e-03 6.72079411e-04 2.92380589e-04 5.23701395e-07
 3.04552715e-03 5.48611230e-07 4.93783299e-07 5.59236671e-07
 4.64473172e-05 3.48524816e-05 4.89963782e-07 3.98483135e-04
 4.37987361e-07 4.56088068e-07 4.79013651e-07 4.17434869e-07
 4.58724938e-07 5.25066104e-04 4.65439496e-04 3.94096956e-07
 4.06505453e-07 1.93214939e-04 4.43242442e-04 1.07715150e-04
 5.35545431e-04 2.49767450e-04 3.53302758e-07 1.00207937e-04
 3.72637487e-07 2.16242255e-07 2.29493108e-07 2.25936851e-07
 2.06674144e-07 1.97656416e-07 1.75697599e-07 1.42804108e-07
 1.02555424e-05 1.47987474e-07 1.29071551e-07 1.22268588e-07
 4.12082644e-05 9.40290667e-08 8.45235108e-08 9.42150006e-08
 9.52655614e-08 1.08221395e-07 1.08522965e-07 9.03746533e-08
 8.73135268e-08 3.13300806e-07 6.84533542e-07 8.83107969e-08
 8.04737994e-08 9.81687084e-08 7.85923313e-08 8.76043840e-08
 6.76962730e-06 1.35338571e-07 2.62862073e-04 2.80158161e-03
 1.17142537e-03 1.24195434e-03 1.50886520e-06 6.01833566e-08
 6.20082341e-08 1.79904443e-05 5.30922408e-08 5.28530797e-08
 1.42150155e-05 3.81411984e-06 4.76192660e-08 6.03523918e-08]","[3.51463220e-04 3.32674804e-04 2.55326777e-04 3.14289655e-04
 3.09517180e-04 3.13185058e-04 3.08501057e-04 1.86725120e-04
 2.06795927e-04 2.83685229e-04 2.91588635e-04 2.33146825e-04
 4.02962698e-04 5.02215960e-05 4.56422113e-04 1.36920998e-04
 1.28715797e-03 4.71739296e-07 9.09944861e-05 2.20715437e-04
 2.46500178e-04 1.16338820e-05 1.86435780e-08 9.13211965e-05
 1.24378521e-05 1.04907405e-04 2.61653833e-08 1.65606568e-04
 1.47607482e-04 5.64589070e-05 2.72141866e-05 6.51795814e-08
 3.81596933e-04 6.92261742e-08 8.34796308e-08 1.17433849e-07
 1.08989884e-05 9.13304964e-06 1.53826020e-07 1.30306373e-04
 2.00877260e-07 2.31072494e-07 2.44139240e-07 2.39394326e-07
 2.60667367e-07 2.87634208e-04 2.94080216e-04 1.56657178e-07
 3.50615659e-07 2.09663453e-04 3.68089891e-04 1.17151352e-04
 5.92518691e-04 3.12657964e-04 1.88545391e-07 4.48296457e-06
 2.07893383e-09 1.55405248e-09 3.32477131e-09 9.21261919e-08
 8.97590719e-08 3.85554006e-07 3.54502629e-07 3.33758502e-07
 2.97108692e-05 3.44143044e-07 2.65340253e-07 2.70000046e-07
 9.94648636e-05 2.28131624e-07 8.77324403e-08 4.94537646e-08
 3.74220078e-08 1.43920959e-08 7.32046152e-10 1.66291778e-10
 1.35856803e-10 1.38101167e-09 1.44413786e-08 1.04127720e-08
 1.08152486e-08 2.50929997e-08 2.63037419e-08 2.63877476e-08
 2.15923974e-06 4.11121257e-08 6.90720975e-06 2.29389182e-05
 9.68287573e-06 2.09245727e-05 4.89316330e-07 4.87909455e-08
 6.22228299e-09 6.10854343e-07 1.58647753e-09 1.20951559e-09
 3.39385381e-07 5.01123079e-07 2.28329285e-07 5.99951974e-07]","[2.61941769e-01 7.74723076e-02 6.68763954e-02 3.91197507e-02
 1.84660739e-02 1.68581739e-03 1.12815061e-03 2.85595972e-04
 8.10606381e-05 1.99254050e-04 5.16219758e-05 4.12868862e-05
 4.69584332e-05 2.70978297e-05 1.77987485e-05 2.05240777e-05
 1.13634730e-05 7.51830056e-06 1.35232526e-05 6.01502985e-06
 8.94976493e-06 6.38793243e-06 6.61029177e-06 7.36449084e-06
 5.21627878e-06 5.80394252e-06 5.58969499e-06 5.75874463e-06
 7.17739404e-06 7.95504064e-06 6.53275267e-06 7.82187740e-06
 6.60274310e-06 6.07712058e-06 6.95629346e-06 7.21668648e-06
 6.53186988e-06 7.29471698e-06 5.65502754e-06 6.16655706e-06
 4.90990170e-06 5.23877547e-06 5.84145024e-06 4.70443995e-06
 5.05321860e-06 4.92068071e-06 5.25512521e-06 5.27194845e-06
 4.93484651e-06 4.40232218e-06 4.17753775e-06 6.00531934e-06
 4.23176715e-06 4.40736976e-06 4.42711672e-06 3.21149896e-06
 2.93776794e-06 2.69934701e-06 2.98019241e-06 3.34935310e-06
 2.77765142e-06 2.55384999e-06 2.71031999e-06 2.13385431e-06
 2.49237936e-06 2.45271094e-06 2.12369915e-06 2.14132534e-06
 2.27504711e-06 1.87048810e-06 1.40254376e-06 1.91901692e-06
 1.44578953e-06 1.89632240e-06 2.72968583e-06 1.44916995e-06
 1.52252664e-06 1.98275205e-06 1.42801296e-06 1.71616104e-06
 2.84435375e-06 2.17401154e-06 2.07128229e-06 1.80408954e-06
 1.31737699e-06 2.10463251e-06 1.99753506e-06 1.51145884e-06
 8.74504639e-07 1.38072825e-06 8.29896644e-07 8.03464862e-07
 1.07955635e-06 8.32509142e-07 7.71805266e-07 7.12443669e-07
 7.51504035e-07 6.28544188e-07 7.64006046e-07 1.08081683e-06]","[2.30589377e-04 2.90279384e-04 3.52380875e-04 3.30277709e-04
 4.11770463e-04 2.88066446e-04 8.34568700e-04 4.09731990e-04
 1.66606850e-04 5.97111866e-04 1.99612679e-04 2.22427553e-04
 3.50152448e-04 2.73177134e-04 2.47328238e-04 3.79441961e-04
 2.94408150e-04 2.37627445e-04 5.20698543e-04 2.71920977e-04
 4.71932449e-04 3.60797644e-04 4.08933660e-04 4.85373610e-04
 3.65727181e-04 4.24939047e-04 4.29732686e-04 4.57887108e-04
 6.04723445e-04 7.02571231e-04 5.93458110e-04 7.44787683e-04
 6.66337271e-04 6.46247227e-04 7.85891466e-04 8.68190399e-04
 8.14114752e-04 9.28468678e-04 7.55131829e-04 8.54208110e-04
 7.05010245e-04 7.79736085e-04 8.91820428e-04 7.52023000e-04
 8.15855730e-04 8.01766109e-04 8.71830123e-04 8.90134693e-04
 8.42835955e-04 7.51055841e-04 6.97033448e-04 9.77457948e-04
 6.93312677e-04 7.25022293e-04 7.12706171e-04 5.00936009e-04
 4.41532904e-04 4.13335846e-04 4.65664715e-04 5.24783602e-04
 4.28945423e-04 3.93273737e-04 4.20927319e-04 3.33565843e-04
 3.85351732e-04 3.75264099e-04 3.22672465e-04 3.20507550e-04
 3.29128603e-04 2.61190753e-04 1.94137340e-04 2.60266915e-04
 1.94135888e-04 2.49474613e-04 3.39542720e-04 1.21290596e-04
 1.03257029e-04 2.38972227e-04 1.86811645e-04 2.30537654e-04
 3.84188058e-04 2.94563045e-04 2.76751349e-04 2.41389485e-04
 1.77397857e-04 2.78725535e-04 2.55906556e-04 1.68363027e-04
 9.43004110e-05 1.70063737e-04 1.07749005e-04 1.06051485e-04
 1.43205278e-04 1.12727050e-04 1.04880545e-04 9.84337173e-05
 1.05580005e-04 9.36568081e-05 1.18154479e-04 1.72797152e-04]"
h72,"[1.99792268e+04 4.04899577e+03 3.27475573e+03 2.50526451e+03
 1.32032262e+03 4.37502362e+02 2.29505754e+02 1.65240013e+02
 1.14189697e+02 1.06401683e+02 9.77304203e+01 7.57855290e+01
 7.26762111e+01 6.83538791e+01 5.26650769e+01 4.77783161e+01
 4.14737237e+01 3.94881243e+01 3.48308301e+01 3.14578029e+01
 2.89194061e+01 3.17013237e+01 2.59721021e+01 2.23588536e+01
 1.88367641e+01 1.77093845e+01 1.78297002e+01 1.71211753e+01
 1.46642511e+01 1.13575289e+01 9.92000041e+00 1.05585508e+01
 7.22761083e+00 7.85807092e+00 6.23784105e+00 6.40665877e+00
 5.72228391e+00 5.19814546e+00 5.08050767e+00 4.30651196e+00
 3.98145563e+00 3.74935878e+00 3.94003410e+00 6.62217541e+00
 3.93295934e+00 2.34320739e+00 2.10839363e+00 2.04410989e+00
 1.79732278e+00 1.55856976e+00 1.36484869e+00 1.71657978e+00
 1.80334405e+00 1.50643765e+00 1.49394135e+00 1.51441746e+00
 1.74773509e+00 1.41010023e+00 1.17781321e+00 7.59804401e-01
 8.86492556e-01 1.01862233e+00 8.07214392e-01 7.72325198e-01
 7.44101757e-01 5.30905414e-01 5.55532684e-01 5.08922842e-01
 5.25107149e-01 4.84730307e-01 4.76614620e-01 4.33278918e-01
 4.28785589e-01 4.72217799e-01 4.66170455e-01 4.66260692e-01
 4.80636950e-01 4.20803266e-01 3.93480342e-01 3.08504503e-01
 3.20979101e-01 3.16188846e-01 2.59814862e-01 2.52587291e-01
 2.57100973e-01 2.10613957e-01 2.03413595e-01 2.11517488e-01
 2.01291902e-01 1.91510574e-01 1.71975279e-01 2.15563637e-01
 1.89508975e-01 2.30702704e-01 2.02994266e-01 2.26455129e-01
 1.84517677e-01 2.10597091e-01 2.10543515e-01 2.02144515e-01]","[0.00179271 0.00187391 0.00183405 0.00193053 0.00194783 0.00184221
 0.00178173 0.0018957  0.00173746 0.00205989 0.00224044 0.00206028
 0.00228089 0.00250408 0.00225248 0.0023702  0.0023525  0.00251531
 0.00247219 0.00246079 0.00246452 0.00293374 0.00260902 0.00240784
 0.00218576 0.00220733 0.00239342 0.00243383 0.00228301 0.00190306
 0.00177876 0.00202112 0.00146508 0.00167455 0.00140686 0.00153133
 0.00144326 0.00138599 0.00144115 0.00128856 0.00125775 0.00124389
 0.00136347 0.00239629 0.00147871 0.00091845 0.00086315 0.00086887
 0.00080342 0.00072662 0.00065975 0.00086348 0.00094285 0.00081693
 0.00083086 0.00083557 0.00084346 0.00070953 0.00066027 0.0004961
 0.00060517 0.00072305 0.00059424 0.00059089 0.00058797 0.00043178
 0.00046532 0.0004397  0.00046522 0.00043993 0.00044043 0.00040707
 0.00041442 0.00046097 0.00035796 0.000236   0.00022576 0.0003064
 0.00039595 0.00035585 0.00038571 0.00039943 0.00033923 0.00033508
 0.00034943 0.00029028 0.00025985 0.00023011 0.00022552 0.00025542
 0.00028061 0.00036892 0.00031873 0.00037177 0.00033222 0.00037488
 0.00032154 0.00043413 0.00047345 0.00047549]","[5.04443774e+03 1.30242003e+03 1.31161284e+03 1.03411828e+03
 5.23795269e+02 1.43228363e+02 5.36657293e+01 2.41131781e+01
 1.59761299e+01 1.05316837e+01 8.54529318e+00 2.52648473e+00
 3.11762550e+00 3.22340125e+00 1.23037961e+00 1.47775220e+00
 1.41492685e+00 8.54530987e-01 9.85044733e-01 1.31126048e+00
 6.76338006e-01 7.90162317e-01 7.86492352e-01 5.32159552e-01
 1.92936019e-01 4.67439982e-01 4.52137345e-01 5.76040133e-01
 3.44559187e-01 1.06404264e-01 9.11576444e-02 2.64548318e-01
 4.22745158e-02 5.01192629e-02 2.18606612e-02 3.83346095e-02
 3.92711890e-03 7.17378037e-03 1.59923410e-02 1.84851737e-03
 5.66958654e-03 1.41089000e-03 1.23684137e-02 2.52009294e-01
 3.47839735e-02 4.52692367e-04 7.66718849e-04 1.91138817e-04
 2.00683089e-04 9.57408954e-05 1.62912220e-04 2.54713294e-04
 1.96492141e-05 1.20224905e-03 1.30447212e-03 2.06969321e-02
 1.79294503e-01 1.40365383e-01 8.65848699e-02 2.52385682e-03
 1.39480736e-04 1.68553088e-04 3.64371014e-05 3.00374261e-05
 2.63745153e-07 2.40685855e-05 4.50136153e-07 1.04276026e-04
 7.73002201e-07 3.42691998e-06 1.38108899e-05 4.16648733e-06
 1.56978784e-05 3.25862680e-04 4.79229246e-05 2.50411226e-07
 5.18241407e-06 2.66730280e-07 2.15370943e-07 1.88613274e-07
 5.03005485e-07 2.47375375e-06 4.00349264e-07 2.03508028e-06
 1.36962111e-05 5.71146099e-06 1.59387627e-07 1.33851289e-06
 5.30821285e-06 1.34629333e-06 1.01549237e-06 3.04036232e-05
 1.65800239e-05 1.09176378e-05 2.22198447e-06 8.05784195e-06
 2.05616204e-06 3.54618527e-07 2.05991128e-06 2.51271417e-07]","[1.70717791e-03 1.84396319e-03 1.92410237e-03 2.02230346e-03
 2.02442608e-03 2.13455696e-03 2.23552125e-03 2.39336152e-03
 3.17693682e-03 4.17505155e-03 5.62279622e-03 3.62603749e-03
 5.94593984e-03 1.18742058e-02 7.16698188e-03 1.16226706e-02
 1.69859807e-02 1.24843733e-02 1.67194416e-02 2.55660694e-02
 1.46584741e-02 2.27194421e-02 2.66490109e-02 1.85794732e-02
 8.88100171e-03 2.43764385e-02 2.54824530e-02 1.39500495e-02
 2.38651151e-02 8.93862893e-03 8.48476690e-03 3.29255351e-02
 5.29689108e-03 6.32426869e-03 3.69579110e-03 8.04986684e-03
 9.21509052e-04 1.87988026e-03 5.02085716e-03 6.04476258e-04
 2.60028282e-03 7.14813418e-04 6.30381849e-03 1.44524570e-01
 1.97657594e-02 2.47987462e-04 4.84438572e-04 7.59794441e-05
 1.73091488e-04 1.03891381e-04 1.35290161e-04 2.77027019e-04
 2.17395686e-05 1.50497088e-03 6.96151390e-04 9.25910816e-04
 1.00027888e-03 1.00875368e-03 1.25439449e-03 1.02910755e-03
 6.05768150e-05 3.28784259e-04 7.35186386e-05 7.02027870e-05
 7.64084182e-07 5.59711983e-05 9.25372324e-07 2.30267908e-04
 1.86580434e-06 8.31433139e-06 1.43352195e-05 2.18700295e-06
 6.16640601e-06 4.33356725e-05 3.23266070e-07 4.60763352e-10
 8.06365556e-09 1.17573151e-09 4.54360983e-09 2.22394893e-08
 6.76012490e-08 6.32318620e-07 1.33991237e-07 6.12996546e-07
 4.36854229e-06 1.73498435e-06 4.18821841e-09 1.09595371e-08
 4.38771146e-08 2.26824866e-08 3.29318350e-07 2.46483680e-05
 1.66374034e-06 3.70701599e-07 6.63963016e-08 1.84399576e-07
 4.90911415e-08 4.65920147e-08 9.87705417e-06 2.49784272e-06]","[2.02114628e+00 5.86974513e-01 3.22596695e-01 2.42181294e-01
 8.73983748e-02 1.40585761e-02 1.02791982e-03 8.95891394e-04
 6.21800592e-04 4.14898933e-04 2.68924592e-04 2.02841945e-04
 2.07496273e-04 1.60234474e-04 1.33082578e-04 1.31982214e-04
 6.47909476e-05 5.87638124e-05 6.97334007e-05 4.77150610e-05
 4.52859491e-05 3.98870905e-05 3.85577884e-05 3.10890402e-05
 2.96882958e-05 2.55055550e-05 2.72687192e-05 2.60831627e-05
 2.29169359e-05 2.47967171e-05 1.75511000e-05 1.47425383e-05
 1.16461580e-05 2.08357606e-05 1.35674958e-05 1.80778908e-05
 1.74273151e-05 1.71988471e-05 1.51933168e-05 1.75394721e-05
 9.43929483e-06 1.22589784e-05 1.59761143e-05 1.06145904e-05
 8.89071016e-06 6.76814205e-06 6.52154555e-06 8.05342474e-06
 4.58516188e-06 5.70689964e-06 5.64036130e-06 7.67634721e-06
 7.93337680e-06 6.65603480e-06 6.12474648e-06 5.44639986e-06
 5.54030351e-06 4.16361756e-06 4.01299336e-06 3.51074885e-06
 4.11608498e-06 5.36611451e-06 4.07176412e-06 4.51369035e-06
 4.35833405e-06 3.11055272e-06 3.31994723e-06 3.59848885e-06
 4.09439164e-06 4.26466328e-06 3.75355016e-06 3.82925919e-06
 4.19121256e-06 3.73342483e-06 4.81518365e-06 4.57457412e-06
 5.23027348e-06 4.87450768e-06 4.17044581e-06 3.35965246e-06
 3.71160846e-06 3.82338588e-06 3.26425006e-06 3.62450859e-06
 3.78290239e-06 2.98531482e-06 2.76094695e-06 3.59750706e-06
 3.53802581e-06 2.98322881e-06 3.52367394e-06 4.14777544e-06
 3.46059719e-06 4.47224040e-06 4.44638471e-06 4.26264116e-06
 3.87338708e-06 4.70057942e-06 4.60593448e-06 4.41016963e-06]","[0.00177923 0.00219932 0.00169981 0.00204467 0.00194887 0.00240228
 0.00076042 0.0012853  0.00127801 0.00124334 0.00103988 0.00109278
 0.00154723 0.00161535 0.00184929 0.00244004 0.00167862 0.00185732
 0.00268501 0.00215705 0.00238799 0.00225287 0.00238531 0.00204899
 0.00208153 0.0018674  0.0020964  0.00207391 0.00193084 0.00218999
 0.0015944  0.00140376 0.00117531 0.0022157  0.0015328  0.00217483
 0.00217209 0.00218906 0.00202881 0.00242961 0.00135538 0.00182462
 0.00243909 0.00169678 0.00143543 0.00110279 0.00108193 0.00135977
 0.00078311 0.00097362 0.00094111 0.00124944 0.00129977 0.00109493
 0.000986   0.00084954 0.00083268 0.00063755 0.00062704 0.00055007
 0.00063564 0.00082634 0.00063237 0.00070558 0.00067385 0.00047591
 0.00050443 0.00053861 0.00059233 0.00059551 0.00051956 0.00051934
 0.00056278 0.00049116 0.00059896 0.00038288 0.00035471 0.0005875
 0.00054557 0.00045131 0.00050133 0.00051804 0.00043615 0.00048496
 0.00050941 0.00039536 0.00035371 0.00040073 0.00038152 0.00036744
 0.00045749 0.00054748 0.00045906 0.00060557 0.00060422 0.00058894
 0.00054418 0.00070041 0.00071231 0.00070508]"
h73,"[4.23259390e+03 7.75525274e+02 6.52223887e+02 4.79419660e+02
 2.65847755e+02 8.07333385e+01 4.30355530e+01 2.40716212e+01
 1.82845940e+01 1.26412528e+01 1.12824923e+01 8.00811614e+00
 6.00151052e+00 7.17582809e+00 4.49313975e+00 3.62641882e+00
 3.66252571e+00 3.29396603e+00 2.97239038e+00 2.43390387e+00
 2.69024188e+00 2.14423454e+00 2.01365648e+00 2.21061893e+00
 1.33033261e+00 1.53947457e+00 1.43568338e+00 1.17265523e+00
 1.04821167e+00 1.17025107e+00 1.20115954e+00 1.02710009e+00
 8.34351777e-01 8.31260841e-01 8.60879299e-01 8.29006634e-01
 6.53917765e-01 7.33853727e-01 6.23807674e-01 6.40636521e-01
 4.89879043e-01 3.60929674e-01 3.86257140e-01 3.08250990e-01
 4.42283105e-01 3.08351743e-01 4.25100439e-01 3.80217564e-01
 2.64916168e-01 3.08912520e-01 2.36521830e-01 2.59281249e-01
 1.89566054e-01 2.41865282e-01 2.00825806e-01 2.37252680e-01
 1.73016082e-01 2.07197184e-01 1.87826006e-01 1.69283922e-01
 1.25712087e-01 1.27276832e-01 1.17700104e-01 8.96465065e-02
 9.96673712e-02 9.36075970e-02 1.08860102e-01 9.25331885e-02
 1.02020978e-01 1.28298851e-01 1.00637125e-01 6.38584333e-02
 7.52445340e-02 6.54685886e-02 7.10702891e-02 7.16765608e-02
 5.29289237e-02 6.04589951e-02 5.15652084e-02 5.58370087e-02
 3.16306601e-02 3.72223035e-02 4.76297093e-02 3.39468189e-02
 4.42453453e-02 3.87057427e-02 2.78954370e-02 3.36772155e-02
 1.90989546e-02 3.08117413e-02 3.50421197e-02 8.20830931e-02
 2.44425743e-01 2.00154360e-01 5.86990583e-02 3.63133691e-02
 2.55494834e-02 3.12197125e-02 4.29102377e-02 2.86359371e-02]","[3.79785193e-04 3.58919295e-04 3.65281911e-04 3.69436444e-04
 3.92197729e-04 3.39946744e-04 3.34099575e-04 2.76158760e-04
 2.78209862e-04 2.44729570e-04 2.58647464e-04 2.17705466e-04
 1.88353211e-04 2.62879961e-04 1.92170845e-04 1.79900122e-04
 2.07748245e-04 2.09818449e-04 2.10971957e-04 1.90392236e-04
 2.29263247e-04 1.98434325e-04 2.02281646e-04 2.38063306e-04
 1.54367794e-04 1.91882660e-04 1.92722953e-04 1.66696362e-04
 1.63191568e-04 1.96086524e-04 2.15380261e-04 1.96607972e-04
 1.69128249e-04 1.77141215e-04 1.94160151e-04 1.98150746e-04
 1.64929727e-04 1.95667911e-04 1.76951366e-04 1.91686494e-04
 1.54753287e-04 1.19741882e-04 1.33666106e-04 1.11543134e-04
 1.66288604e-04 1.20862434e-04 1.74031051e-04 1.61614516e-04
 1.18420136e-04 1.44017652e-04 1.14331263e-04 1.30425290e-04
 9.91115627e-05 1.31162454e-04 1.11689371e-04 1.30902546e-04
 8.34982543e-05 1.04256373e-04 1.05293506e-04 1.10531326e-04
 8.58177368e-05 9.03448490e-05 8.66457097e-05 6.85863773e-05
 7.87543921e-05 7.61301391e-05 9.11832369e-05 7.99469477e-05
 9.03859638e-05 1.16440880e-04 9.29974017e-05 5.99958527e-05
 7.27229656e-05 6.39088547e-05 5.45724632e-05 3.62793778e-05
 2.48608990e-05 4.40225534e-05 5.18893372e-05 6.44053890e-05
 3.80091418e-05 4.70219456e-05 6.21882443e-05 4.50333875e-05
 6.01348644e-05 5.33456816e-05 3.56344623e-05 3.66379576e-05
 2.13979528e-05 4.10939257e-05 5.71786355e-05 1.40479790e-04
 4.11096421e-04 3.22539634e-04 9.60654107e-05 6.01141989e-05
 4.45218257e-05 6.43571138e-05 9.64923907e-05 6.73580192e-05]","[1.12876229e+03 2.40738273e+02 2.55134303e+02 1.90797642e+02
 1.02672091e+02 2.53398345e+01 8.88715815e+00 4.06349444e+00
 2.30258608e+00 9.69063209e-01 7.85150804e-01 5.94769754e-01
 2.61227217e-01 2.84820542e-01 6.92632341e-02 1.51046517e-01
 7.28391262e-02 9.05238116e-02 1.14578522e-01 6.95588776e-02
 4.27836312e-02 6.97515954e-02 5.57662121e-02 5.02284628e-02
 1.80360944e-02 1.37018494e-02 2.71174707e-02 1.46366959e-02
 2.40613251e-02 1.52269292e-02 1.47390426e-02 5.46001401e-03
 5.22197072e-03 5.45849483e-03 5.18262325e-03 2.07649488e-03
 6.35897523e-03 7.72973334e-03 3.93893646e-03 7.64294896e-04
 4.72605693e-03 1.50712224e-03 1.82664818e-03 9.77734832e-04
 3.35986232e-03 1.42288431e-03 1.55720385e-03 5.58479616e-03
 4.59518107e-04 6.64286981e-04 7.37990768e-04 3.05796279e-04
 2.70007115e-04 3.22071104e-05 1.56185282e-04 4.10067394e-04
 3.31793033e-04 4.64246960e-04 1.02840163e-03 3.68841139e-04
 2.03942786e-05 3.86471019e-08 3.57406185e-08 1.13904686e-04
 6.72189247e-05 1.31847099e-04 1.68330522e-04 1.33077741e-04
 5.10430856e-04 5.18578738e-05 2.98268213e-05 1.80055062e-05
 6.74095186e-07 4.35904348e-05 2.88228164e-04 2.49669492e-05
 7.85595280e-05 1.24584282e-04 4.90294318e-05 1.01521536e-05
 3.90045616e-05 1.58402786e-05 2.87640732e-05 4.99948279e-05
 2.62140503e-05 2.05233363e-05 5.31834954e-05 5.66993005e-07
 8.79428793e-09 2.39403729e-05 4.04044100e-05 1.06174144e-03
 6.82017189e-02 5.47312173e-02 1.90532386e-03 8.45658466e-06
 1.69949215e-05 2.42385739e-05 2.79991888e-05 1.89499490e-05]","[3.82004527e-04 3.40836677e-04 3.74275475e-04 3.73120504e-04
 3.96819276e-04 3.77643916e-04 3.70207043e-04 4.03323493e-04
 4.57881260e-04 3.84163536e-04 5.16628614e-04 8.53619814e-04
 4.98212924e-04 1.04920780e-03 4.03459502e-04 1.18799614e-03
 8.74422583e-04 1.32251852e-03 1.94477352e-03 1.35621192e-03
 9.27262323e-04 2.00555923e-03 1.88954717e-03 1.75364395e-03
 8.30216075e-04 7.14535131e-04 1.52834018e-03 3.54459040e-04
 1.66655343e-03 1.27915804e-03 1.37187991e-03 6.79550275e-04
 6.54299869e-04 6.88776849e-04 8.76180861e-04 4.36042194e-04
 1.49215070e-03 2.02556705e-03 1.23664430e-03 2.49929012e-04
 2.16754512e-03 7.63568526e-04 9.30989119e-04 5.60720219e-04
 1.90921921e-03 7.79464147e-04 9.83893393e-04 2.22000802e-03
 3.96339687e-04 7.20838169e-04 6.12863108e-04 3.32585042e-04
 2.98731449e-04 4.03167407e-05 8.33506516e-05 1.83450298e-05
 1.85106379e-06 3.33636984e-06 1.48989233e-05 1.50395694e-04
 8.85728364e-06 7.53860928e-08 7.21133547e-08 2.66215433e-04
 1.94736914e-04 3.06608800e-04 3.46047313e-04 2.93869398e-04
 1.23203285e-03 1.25816637e-04 3.09591946e-05 9.45114959e-06
 2.64796585e-07 5.79698419e-06 1.94425501e-06 4.59398541e-08
 1.22235886e-07 5.49160244e-07 1.03435777e-06 1.19704572e-06
 5.24200464e-06 4.04894913e-06 9.62692853e-06 1.50591881e-05
 8.36123122e-06 6.23442361e-06 1.39749928e-06 4.64245128e-09
 7.26926351e-11 4.03349830e-07 1.31029185e-05 8.60759047e-04
 6.84377489e-03 1.85836444e-03 5.69339973e-05 1.93524598e-07
 4.05756007e-07 3.18461644e-06 1.34253114e-04 1.88377941e-04]","[5.01707919e-01 7.26305483e-02 5.58734796e-02 5.77679198e-02
 1.51105774e-02 2.49429542e-03 1.38866338e-04 7.42677306e-05
 9.28694007e-05 5.81978149e-05 8.04057636e-05 3.35888083e-05
 3.54197371e-05 1.55984428e-05 1.03707709e-05 7.00811695e-06
 6.69218669e-06 5.49440854e-06 5.61196067e-06 3.90773420e-06
 3.72810350e-06 3.23610472e-06 2.55948969e-06 3.60384953e-06
 2.04555588e-06 2.78948330e-06 2.66943148e-06 1.86218539e-06
 1.65045449e-06 2.57107087e-06 2.39917156e-06 1.84227917e-06
 1.51915371e-06 1.36842416e-06 1.78140791e-06 1.68985408e-06
 1.11818323e-06 1.32339324e-06 1.32339635e-06 1.62746837e-06
 1.09963387e-06 8.40249544e-07 7.65633183e-07 1.05327667e-06
 1.13360394e-06 1.36064612e-06 1.01941301e-06 1.12885441e-06
 1.26039298e-06 7.02724382e-07 7.13835504e-07 9.10728627e-07
 6.53519407e-07 1.41776525e-06 6.68671300e-07 1.03252828e-06
 5.34421993e-07 8.76389800e-07 9.92882490e-07 8.52355751e-07
 5.93464567e-07 7.25440225e-07 5.84229418e-07 3.83903540e-07
 5.28384710e-07 5.62791896e-07 4.89340722e-07 4.33704320e-07
 1.00602477e-06 6.97615831e-07 6.98541439e-07 4.95314391e-07
 5.68978402e-07 3.15714519e-07 5.13857875e-07 7.10262709e-07
 4.58750135e-07 4.83416376e-07 4.00589253e-07 5.75040383e-07
 3.70617948e-07 3.36607950e-07 6.95878518e-07 7.68470821e-07
 4.42105643e-07 2.30909187e-07 2.22086296e-07 1.00570572e-06
 2.36808078e-07 3.86452123e-07 3.69213792e-07 9.21787009e-07
 5.00794104e-07 5.20782228e-07 4.46466552e-07 1.36760600e-06
 2.45263840e-07 4.76125693e-07 1.14494654e-06 4.69343386e-07]","[4.41657384e-04 2.72137896e-04 2.94405007e-04 4.87719269e-04
 3.36947068e-04 4.26216281e-04 1.02728748e-04 1.06548649e-04
 1.90877825e-04 1.74403511e-04 3.10914288e-04 1.80955192e-04
 2.64112467e-04 1.57250154e-04 1.44110385e-04 1.29563612e-04
 1.73383111e-04 1.73659227e-04 2.16082612e-04 1.76656630e-04
 1.96587623e-04 1.82778853e-04 1.58338168e-04 2.37519944e-04
 1.43419364e-04 2.04233652e-04 2.05224428e-04 1.48065375e-04
 1.39057229e-04 2.27071175e-04 2.17949139e-04 1.75419118e-04
 1.53310333e-04 1.45519627e-04 2.01255638e-04 2.03294835e-04
 1.39367360e-04 1.68440966e-04 1.76716860e-04 2.25441307e-04
 1.57895858e-04 1.25062220e-04 1.16890033e-04 1.68370367e-04
 1.83023404e-04 2.21701022e-04 1.69121559e-04 1.90599830e-04
 2.15265971e-04 1.19887921e-04 1.19105381e-04 1.48235070e-04
 1.07069523e-04 2.33225591e-04 1.07647074e-04 1.61055820e-04
 8.03211482e-05 1.34196648e-04 1.55141104e-04 1.33548870e-04
 9.16471764e-05 1.11712351e-04 9.07339811e-05 6.00121140e-05
 8.16946112e-05 8.61070052e-05 7.43498800e-05 6.49156420e-05
 1.45540514e-04 9.74135062e-05 9.66907278e-05 6.71770778e-05
 7.64005586e-05 4.15344761e-05 6.39182353e-05 5.94465733e-05
 3.11122149e-05 5.82640113e-05 5.24048027e-05 7.72470984e-05
 5.00595222e-05 4.56079745e-05 9.29787887e-05 1.02822377e-04
 5.95339028e-05 3.05802967e-05 2.84517355e-05 1.12026643e-04
 2.55357126e-05 4.75991511e-05 4.79365943e-05 1.21669143e-04
 6.64313250e-05 7.05172370e-05 6.06702978e-05 1.88953244e-04
 3.44575094e-05 7.09455494e-05 1.77067397e-04 7.50369518e-05]"
h85,"[5.97848004e+03 1.22877040e+03 8.99581461e+02 6.46870628e+02
 3.48162741e+02 1.10185247e+02 5.01690024e+01 3.02726296e+01
 2.16498308e+01 1.11161937e+01 9.18315263e+00 8.75114006e+00
 5.25976733e+00 5.93716707e+00 3.42374614e+00 3.76603549e+00
 2.90925764e+00 2.23887792e+00 1.96417542e+00 1.80580804e+00
 1.77511615e+00 1.81935875e+00 1.70126220e+00 1.23708303e+00
 1.02178915e+00 9.88973630e-01 7.48126536e-01 6.72394388e-01
 5.91055604e-01 4.57200092e-01 4.97435804e-01 4.07635478e-01
 5.03278671e-01 3.08143763e-01 3.42367458e-01 3.48623077e-01
 3.34888961e-01 3.26630867e-01 2.92038916e-01 2.80115329e-01
 2.39863126e-01 2.34091888e-01 1.93593251e-01 1.97224478e-01
 1.99369570e-01 1.83012280e-01 1.68256423e-01 1.34070583e-01
 1.63828577e-01 1.05679258e-01 8.82854459e-02 8.19003618e-02
 1.18910734e-01 8.43262987e-02 7.39935648e-02 5.73664030e-02
 6.49276761e-02 3.85930254e-02 5.78465885e-02 4.34834580e-02
 6.50311708e-02 2.11717457e-02 1.76881042e-02 2.38494199e-02
 3.51052514e-02 3.72611874e-02 2.25914204e-02 1.96386632e-02
 3.17557322e-02 1.57753039e-02 2.47889030e-02 1.51301295e-02
 2.86321565e-02 1.76772699e-02 1.55296159e-02 1.93866712e-02
 1.40362761e-02 1.07768321e-02 1.07049022e-02 1.45514374e-02
 4.87617404e-03 6.24538967e-03 1.17819935e-02 7.83920670e-03
 0.00000000e+00 5.09022760e-03 5.52813367e-03 5.40192725e-03
 5.84392763e-03 4.19584350e-03 4.14434698e-03 4.93320319e-03
 1.60946197e-03 3.41901728e-03 3.77700253e-04 2.39143838e-03
 2.95798341e-03 6.61371523e-04 1.42573239e-03 2.78411854e-03]","[5.36441307e-04 5.68684762e-04 5.03816008e-04 4.98472643e-04
 5.13634717e-04 4.63960944e-04 3.89478959e-04 3.47299079e-04
 3.29413737e-04 2.15205038e-04 2.10520786e-04 2.37905019e-04
 1.65074120e-04 2.17502737e-04 1.46433057e-04 1.86826254e-04
 1.65020867e-04 1.42611638e-04 1.39411679e-04 1.41259412e-04
 1.51275949e-04 1.68369280e-04 1.70900112e-04 1.33222452e-04
 1.18565339e-04 1.23267311e-04 1.00426847e-04 9.55828237e-05
 9.20189057e-05 7.66081557e-05 8.91953561e-05 7.80297706e-05
 1.02017689e-04 6.56652616e-05 7.72165360e-05 8.33285526e-05
 8.44649708e-05 8.70898070e-05 8.28407334e-05 8.38140247e-05
 7.57730049e-05 7.76622296e-05 6.69938579e-05 7.13672851e-05
 7.49585212e-05 7.17340185e-05 6.88821733e-05 5.69877733e-05
 7.32329874e-05 4.92685718e-05 4.26759193e-05 4.11980369e-05
 6.21705649e-05 4.57297721e-05 4.11515577e-05 3.16515210e-05
 3.13343565e-05 1.94190326e-05 3.24282578e-05 2.83918534e-05
 4.43937255e-05 1.50283295e-05 1.30212149e-05 1.82466152e-05
 2.77391959e-05 3.03041577e-05 1.89229920e-05 1.69674384e-05
 2.81341398e-05 1.43172776e-05 2.29070891e-05 1.42149591e-05
 2.76726457e-05 1.72561239e-05 1.19246651e-05 9.81264112e-06
 6.59288754e-06 7.84703197e-06 1.07721912e-05 1.67844053e-05
 5.85947906e-06 7.88963458e-06 1.53832870e-05 1.03993848e-05
 0.00000000e+00 7.01553935e-06 7.06180263e-06 5.87683923e-06
 6.54737865e-06 5.59603819e-06 6.76237930e-06 8.44285126e-06
 2.70693278e-06 5.50959061e-06 6.18134788e-07 3.95885609e-06
 5.15450039e-06 1.36336817e-06 3.20604904e-06 6.54885885e-06]","[1.73040519e+03 3.65358581e+02 3.34971515e+02 2.46394068e+02
 1.38728913e+02 3.25792668e+01 9.34781764e+00 3.96168502e+00
 2.47618423e+00 1.26414475e+00 3.81177450e-01 2.17119468e-01
 1.46783397e-01 2.04474807e-01 3.03339716e-02 6.45224568e-02
 1.75762393e-02 1.28966040e-02 2.50295799e-03 7.51889556e-03
 2.69158919e-02 2.61916073e-07 2.42523931e-07 4.98147559e-03
 5.26077151e-06 1.50498306e-07 2.28117616e-03 1.08446106e-02
 8.91600270e-08 3.58139716e-04 4.22259096e-03 2.42873961e-03
 3.13834644e-03 5.42619868e-08 2.05690207e-04 6.48311224e-04
 1.29415713e-03 7.40568830e-04 1.22137170e-03 1.70128393e-04
 5.93342677e-04 5.10198693e-08 4.31825676e-08 4.08051132e-08
 4.15609504e-08 1.54834221e-04 7.88080702e-04 1.77231048e-05
 5.17257377e-08 2.58098564e-08 1.39913833e-04 2.24816185e-08
 3.01586114e-08 8.98425440e-06 4.55330254e-06 1.86400603e-08
 1.94492445e-08 1.20401548e-08 1.92703667e-07 1.39150209e-08
 4.30835963e-04 6.72646639e-09 5.88770659e-09 7.80737642e-09
 1.06183951e-08 1.66129027e-05 2.66660781e-05 6.17328295e-05
 1.07520356e-08 6.33973264e-09 8.19342132e-09 5.58176396e-09
 1.24610590e-08 9.41257906e-09 6.68033122e-09 1.02525343e-08
 4.56747394e-09 4.54017533e-09 4.02934621e-09 7.12280905e-09
 1.99238908e-09 2.48391598e-09 4.51998557e-09 2.84768486e-09
 0.00000000e+00 2.19360260e-09 2.56898469e-09 2.95047719e-09
 2.25612590e-09 2.63967153e-09 7.88474596e-06 2.54032036e-09
 4.90531634e-10 2.16740690e-09 7.46225644e-11 1.01870065e-09
 1.47477933e-09 2.84248209e-10 6.99486817e-10 1.08042316e-09]","[5.85617204e-04 5.17273813e-04 4.91394616e-04 4.81843894e-04
 5.36175956e-04 4.85534423e-04 3.89396460e-04 3.93218366e-04
 4.92402158e-04 5.01142042e-04 2.50814463e-04 3.11612147e-04
 2.79945505e-04 7.53234164e-04 1.76695894e-04 5.07475654e-04
 2.11000068e-04 1.88414489e-04 4.24834106e-05 1.46598337e-04
 5.83356104e-04 7.53084135e-09 8.21752794e-09 1.73920006e-04
 2.42157586e-07 7.84830745e-09 1.28567049e-04 2.62625547e-04
 6.17546822e-09 3.00859937e-05 3.93030122e-04 3.02279567e-04
 3.93226958e-04 6.84701578e-09 3.47742473e-05 1.36138573e-04
 3.03677465e-04 1.94065145e-04 3.83454359e-04 5.56330040e-05
 2.72128974e-04 2.58487105e-08 2.20088910e-08 2.34012856e-08
 2.36167311e-08 8.48190699e-05 4.97935704e-04 7.04509774e-06
 4.46140476e-08 2.80070664e-08 1.16191192e-04 2.44510824e-08
 3.33669936e-08 1.12464562e-05 2.42993917e-06 8.33893321e-10
 1.08506776e-10 8.65281040e-11 2.79178589e-09 5.67387692e-09
 1.87113082e-04 1.31208291e-08 1.18795446e-08 1.82472220e-08
 3.07620733e-08 3.86331001e-05 5.48190819e-05 1.36321742e-04
 2.59523124e-08 1.53813449e-08 8.50448403e-09 2.92988632e-09
 4.89492574e-09 1.25175563e-09 4.50624506e-11 1.88649372e-11
 7.10683015e-12 2.00128279e-11 8.50057897e-11 8.39854122e-10
 2.67766446e-10 6.34916197e-10 1.51277525e-09 8.57765168e-10
 0.00000000e+00 6.66355979e-10 6.75050452e-11 2.41580522e-11
 1.86488932e-11 4.44734536e-11 2.55697790e-06 2.05945031e-09
 4.92229248e-11 7.35929529e-11 2.22983660e-12 2.33124413e-11
 3.52105523e-11 3.73463194e-11 3.35396444e-09 1.07402870e-08]","[8.38192472e-01 1.39514147e-01 9.98704278e-02 6.74841775e-02
 1.74600473e-02 2.74192609e-03 1.15995394e-03 2.18539318e-04
 3.58395509e-04 3.65924898e-05 1.01455133e-04 1.85067861e-04
 2.28249859e-05 8.54943968e-05 8.51534002e-06 1.09779802e-05
 6.93982406e-06 5.68331065e-06 3.18873394e-06 3.24066443e-06
 2.90659719e-06 3.51468199e-06 3.22882027e-06 2.21903372e-06
 1.82256983e-06 1.79241486e-06 1.70980289e-06 1.16220505e-06
 1.12666322e-06 8.01894731e-07 8.44301696e-07 1.11889352e-06
 1.02783557e-06 7.58480790e-07 9.35056473e-07 7.62668862e-07
 7.68947727e-07 7.06281305e-07 7.13499271e-07 8.96652702e-07
 8.24424237e-07 7.07749381e-07 6.29388850e-07 5.72538837e-07
 5.57248981e-07 5.59986788e-07 4.32493882e-07 3.98667359e-07
 6.94328704e-07 3.10465819e-07 2.79991512e-07 5.49713570e-07
 5.77498852e-07 9.02663522e-07 4.81374711e-07 4.90371255e-07
 3.48251229e-07 2.23733950e-07 3.67672172e-07 8.85051971e-07
 3.44748930e-07 1.23180341e-07 9.08815174e-08 1.88217592e-07
 1.61024104e-07 2.62652168e-07 2.08078486e-07 1.45089389e-07
 1.80098301e-07 2.85981337e-07 1.57614974e-07 1.21005565e-07
 5.31958615e-07 3.63634835e-07 1.80684945e-07 4.55696696e-07
 9.68716659e-08 1.42327221e-07 8.06913824e-08 2.54349273e-07
 4.44343758e-08 6.77794834e-08 9.50186000e-08 1.04977176e-07
 0.00000000e+00 5.33125393e-08 1.29333316e-07 1.03715656e-07
 5.59723239e-08 1.12865783e-07 2.20076846e-08 8.95035979e-08
 8.53628598e-09 8.30472942e-08 6.74800681e-10 3.86723580e-08
 3.82349439e-08 1.45936267e-08 1.60675697e-08 2.89918415e-08]","[7.37867354e-04 5.22742667e-04 5.26230945e-04 5.69751062e-04
 3.89337321e-04 4.68530523e-04 8.58095762e-04 3.13528755e-04
 7.36623201e-04 1.09658046e-04 3.92308326e-04 9.97028237e-04
 1.70197857e-04 8.61881357e-04 1.18327647e-04 2.02957054e-04
 1.79798971e-04 1.79629768e-04 1.22778829e-04 1.46500460e-04
 1.53268554e-04 1.98513212e-04 1.99745085e-04 1.46250492e-04
 1.27785219e-04 1.31232703e-04 1.31448709e-04 9.24088050e-05
 9.49257714e-05 7.08215324e-05 7.66993202e-05 1.06539399e-04
 1.03727366e-04 8.06576241e-05 1.05638571e-04 9.17514965e-05
 9.58395834e-05 8.98952038e-05 9.52755766e-05 1.24206750e-04
 1.18378650e-04 1.05340978e-04 9.60894659e-05 9.15225569e-05
 8.99693463e-05 9.12431541e-05 7.17511341e-05 6.73124275e-05
 1.18586302e-04 5.29668564e-05 4.67173395e-05 8.94743256e-05
 9.46146754e-05 1.48490191e-04 7.74948457e-05 7.64890857e-05
 5.23405454e-05 3.42591230e-05 5.74499676e-05 1.38671782e-04
 5.32386729e-05 1.89688482e-05 1.41143900e-05 2.94223271e-05
 2.48962571e-05 4.01857094e-05 3.16152115e-05 2.17165714e-05
 2.60546263e-05 3.99337909e-05 2.18167538e-05 1.64113953e-05
 7.14296626e-05 4.78387324e-05 2.24752084e-05 3.81402637e-05
 6.56979008e-06 1.71540626e-05 1.05559896e-05 3.41675887e-05
 6.00176985e-06 9.18363618e-06 1.26957710e-05 1.40460802e-05
 0.00000000e+00 7.06040885e-06 1.65690427e-05 1.15529985e-05
 6.03566055e-06 1.39016327e-05 2.85735113e-06 1.18138202e-05
 1.13235516e-06 1.12451336e-05 9.16986010e-08 5.34310868e-06
 5.37168846e-06 2.17453685e-06 2.48486951e-06 4.63511253e-06]"
h86,"[9.44935075e+03 1.55471354e+03 1.20015517e+03 9.22257344e+02
 5.10068993e+02 1.37247073e+02 7.63208991e+01 5.28498205e+01
 5.02624403e+01 3.66986222e+01 3.23406492e+01 2.87876293e+01
 2.12519126e+01 1.47218552e+01 1.29464077e+01 1.15406667e+01
 9.79131928e+00 1.01144380e+01 9.54883862e+00 1.09165256e+01
 1.19504350e+01 1.24072908e+01 1.13096116e+01 1.19975841e+01
 1.10749318e+01 1.20535503e+01 1.01932247e+01 9.68857550e+00
 8.61574695e+00 8.58601885e+00 8.34869695e+00 7.93690512e+00
 7.38295461e+00 7.47044833e+00 6.34553700e+00 5.13778894e+00
 4.53202517e+00 3.81606867e+00 3.47469813e+00 3.28789731e+00
 3.40179419e+00 3.08245736e+00 2.58431497e+00 2.09993272e+00
 1.87817110e+00 1.71873450e+00 1.47359344e+00 1.31414501e+00
 1.26694564e+00 1.17863471e+00 1.01464435e+00 9.57621582e-01
 8.83393920e-01 1.02614740e+00 9.91299571e-01 8.63821714e-01
 8.18140210e-01 9.26605606e-01 7.79784807e-01 7.54578174e-01
 6.79763689e-01 6.25042401e-01 5.63212426e-01 5.71748630e-01
 4.65240938e-01 5.17125355e-01 5.12139475e-01 4.63602587e-01
 4.01961686e-01 4.15612860e-01 4.17195149e-01 3.82992732e-01
 3.44215670e-01 3.75028505e-01 3.63896842e-01 3.76073399e-01
 3.44524136e-01 2.36469452e-01 1.94223059e-01 1.78575587e-01
 1.29435057e-01 1.68835552e-01 1.40853543e-01 8.90756544e-02
 1.17063919e-01 7.30279005e-02 6.67786483e-02 7.16171453e-02
 8.98873689e-02 3.10080874e-02 4.71739315e-02 2.87252267e-02
 4.95742841e-02 4.73219895e-02 2.95034551e-02 2.57241816e-02
 1.92656985e-02 1.16081805e-02 1.70601690e-02 1.35144226e-02]","[8.47878060e-04 7.19533853e-04 6.72154121e-04 7.10683149e-04
 7.52490466e-04 5.77911138e-04 5.92504991e-04 6.06313167e-04
 7.64769871e-04 7.10470565e-04 7.41398860e-04 7.82609062e-04
 6.66976418e-04 5.39321826e-04 5.53715721e-04 5.72511740e-04
 5.55389793e-04 6.44267634e-04 6.77749863e-04 8.53945691e-04
 1.01841977e-03 1.14821039e-03 1.13610583e-03 1.29202935e-03
 1.28510178e-03 1.50237447e-03 1.36831588e-03 1.37725927e-03
 1.34134860e-03 1.43866784e-03 1.49700724e-03 1.51928603e-03
 1.49657041e-03 1.59194831e-03 1.43115350e-03 1.22804411e-03
 1.14305760e-03 1.01748095e-03 9.85644466e-04 9.83780171e-04
 1.07463024e-03 1.02263480e-03 8.94314389e-04 7.59877772e-04
 7.06150534e-04 6.73680107e-04 6.03271583e-04 5.58587844e-04
 5.66337178e-04 5.49489558e-04 4.90464539e-04 4.81708853e-04
 4.61868304e-04 5.56475116e-04 5.51311747e-04 4.76607731e-04
 3.94837742e-04 4.66244465e-04 4.37140087e-04 4.92690183e-04
 4.64042739e-04 4.43673530e-04 4.14612551e-04 4.37431070e-04
 3.67620484e-04 4.20572972e-04 4.28977507e-04 4.00543982e-04
 3.56119841e-04 3.77200003e-04 3.85524378e-04 3.59826797e-04
 3.32680436e-04 3.66093768e-04 2.79424036e-04 1.90351055e-04
 1.61824181e-04 1.72182635e-04 1.95443907e-04 2.05978623e-04
 1.55536287e-04 2.13285460e-04 1.83906950e-04 1.18166550e-04
 1.59104260e-04 1.00649745e-04 8.53050346e-05 7.79133872e-05
 1.00707380e-04 4.13557945e-05 7.69742543e-05 4.91613272e-05
 8.33783322e-05 7.62572307e-05 4.82846168e-05 4.25845523e-05
 3.35718753e-05 2.39294001e-05 3.83632573e-05 3.17888929e-05]","[2.46747263e+03 5.22593073e+02 4.64809736e+02 3.67553102e+02
 2.04489376e+02 4.25795316e+01 1.42238494e+01 5.99056171e+00
 5.92055205e+00 1.40708366e+00 6.31995638e-01 1.03726149e+00
 2.09912876e-01 1.63085537e-02 6.27058614e-02 1.60035805e-02
 9.39897445e-07 4.29653449e-06 1.79647235e-03 7.08845563e-03
 4.11514847e-02 2.05217835e-02 1.29432904e-06 4.73632595e-03
 1.69177639e-02 1.24939334e-02 2.80352641e-03 3.98354766e-04
 1.13090739e-06 4.64975181e-03 3.64704642e-03 1.13654829e-06
 2.10011435e-03 8.00100232e-04 7.71832300e-05 1.21557402e-03
 6.24600623e-04 1.76427607e-06 2.27067624e-04 2.47668693e-04
 6.56424666e-07 6.10133283e-07 2.47424056e-04 7.94678527e-04
 4.01884868e-04 4.74683210e-03 7.77152262e-04 1.87476352e-03
 1.03935423e-03 2.90839141e-07 4.70096619e-04 3.60598190e-04
 2.79056180e-07 3.10673559e-07 2.85311211e-04 5.61609334e-03
 9.97706147e-03 1.07148442e-02 9.50605549e-03 2.06411402e-04
 2.35434621e-04 1.85616103e-04 7.80103369e-05 7.64472226e-07
 1.71312912e-05 8.58773584e-05 3.35498336e-06 4.62485757e-05
 1.32258012e-04 1.32922566e-04 2.83314417e-05 3.16788213e-04
 1.20933778e-04 1.17510649e-03 2.00791323e-02 4.05323260e-02
 4.52879981e-02 1.45411595e-02 7.63570621e-03 9.94344833e-04
 4.15674652e-04 4.79514320e-04 3.51197289e-04 3.93318200e-04
 9.06584911e-04 7.32315233e-04 4.89993365e-04 6.49285464e-04
 2.30605300e-04 4.95451260e-05 7.96007036e-05 4.65185782e-05
 3.11879801e-05 4.95787978e-05 6.32129165e-05 1.82304559e-05
 1.29167403e-08 4.42871034e-09 8.30517178e-09 4.55376651e-08]","[8.35061306e-04 7.39886034e-04 6.81863953e-04 7.18780364e-04
 7.90334795e-04 6.34570091e-04 5.92514404e-04 5.94595198e-04
 1.17733268e-03 5.57806994e-04 4.15852634e-04 1.48868862e-03
 4.00346139e-04 6.00766420e-05 3.65262695e-04 1.25869781e-04
 1.12833253e-08 6.27707379e-08 3.04920309e-05 1.38205911e-04
 8.91888328e-04 5.90060373e-04 4.38562289e-08 1.65361010e-04
 7.78738418e-04 6.51543749e-04 1.58006701e-04 9.64701659e-06
 7.83297506e-08 3.90608462e-04 3.39459614e-04 1.41454162e-07
 2.63139074e-04 1.00960161e-04 1.30486948e-05 2.55257823e-04
 1.46564222e-04 4.62326359e-07 7.12887566e-05 8.09891469e-05
 3.01060715e-07 3.09117973e-07 1.26104800e-04 4.55739433e-04
 2.28368379e-04 2.60034172e-03 4.91030751e-04 7.45235803e-04
 8.96455056e-04 3.15598468e-07 3.90390893e-04 3.92187781e-04
 3.08743185e-07 3.88900003e-07 1.52260668e-04 2.51245042e-04
 5.56617391e-05 7.70035907e-05 1.37718560e-04 8.41646522e-05
 1.02249815e-04 3.62067841e-04 1.57400384e-04 1.78670704e-06
 4.96302906e-05 1.99706736e-04 6.89704377e-06 1.02128583e-04
 3.19232691e-04 3.22494330e-04 2.94070430e-05 1.66283178e-04
 4.75049403e-05 1.56274507e-04 1.35444618e-04 7.45805636e-05
 7.04665455e-05 6.40965822e-05 1.61087979e-04 1.17243717e-04
 5.58644519e-05 1.22569125e-04 1.17540766e-04 1.18473310e-04
 2.89164244e-04 2.22457173e-04 1.28755241e-05 5.31624924e-06
 1.90615853e-06 8.34741306e-07 2.58140517e-05 3.77128419e-05
 3.12959143e-06 1.68341724e-06 1.88889883e-06 4.17194623e-07
 3.08388890e-10 5.81871847e-10 3.98224100e-08 4.52681514e-07]","[4.78857004e-01 1.24475375e-01 1.43526861e-01 1.06632086e-01
 4.02121554e-02 3.79732273e-03 1.41579386e-03 1.39051586e-04
 2.85178175e-04 2.85896199e-04 1.45717906e-04 8.20295977e-05
 5.47203227e-05 2.41548599e-05 2.50539670e-05 1.28614943e-05
 1.21551967e-05 1.51340769e-05 9.56244843e-06 1.13892957e-05
 1.29810764e-05 1.37621261e-05 1.23011783e-05 1.77910935e-05
 1.36761084e-05 1.46284068e-05 1.41452805e-05 1.20892005e-05
 9.86906999e-06 1.00885157e-05 1.02159605e-05 1.14634894e-05
 9.71129942e-06 1.03473954e-05 9.26983614e-06 7.87108099e-06
 8.78830842e-06 6.41195669e-06 5.97761446e-06 6.49461495e-06
 6.72348226e-06 7.18672256e-06 5.96784791e-06 4.33449407e-06
 4.60339233e-06 5.31080786e-06 5.20408428e-06 3.73634214e-06
 3.31790330e-06 4.38277143e-06 3.46219200e-06 2.95236742e-06
 5.44541160e-06 3.96470361e-06 4.14814639e-06 4.88583624e-06
 3.67354978e-06 5.33118621e-06 4.18612811e-06 4.71281293e-06
 4.02609510e-06 4.38482672e-06 3.97012655e-06 4.47390787e-06
 3.70387021e-06 3.33327413e-06 3.27781441e-06 2.94997287e-06
 3.38223179e-06 2.59072633e-06 3.12598978e-06 3.19096840e-06
 2.91690809e-06 2.77531161e-06 2.19642117e-06 2.10901773e-06
 3.28243879e-06 1.57362099e-06 1.60054896e-06 2.69873702e-06
 1.34084910e-06 3.46031824e-06 1.55564370e-06 1.88025365e-06
 1.44275564e-06 1.26483934e-06 1.06270436e-06 4.50915237e-07
 2.11259084e-06 8.61455132e-07 1.18901263e-06 3.93437909e-07
 8.37932669e-07 6.51192819e-07 3.14885255e-07 3.76310445e-07
 3.04583835e-07 4.48849194e-08 1.05281592e-07 3.09356214e-07]","[4.21541546e-04 4.66394203e-04 7.56262662e-04 9.00266501e-04
 8.96681011e-04 6.48872926e-04 1.04735772e-03 1.99491200e-04
 5.86136976e-04 8.56755551e-04 5.63464322e-04 4.41923437e-04
 4.08030116e-04 2.43508630e-04 3.48145461e-04 2.37778802e-04
 3.14920357e-04 4.78335761e-04 3.68191966e-04 5.14874986e-04
 6.84508612e-04 7.77300441e-04 7.60989987e-04 1.17256270e-03
 9.58868338e-04 1.07102736e-03 1.08748141e-03 9.61231900e-04
 8.31507644e-04 8.90994931e-04 9.28053601e-04 1.09153664e-03
 9.80047332e-04 1.10035263e-03 1.04726535e-03 9.46916145e-04
 1.09535120e-03 8.16111299e-04 7.98207774e-04 8.99651574e-04
 9.65421339e-04 1.06966732e-03 9.11117695e-04 6.92885713e-04
 7.43230070e-04 8.65332666e-04 8.63362385e-04 6.30857414e-04
 5.66673795e-04 7.47720397e-04 5.77676080e-04 4.80543138e-04
 8.92150432e-04 6.52202711e-04 6.67795705e-04 7.62102475e-04
 5.52117504e-04 8.16334600e-04 6.54096073e-04 7.38413322e-04
 6.21739305e-04 6.75230414e-04 6.16582076e-04 6.99364920e-04
 5.72662742e-04 5.09990025e-04 4.98027442e-04 4.41543637e-04
 4.89303813e-04 3.61763200e-04 4.32693339e-04 4.32775498e-04
 3.91672877e-04 3.65111856e-04 2.73210496e-04 1.76517612e-04
 2.22613430e-04 1.89661492e-04 2.09382683e-04 3.62530372e-04
 1.81109052e-04 4.68848421e-04 2.07855054e-04 2.51580340e-04
 1.94281334e-04 1.67508114e-04 1.36144301e-04 5.02279335e-05
 2.27806893e-04 1.06105079e-04 1.54374558e-04 5.19309261e-05
 1.11153420e-04 8.81756633e-05 4.27897276e-05 5.19923715e-05
 4.27914705e-05 6.68811893e-06 1.62819284e-05 4.94587717e-05]"
h133,"[2.91490718e+03 5.38592615e+02 5.11377579e+02 3.38731069e+02
 1.56459788e+02 6.37879905e+01 2.45659370e+01 2.48235142e+01
 1.69457178e+01 1.27622774e+01 1.11169565e+01 6.60920229e+00
 8.58421801e+00 5.37879985e+00 5.00517193e+00 4.63008102e+00
 3.44652224e+00 3.65049602e+00 3.43060533e+00 2.76874843e+00
 2.61753696e+00 2.14810992e+00 1.98786045e+00 1.52528988e+00
 1.89929243e+00 1.84630658e+00 1.47628042e+00 1.50570732e+00
 1.20369786e+00 9.46098203e-01 1.00900569e+00 1.07048473e+00
 9.61756734e-01 6.93833496e-01 7.69414297e-01 6.86272485e-01
 7.40226965e-01 5.69309955e-01 5.15032188e-01 6.07109988e-01
 5.77596272e-01 4.00524715e-01 3.87765612e-01 3.55464944e-01
 3.49699608e-01 3.21159253e-01 2.70999268e-01 3.23176119e-01
 2.52454676e-01 2.91565728e-01 2.19892522e-01 2.07913292e-01
 2.60470053e-01 2.82862577e-01 2.12045217e-01 2.55561649e-01
 2.41224906e-01 2.97900892e-01 2.13756017e-01 2.58157322e-01
 2.45237317e-01 2.65233096e-01 2.55628333e-01 2.50440753e-01
 2.58625539e-01 2.28424834e-01 1.69641728e-01 1.73875819e-01
 2.01451281e-01 2.00904363e-01 1.92512649e-01 1.50267076e-01
 1.82302823e-01 1.54304885e-01 1.97893790e-01 1.55863518e-01
 1.72434961e-01 1.96108464e-01 2.11280955e-01 1.72335172e-01
 1.74656123e-01 1.79897032e-01 1.47312565e-01 1.41974486e-01
 1.24462463e-01 1.52888745e-01 1.30261046e-01 1.43243894e-01
 1.33242587e-01 1.10204321e-01 1.06403004e-01 9.09191324e-02
 1.02690310e-01 9.90036112e-02 8.95994382e-02 9.22010320e-02
 7.01978644e-02 9.40591170e-02 1.05349261e-01 9.43470369e-02]","[2.61550863e-04 2.49264967e-04 2.86400089e-04 2.61023092e-04
 2.30820733e-04 2.68594364e-04 1.90713690e-04 2.84784761e-04
 2.57838145e-04 2.47072556e-04 2.54852610e-04 1.79675150e-04
 2.69409680e-04 1.97047459e-04 2.14070377e-04 2.29690000e-04
 1.95495951e-04 2.32528631e-04 2.43494773e-04 2.16585466e-04
 2.23067311e-04 1.98792965e-04 1.99690309e-04 1.64259677e-04
 2.20388180e-04 2.30126710e-04 1.98172609e-04 2.14040688e-04
 1.87398544e-04 1.58527611e-04 1.80925099e-04 2.04912680e-04
 1.94954019e-04 1.47855525e-04 1.73531407e-04 1.64034158e-04
 1.86698447e-04 1.51795495e-04 1.46095749e-04 1.81654934e-04
 1.82463249e-04 1.32877916e-04 1.34188120e-04 1.28627888e-04
 1.31479270e-04 1.25882503e-04 1.10943869e-04 1.37368594e-04
 1.12849726e-04 1.35930430e-04 1.06292894e-04 1.04585857e-04
 1.36182578e-04 1.53395102e-04 1.17929052e-04 1.41004394e-04
 1.16416106e-04 1.49896181e-04 1.19829629e-04 1.68559843e-04
 1.67411997e-04 1.88270274e-04 1.88182487e-04 1.91606173e-04
 2.04358728e-04 1.85775673e-04 1.42095052e-04 1.50225462e-04
 1.78476707e-04 1.82335855e-04 1.77898327e-04 1.41177929e-04
 1.76193555e-04 1.50628702e-04 1.51955926e-04 7.88909426e-05
 8.09932992e-05 1.42794225e-04 2.12609026e-04 1.98780595e-04
 2.09876409e-04 2.27259134e-04 1.92340242e-04 1.88341419e-04
 1.69159791e-04 2.10716906e-04 1.66399341e-04 1.55837222e-04
 1.49281395e-04 1.46980599e-04 1.73619023e-04 1.55602087e-04
 1.72713473e-04 1.59539810e-04 1.46636200e-04 1.52632249e-04
 1.22324864e-04 1.93895869e-04 2.36899225e-04 2.21924972e-04]","[7.72397683e+02 1.82019848e+02 1.79989956e+02 1.40875325e+02
 5.92663468e+01 1.94507411e+01 4.28480865e+00 3.28142980e+00
 1.42273567e+00 6.21444023e-01 5.32438012e-01 9.51758119e-02
 1.08083081e-01 1.40981803e-01 6.80520578e-03 2.98139438e-02
 1.83131679e-02 9.14762321e-04 2.02735940e-02 9.51675935e-03
 6.27221154e-03 6.36147312e-03 7.59239088e-03 5.09947633e-04
 3.29876431e-03 4.88808256e-03 3.13142631e-03 1.69685582e-03
 1.03511707e-03 2.81678056e-03 2.06858882e-03 1.95247111e-03
 1.81997592e-07 1.36016145e-07 1.55073213e-07 1.28265710e-07
 1.14619550e-03 5.05743260e-04 7.86771048e-04 1.65452025e-07
 1.33190283e-07 8.82708675e-08 2.37559189e-04 4.01792016e-05
 7.95909810e-08 7.66496542e-08 3.93440356e-04 1.41284446e-03
 7.69399799e-06 7.35553856e-08 5.51930453e-04 5.16433449e-08
 7.46498663e-08 2.78328248e-05 5.68923827e-08 7.56354555e-08
 3.41801964e-07 2.27639813e-05 6.16862460e-08 7.11830034e-08
 6.94762167e-08 8.53151222e-08 7.89051794e-08 2.88611497e-04
 7.15729945e-08 6.75823040e-08 5.09962653e-08 5.82623070e-08
 6.14282547e-08 6.50602435e-08 6.14637832e-08 4.71258034e-08
 6.17445788e-08 4.65770220e-08 6.85548584e-08 5.64613690e-08
 5.66132841e-08 6.96324370e-08 7.58861013e-08 6.13631672e-08
 6.65932880e-08 6.60756925e-08 5.71366536e-08 5.12457562e-08
 5.43440116e-08 6.49906399e-08 5.36443644e-08 1.26484678e-03
 6.33365655e-08 4.96087708e-08 5.62006782e-08 2.28491835e-06
 4.90317919e-08 4.93654387e-08 4.71401461e-08 5.11503631e-08
 3.73224898e-08 4.79313652e-08 5.63154311e-08 4.90349020e-08]","[2.61400840e-04 2.57703269e-04 2.64040646e-04 2.75493300e-04
 2.29059607e-04 2.89877744e-04 1.78489716e-04 3.25699408e-04
 2.82918414e-04 2.46357649e-04 3.50343794e-04 1.36597328e-04
 2.06136206e-04 5.19341781e-04 3.96404379e-05 2.34489686e-04
 2.19846784e-04 1.33643302e-05 3.44109419e-04 1.85551333e-04
 1.35939500e-04 1.82910672e-04 2.57255785e-04 1.78039807e-05
 1.51844801e-04 2.54907685e-04 1.76487133e-04 4.10930097e-05
 7.16950497e-05 2.36627323e-04 1.92540012e-04 2.43003457e-04
 2.28038431e-08 1.71631145e-08 2.62168740e-08 2.69344569e-08
 2.68957869e-04 1.32529395e-04 2.47009806e-04 5.41038037e-08
 6.10860073e-08 4.47215590e-08 1.21076967e-04 2.30423321e-05
 4.52270407e-08 4.19891180e-08 2.48588755e-04 5.61618712e-04
 6.63616234e-06 7.98172039e-08 4.58349654e-04 5.61674722e-08
 8.25913892e-08 3.48410264e-05 3.03614855e-08 3.38367475e-09
 1.90690333e-09 1.63596248e-07 8.93676773e-10 2.90250086e-08
 3.01736860e-08 1.66418008e-07 1.59205896e-07 6.74536205e-04
 2.07350893e-07 1.57161813e-07 1.04836131e-07 1.28657948e-07
 1.48270088e-07 1.57847988e-07 6.37972517e-08 2.47364897e-08
 2.42543693e-08 6.19416304e-09 4.62439634e-10 1.03890429e-10
 8.80882955e-11 3.06935718e-10 1.60094408e-09 7.23536298e-09
 8.94978203e-09 1.68896725e-08 1.91228300e-08 1.54359864e-08
 1.73335612e-08 1.97423642e-08 1.40960951e-09 1.03563704e-05
 5.23533216e-10 8.35813601e-10 1.82255576e-08 1.85239463e-06
 4.92014792e-09 1.67617276e-09 1.40861982e-09 1.17054980e-09
 8.91079398e-10 6.29752454e-09 2.70026466e-07 4.87446899e-07]","[3.95505629e-01 7.17849044e-02 7.17002503e-02 2.77963094e-02
 9.55676225e-03 2.45979395e-03 6.99106804e-05 8.11654135e-05
 4.15417988e-04 4.67142439e-05 7.33439007e-05 3.44375265e-05
 2.68051328e-05 1.73100775e-05 1.60670717e-05 3.01665095e-05
 6.93932317e-06 6.74467272e-06 5.90862098e-06 4.28873198e-06
 4.36517072e-06 3.85437267e-06 2.95585103e-06 2.30275295e-06
 3.45277133e-06 3.87633904e-06 2.80558281e-06 3.24730272e-06
 2.79631046e-06 1.77355996e-06 2.37818150e-06 2.42267486e-06
 2.34867943e-06 1.73015309e-06 1.92944925e-06 1.50361447e-06
 1.74124330e-06 1.74914467e-06 1.49401601e-06 1.26656298e-06
 3.15147783e-06 1.25226849e-06 1.13668454e-06 8.64323373e-07
 1.01253711e-06 9.55133401e-07 7.18369459e-07 1.69526225e-06
 7.34960233e-07 1.24426496e-06 7.60148538e-07 6.99615492e-07
 1.21346276e-06 7.94099540e-07 9.55120163e-07 1.28620454e-06
 1.12526093e-06 1.90685786e-06 1.07090183e-06 9.52812367e-07
 1.06678697e-06 2.56733421e-06 1.56150682e-06 1.08898388e-06
 1.01081831e-06 1.05599855e-06 9.69022023e-07 1.17434921e-06
 9.83153689e-07 1.22619283e-06 1.63361000e-06 9.28402340e-07
 1.63932128e-06 8.12840689e-07 1.47674097e-06 1.30520132e-06
 9.68289965e-07 1.27098669e-06 1.54564155e-06 1.24124773e-06
 1.14141637e-06 1.36932005e-06 1.32970658e-06 1.02058181e-06
 1.40064072e-06 1.58804601e-06 1.22579471e-06 1.95251930e-06
 1.35533656e-06 1.24086768e-06 1.59282438e-06 9.80368540e-07
 1.25095760e-06 1.24060607e-06 1.18067588e-06 1.37917962e-06
 9.08285382e-07 1.17198929e-06 1.49958790e-06 1.12339780e-06]","[3.48166682e-04 2.68969371e-04 3.77798426e-04 2.34676888e-04
 2.13103902e-04 4.20320793e-04 5.17176211e-05 1.16444452e-04
 8.53823556e-04 1.39990276e-04 2.83607364e-04 1.85527547e-04
 1.99876406e-04 1.74505390e-04 2.23265165e-04 5.57707863e-04
 1.79785994e-04 2.13175748e-04 2.27505203e-04 1.93880366e-04
 2.30180985e-04 2.17699325e-04 1.82858340e-04 1.51768199e-04
 2.42082982e-04 2.83808430e-04 2.15691668e-04 2.58198296e-04
 2.35600064e-04 1.56636812e-04 2.16042328e-04 2.30683544e-04
 2.37024615e-04 1.83986252e-04 2.17980698e-04 1.80889616e-04
 2.17023897e-04 2.22630439e-04 1.99500185e-04 1.75447719e-04
 4.52519071e-04 1.86386864e-04 1.73538839e-04 1.38165448e-04
 1.63476839e-04 1.55627572e-04 1.19178156e-04 2.86234161e-04
 1.25525872e-04 2.12277165e-04 1.26832835e-04 1.13873166e-04
 1.98807988e-04 1.30631170e-04 1.53761484e-04 2.00624747e-04
 1.69121502e-04 2.91986434e-04 1.67331879e-04 1.49288621e-04
 1.64741114e-04 3.95350205e-04 2.42510435e-04 1.70230847e-04
 1.56284631e-04 1.61567487e-04 1.47232118e-04 1.75773284e-04
 1.42231780e-04 1.71222810e-04 2.26121073e-04 1.25914686e-04
 2.20122699e-04 1.06934937e-04 1.83690241e-04 1.09240912e-04
 6.56689626e-05 1.53186335e-04 2.02199735e-04 1.66740960e-04
 1.54171590e-04 1.85533092e-04 1.77666796e-04 1.36555149e-04
 1.88610143e-04 2.10311763e-04 1.57037996e-04 2.17493226e-04
 1.46149933e-04 1.52837168e-04 2.06803153e-04 1.29401476e-04
 1.65941992e-04 1.67985979e-04 1.60441934e-04 1.90552296e-04
 1.27606467e-04 1.74633348e-04 2.31913122e-04 1.79604847e-04]"
h181,"[1.01321512e+04 1.88166213e+03 1.60914957e+03 1.12928270e+03
 6.09951977e+02 2.04022920e+02 9.57961912e+01 6.81861666e+01
 4.97046488e+01 3.37935905e+01 2.93227572e+01 2.19464557e+01
 1.95303649e+01 1.88287519e+01 1.45639737e+01 1.22511127e+01
 9.12891815e+00 9.49626536e+00 7.62892304e+00 6.10957406e+00
 5.45818033e+00 5.82658299e+00 4.30145755e+00 4.49346097e+00
 3.79033938e+00 3.44457186e+00 3.24027064e+00 2.72080222e+00
 1.95992887e+00 2.25246662e+00 1.64718482e+00 1.72794769e+00
 1.41921451e+00 1.32090261e+00 1.36834654e+00 1.12374205e+00
 1.26135143e+00 1.15706681e+00 1.10148854e+00 8.39133542e-01
 1.10768309e+00 7.27982327e-01 6.72798048e-01 7.28870881e-01
 6.90972442e-01 6.72744352e-01 6.42205785e-01 5.94423697e-01
 5.43818634e-01 4.33188092e-01 4.23219986e-01 4.42406233e-01
 4.56781210e-01 3.46861667e-01 2.97224682e-01 3.17451537e-01
 3.40710331e-01 3.63451297e-01 3.25248977e-01 2.72319308e-01
 2.48840377e-01 2.25798068e-01 1.94758409e-01 1.78384789e-01
 1.97382076e-01 1.77775137e-01 1.80596951e-01 1.60228879e-01
 1.71675345e-01 1.49604435e-01 1.46720101e-01 1.17440539e-01
 1.46600469e-01 1.04353965e-01 1.39491759e-01 1.10237489e-01
 1.27049777e-01 1.11377095e-01 8.44722763e-02 7.66504205e-02
 9.18704991e-02 7.73709898e-02 8.33834616e-02 7.54469944e-02
 6.52532962e-02 5.75090806e-02 5.61814854e-02 4.60353974e-02
 3.88698932e-02 4.31820940e-02 2.86660129e-02 3.13736008e-02
 4.95822070e-02 3.70320170e-02 2.47493212e-02 4.62139724e-02
 3.66052982e-02 2.79287759e-02 2.63407705e-02 2.90613301e-02]","[9.09144863e-04 8.70848272e-04 9.01213897e-04 8.70215015e-04
 8.99845028e-04 8.59086575e-04 7.43698281e-04 7.82257541e-04
 7.56282776e-04 6.54230319e-04 6.72214666e-04 5.96627633e-04
 6.12946847e-04 6.89774269e-04 6.22898752e-04 6.07755685e-04
 5.17816632e-04 6.04891383e-04 5.41479623e-04 4.77921696e-04
 4.65147820e-04 5.39210633e-04 4.32102458e-04 4.83904375e-04
 4.39819579e-04 4.29337142e-04 4.34966743e-04 3.86769973e-04
 3.05132900e-04 3.77421870e-04 2.95357181e-04 3.30764541e-04
 2.87683531e-04 2.81483599e-04 3.08612800e-04 2.68598967e-04
 3.18135333e-04 3.08509499e-04 3.12451915e-04 2.51079295e-04
 3.49918214e-04 2.41515121e-04 2.32824939e-04 2.63747870e-04
 2.59790260e-04 2.63690807e-04 2.62911391e-04 2.52664545e-04
 2.43092285e-04 2.01955984e-04 2.04578476e-04 2.22541976e-04
 2.38820709e-04 1.88101520e-04 1.65301654e-04 1.75151717e-04
 1.64428170e-04 1.82879484e-04 1.82331542e-04 1.77806693e-04
 1.69871636e-04 1.60278128e-04 1.43372690e-04 1.36477895e-04
 1.55965841e-04 1.44582773e-04 1.51271350e-04 1.38434761e-04
 1.52096577e-04 1.35777304e-04 1.35582055e-04 1.10336958e-04
 1.41687646e-04 1.01867820e-04 1.07110988e-04 5.57971457e-05
 5.96757207e-05 8.10980086e-05 8.50032525e-05 8.84126902e-05
 1.10396647e-04 9.77407126e-05 1.08870517e-04 1.00086955e-04
 8.86872527e-05 7.92611351e-05 7.17679030e-05 5.00826126e-05
 4.35487783e-05 5.75923881e-05 4.67746677e-05 5.36938445e-05
 8.33916576e-05 5.96754086e-05 4.05041200e-05 7.65039433e-05
 6.37873841e-05 5.75730928e-05 5.92325761e-05 6.83586371e-05]","[2.61448623e+03 6.17822895e+02 5.98269651e+02 4.31553950e+02
 2.41144529e+02 6.11918886e+01 1.74336594e+01 7.67634510e+00
 3.68420426e+00 2.41414849e+00 1.38365442e+00 3.45279180e-01
 2.67977759e-01 1.02059390e-01 1.06993504e-02 9.93084767e-02
 1.28869112e-02 2.54661588e-02 9.29216627e-03 7.64409061e-03
 7.52672764e-07 8.25541512e-03 6.81371340e-04 4.68899646e-03
 5.78865624e-07 3.74477320e-04 5.00828454e-07 3.27905980e-04
 7.23288783e-04 2.00167935e-03 2.43381579e-03 1.43167620e-04
 3.98990453e-04 1.53387395e-03 2.26900290e-04 2.07946333e-07
 1.94968189e-04 6.73151778e-04 6.03047687e-04 1.08175686e-03
 1.38881150e-03 1.47448123e-07 1.37092741e-07 5.98800443e-04
 1.46770443e-07 2.29612420e-05 1.89828106e-04 1.72211045e-04
 1.23993908e-04 1.13519227e-04 1.00840225e-07 2.13692639e-04
 1.55726578e-05 4.46121500e-05 8.06079772e-08 8.29862647e-08
 8.28850165e-08 9.51970227e-08 8.93011923e-08 7.06145880e-08
 6.60647858e-08 5.77595782e-08 5.66757923e-08 4.96627970e-08
 5.82560360e-08 5.24681333e-08 5.53369428e-08 5.03438463e-08
 4.35894767e-06 5.02114085e-08 4.88018707e-08 4.19964595e-08
 4.92601534e-08 3.49588275e-08 1.25358569e-05 4.07042909e-08
 4.37220918e-08 4.31955986e-08 3.02905962e-08 2.66399529e-06
 3.04503892e-08 3.22235194e-08 3.07578237e-08 3.13797527e-08
 2.91579732e-08 2.29606044e-08 2.52166250e-08 1.80138601e-08
 1.69169662e-08 1.87863941e-08 1.34192370e-08 1.40192412e-08
 1.98930164e-08 2.02088306e-08 1.23127266e-08 7.40336281e-06
 1.62817054e-08 1.32842526e-08 1.31331262e-08 1.35055713e-08]","[8.84814794e-04 8.74712191e-04 8.77646223e-04 8.43939292e-04
 9.32003979e-04 9.11953251e-04 7.26223544e-04 7.61918189e-04
 7.32623245e-04 9.57035427e-04 9.10443525e-04 4.95548315e-04
 5.11087566e-04 3.75961322e-04 6.23238958e-05 7.81071222e-04
 1.54705401e-04 3.72050913e-04 1.57718554e-04 1.49039306e-04
 1.63128999e-08 2.37366958e-04 2.30871568e-05 1.63708579e-04
 2.66456549e-08 1.95285464e-05 2.82266831e-08 7.94094785e-06
 5.00969666e-05 1.68153683e-04 2.26534591e-04 1.78185616e-05
 4.99925057e-05 1.93550951e-04 3.83600508e-05 4.36665538e-08
 4.57498119e-05 1.76398590e-04 1.89329148e-04 3.53740978e-04
 6.36960500e-04 7.47031285e-08 6.98721580e-08 3.43405497e-04
 8.34013188e-08 1.25782994e-05 1.19939736e-04 6.84554800e-05
 1.06946181e-04 1.23183194e-04 8.37425841e-08 2.32412819e-04
 1.72293334e-05 5.58453231e-05 4.30176732e-08 3.71252512e-09
 4.62413124e-10 6.84145515e-10 1.29374709e-09 2.87932361e-08
 2.86920935e-08 1.12667411e-07 1.14353967e-07 1.16070756e-07
 1.68770933e-07 1.22013996e-07 1.13759526e-07 1.11171979e-07
 1.05212423e-05 1.21822013e-07 5.06546305e-08 2.20440801e-08
 1.93502649e-08 4.64908806e-09 8.45611413e-08 7.48969836e-11
 6.80300500e-11 1.90403678e-10 6.39030731e-10 3.14113071e-07
 4.09236958e-09 8.23668535e-09 1.02942086e-08 9.45204973e-09
 9.30022459e-09 6.97479845e-09 6.62615630e-10 1.47494708e-10
 1.39833818e-10 3.16515073e-10 4.35178160e-09 1.13654683e-08
 1.99618614e-09 6.86178270e-10 3.67923143e-10 1.69422157e-07
 3.88727878e-10 1.74536874e-09 6.29719349e-08 1.34256388e-07]","[1.30557759e+00 2.59452675e-01 2.17786927e-01 9.19078912e-02
 3.69635455e-02 7.94376442e-03 6.65685516e-04 8.39951398e-04
 5.78699052e-04 3.25730535e-04 3.38364514e-04 1.05247904e-04
 1.08808342e-04 4.51945307e-05 3.68425662e-05 9.03911589e-05
 1.98008365e-05 2.24021781e-05 2.18903154e-05 1.28587262e-05
 1.56696804e-05 1.05363965e-05 7.73647412e-06 1.06499505e-05
 8.51092796e-06 6.86540584e-06 6.56392658e-06 5.95103600e-06
 4.52706106e-06 4.45281282e-06 3.78356285e-06 3.99009348e-06
 3.12427870e-06 3.88276038e-06 3.87208344e-06 2.58817120e-06
 3.45205459e-06 2.90564568e-06 3.03101085e-06 2.14715734e-06
 3.24218145e-06 2.10048033e-06 1.84298863e-06 1.97487019e-06
 1.79941042e-06 2.54774953e-06 1.88689297e-06 1.93007123e-06
 1.89531462e-06 1.60389688e-06 1.55212159e-06 1.36360563e-06
 1.83928545e-06 1.51531336e-06 1.60337545e-06 1.36707130e-06
 1.13349566e-06 1.77526194e-06 1.54031336e-06 1.37280343e-06
 1.09680575e-06 8.55511097e-07 1.00274173e-06 7.95007287e-07
 1.06302584e-06 1.10655053e-06 1.00681645e-06 1.01757132e-06
 9.95868552e-07 1.10135457e-06 1.03069916e-06 1.06779390e-06
 1.42776692e-06 6.74308433e-07 9.35725153e-07 1.03335140e-06
 8.38970094e-07 1.04420535e-06 7.62662005e-07 6.41906874e-07
 5.77676379e-07 8.98738839e-07 7.25665969e-07 8.42161772e-07
 8.81205934e-07 5.69050813e-07 7.98128428e-07 4.03661797e-07
 4.28916318e-07 5.61027369e-07 4.86751107e-07 3.74863604e-07
 5.09319399e-07 5.89440142e-07 3.79693338e-07 7.04610212e-07
 4.86219895e-07 2.94263703e-07 3.64461170e-07 5.13120119e-07]","[1.14931011e-03 9.72137851e-04 1.14754911e-03 7.75954017e-04
 8.24241054e-04 1.35740205e-03 4.92452242e-04 1.20504136e-03
 1.18942101e-03 9.76128554e-04 1.30839330e-03 5.67008944e-04
 8.11345366e-04 4.55612589e-04 5.11957734e-04 1.67112009e-03
 5.13005805e-04 7.08055270e-04 8.42863449e-04 5.81303415e-04
 8.26282107e-04 5.95107584e-04 4.78602880e-04 7.01909341e-04
 5.96723798e-04 5.02654705e-04 5.04631076e-04 4.73176506e-04
 3.81422554e-04 3.93262375e-04 3.43712088e-04 3.79930843e-04
 3.15296735e-04 4.12896716e-04 4.37450971e-04 3.11365249e-04
 4.30254830e-04 3.69829427e-04 4.04739456e-04 2.97430024e-04
 4.65543157e-04 3.12634187e-04 2.81371037e-04 3.15690670e-04
 2.90519651e-04 4.15125334e-04 3.13037285e-04 3.25880152e-04
 3.23705976e-04 2.73631977e-04 2.58975677e-04 2.21947758e-04
 3.01339812e-04 2.49272474e-04 2.58121854e-04 2.13238506e-04
 1.70359144e-04 2.71835890e-04 2.40678951e-04 2.15093694e-04
 1.69376836e-04 1.31742290e-04 1.55731202e-04 1.24276186e-04
 1.64356539e-04 1.69301927e-04 1.52974562e-04 1.52307212e-04
 1.44071226e-04 1.53790677e-04 1.42667345e-04 1.44819684e-04
 1.91715871e-04 8.87100397e-05 1.16393858e-04 8.64879979e-05
 5.68985508e-05 1.25853395e-04 9.97709040e-05 8.62294978e-05
 7.80269917e-05 1.21772697e-04 9.69587954e-05 1.12682321e-04
 1.18663105e-04 7.53618464e-05 1.02249168e-04 4.49643219e-05
 4.62513099e-05 6.91015132e-05 6.31969629e-05 4.94792537e-05
 6.75622222e-05 7.98139567e-05 5.15964920e-05 9.73514193e-05
 6.83098113e-05 4.38470353e-05 5.63643702e-05 8.20358203e-05]"
h200,"[1.95786588e+01 1.99205258e+00 1.86805848e+00 3.82974896e-01
 7.63839138e-01 0.00000000e+00 0.00000000e+00 0.00000000e+00
 1.02107805e-01 5.61595381e-02 0.00000000e+00 1.09040344e-01
 0.00000000e+00 0.00000000e+00 6.54431630e-02 0.00000000e+00
 0.00000000e+00 0.00000000e+00 0.00000000e+00 0.00000000e+00
 0.00000000e+00 0.00000000e+00 0.00000000e+00 0.00000000e+00
 0.00000000e+00 0.00000000e+00 0.00000000e+00 1.01083073e-02
 0.00000000e+00 0.00000000e+00 0.00000000e+00 0.00000000e+00
 0.00000000e+00 0.00000000e+00 0.00000000e+00 0.00000000e+00
 0.00000000e+00 0.00000000e+00 0.00000000e+00 0.00000000e+00
 0.00000000e+00 7.98725338e-03 0.00000000e+00 2.48940627e-03
 0.00000000e+00 0.00000000e+00 0.00000000e+00 0.00000000e+00
 0.00000000e+00 0.00000000e+00 0.00000000e+00 0.00000000e+00
 0.00000000e+00 0.00000000e+00 0.00000000e+00 0.00000000e+00
 0.00000000e+00 0.00000000e+00 0.00000000e+00 0.00000000e+00
 0.00000000e+00 0.00000000e+00 0.00000000e+00 0.00000000e+00
 0.00000000e+00 0.00000000e+00 0.00000000e+00 0.00000000e+00
 0.00000000e+00 0.00000000e+00 0.00000000e+00 0.00000000e+00
 2.62584397e-03 0.00000000e+00 0.00000000e+00 0.00000000e+00
 0.00000000e+00 0.00000000e+00 0.00000000e+00 0.00000000e+00
 0.00000000e+00 0.00000000e+00 0.00000000e+00 0.00000000e+00
 0.00000000e+00 0.00000000e+00 0.00000000e+00 0.00000000e+00
 0.00000000e+00 0.00000000e+00 0.00000000e+00 0.00000000e+00
 0.00000000e+00 0.00000000e+00 0.00000000e+00 0.00000000e+00
 0.00000000e+00 0.00000000e+00 0.00000000e+00 0.00000000e+00]","[1.75676782e-06 9.21937855e-07 1.04621739e-06 2.95116983e-07
 1.12687044e-06 0.00000000e+00 0.00000000e+00 0.00000000e+00
 1.55362479e-06 1.08722607e-06 0.00000000e+00 2.96432751e-06
 0.00000000e+00 0.00000000e+00 2.79899327e-06 0.00000000e+00
 0.00000000e+00 0.00000000e+00 0.00000000e+00 0.00000000e+00
 0.00000000e+00 0.00000000e+00 0.00000000e+00 0.00000000e+00
 0.00000000e+00 0.00000000e+00 0.00000000e+00 1.43692537e-06
 0.00000000e+00 0.00000000e+00 0.00000000e+00 0.00000000e+00
 0.00000000e+00 0.00000000e+00 0.00000000e+00 0.00000000e+00
 0.00000000e+00 0.00000000e+00 0.00000000e+00 0.00000000e+00
 0.00000000e+00 2.64984793e-06 0.00000000e+00 9.00811954e-07
 0.00000000e+00 0.00000000e+00 0.00000000e+00 0.00000000e+00
 0.00000000e+00 0.00000000e+00 0.00000000e+00 0.00000000e+00
 0.00000000e+00 0.00000000e+00 0.00000000e+00 0.00000000e+00
 0.00000000e+00 0.00000000e+00 0.00000000e+00 0.00000000e+00
 0.00000000e+00 0.00000000e+00 0.00000000e+00 0.00000000e+00
 0.00000000e+00 0.00000000e+00 0.00000000e+00 0.00000000e+00
 0.00000000e+00 0.00000000e+00 0.00000000e+00 0.00000000e+00
 2.53784761e-06 0.00000000e+00 0.00000000e+00 0.00000000e+00
 0.00000000e+00 0.00000000e+00 0.00000000e+00 0.00000000e+00
 0.00000000e+00 0.00000000e+00 0.00000000e+00 0.00000000e+00
 0.00000000e+00 0.00000000e+00 0.00000000e+00 0.00000000e+00
 0.00000000e+00 0.00000000e+00 0.00000000e+00 0.00000000e+00
 0.00000000e+00 0.00000000e+00 0.00000000e+00 0.00000000e+00
 0.00000000e+00 0.00000000e+00 0.00000000e+00 0.00000000e+00]","[1.66483516e-07 3.12408193e-07 1.10140821e+00 2.34032415e-01
 2.51467102e-01 0.00000000e+00 0.00000000e+00 0.00000000e+00
 5.31408699e-02 3.51131622e-09 0.00000000e+00 5.12347226e-09
 0.00000000e+00 0.00000000e+00 9.82982997e-09 0.00000000e+00
 0.00000000e+00 0.00000000e+00 0.00000000e+00 0.00000000e+00
 0.00000000e+00 0.00000000e+00 0.00000000e+00 0.00000000e+00
 0.00000000e+00 0.00000000e+00 0.00000000e+00 1.20033609e-09
 0.00000000e+00 0.00000000e+00 0.00000000e+00 0.00000000e+00
 0.00000000e+00 0.00000000e+00 0.00000000e+00 0.00000000e+00
 0.00000000e+00 0.00000000e+00 0.00000000e+00 0.00000000e+00
 0.00000000e+00 1.60872969e-09 0.00000000e+00 7.14107102e-10
 0.00000000e+00 0.00000000e+00 0.00000000e+00 0.00000000e+00
 0.00000000e+00 0.00000000e+00 0.00000000e+00 0.00000000e+00
 0.00000000e+00 0.00000000e+00 0.00000000e+00 0.00000000e+00
 0.00000000e+00 0.00000000e+00 0.00000000e+00 0.00000000e+00
 0.00000000e+00 0.00000000e+00 0.00000000e+00 0.00000000e+00
 0.00000000e+00 0.00000000e+00 0.00000000e+00 0.00000000e+00
 0.00000000e+00 0.00000000e+00 0.00000000e+00 0.00000000e+00
 1.42798781e-09 0.00000000e+00 0.00000000e+00 0.00000000e+00
 0.00000000e+00 0.00000000e+00 0.00000000e+00 0.00000000e+00
 0.00000000e+00 0.00000000e+00 0.00000000e+00 0.00000000e+00
 0.00000000e+00 0.00000000e+00 0.00000000e+00 0.00000000e+00
 0.00000000e+00 0.00000000e+00 0.00000000e+00 0.00000000e+00
 0.00000000e+00 0.00000000e+00 0.00000000e+00 0.00000000e+00
 0.00000000e+00 0.00000000e+00 0.00000000e+00 0.00000000e+00]","[5.63426481e-14 4.42306780e-13 1.61573757e-06 4.57669664e-07
 9.71899882e-07 0.00000000e+00 0.00000000e+00 0.00000000e+00
 1.05673393e-05 1.39198315e-12 0.00000000e+00 7.35326135e-12
 0.00000000e+00 0.00000000e+00 5.72589246e-11 0.00000000e+00
 0.00000000e+00 0.00000000e+00 0.00000000e+00 0.00000000e+00
 0.00000000e+00 0.00000000e+00 0.00000000e+00 0.00000000e+00
 0.00000000e+00 0.00000000e+00 0.00000000e+00 2.90687175e-11
 0.00000000e+00 0.00000000e+00 0.00000000e+00 0.00000000e+00
 0.00000000e+00 0.00000000e+00 0.00000000e+00 0.00000000e+00
 0.00000000e+00 0.00000000e+00 0.00000000e+00 0.00000000e+00
 0.00000000e+00 8.15046935e-10 0.00000000e+00 4.09532603e-10
 0.00000000e+00 0.00000000e+00 0.00000000e+00 0.00000000e+00
 0.00000000e+00 0.00000000e+00 0.00000000e+00 0.00000000e+00
 0.00000000e+00 0.00000000e+00 0.00000000e+00 0.00000000e+00
 0.00000000e+00 0.00000000e+00 0.00000000e+00 0.00000000e+00
 0.00000000e+00 0.00000000e+00 0.00000000e+00 0.00000000e+00
 0.00000000e+00 0.00000000e+00 0.00000000e+00 0.00000000e+00
 0.00000000e+00 0.00000000e+00 0.00000000e+00 0.00000000e+00
 5.60939025e-10 0.00000000e+00 0.00000000e+00 0.00000000e+00
 0.00000000e+00 0.00000000e+00 0.00000000e+00 0.00000000e+00
 0.00000000e+00 0.00000000e+00 0.00000000e+00 0.00000000e+00
 0.00000000e+00 0.00000000e+00 0.00000000e+00 0.00000000e+00
 0.00000000e+00 0.00000000e+00 0.00000000e+00 0.00000000e+00
 0.00000000e+00 0.00000000e+00 0.00000000e+00 0.00000000e+00
 0.00000000e+00 0.00000000e+00 0.00000000e+00 0.00000000e+00]","[5.28483107e-08 2.09665389e-04 0.00000000e+00 0.00000000e+00
 0.00000000e+00 0.00000000e+00 0.00000000e+00 0.00000000e+00
 0.00000000e+00 9.53363604e-08 0.00000000e+00 6.40946484e-09
 0.00000000e+00 0.00000000e+00 1.48741515e-07 0.00000000e+00
 0.00000000e+00 0.00000000e+00 0.00000000e+00 0.00000000e+00
 0.00000000e+00 0.00000000e+00 0.00000000e+00 0.00000000e+00
 0.00000000e+00 0.00000000e+00 0.00000000e+00 1.82482579e-08
 0.00000000e+00 0.00000000e+00 0.00000000e+00 0.00000000e+00
 0.00000000e+00 0.00000000e+00 0.00000000e+00 0.00000000e+00
 0.00000000e+00 0.00000000e+00 0.00000000e+00 0.00000000e+00
 0.00000000e+00 1.63847214e-08 0.00000000e+00 1.69819025e-08
 0.00000000e+00 0.00000000e+00 0.00000000e+00 0.00000000e+00
 0.00000000e+00 0.00000000e+00 0.00000000e+00 0.00000000e+00
 0.00000000e+00 0.00000000e+00 0.00000000e+00 0.00000000e+00
 0.00000000e+00 0.00000000e+00 0.00000000e+00 0.00000000e+00
 0.00000000e+00 0.00000000e+00 0.00000000e+00 0.00000000e+00
 0.00000000e+00 0.00000000e+00 0.00000000e+00 0.00000000e+00
 0.00000000e+00 0.00000000e+00 0.00000000e+00 0.00000000e+00
 4.01752342e-08 0.00000000e+00 0.00000000e+00 0.00000000e+00
 0.00000000e+00 0.00000000e+00 0.00000000e+00 0.00000000e+00
 0.00000000e+00 0.00000000e+00 0.00000000e+00 0.00000000e+00
 0.00000000e+00 0.00000000e+00 0.00000000e+00 0.00000000e+00
 0.00000000e+00 0.00000000e+00 0.00000000e+00 0.00000000e+00
 0.00000000e+00 0.00000000e+00 0.00000000e+00 0.00000000e+00
 0.00000000e+00 0.00000000e+00 0.00000000e+00 0.00000000e+00]","[4.65227790e-11 7.85590899e-07 0.00000000e+00 0.00000000e+00
 0.00000000e+00 0.00000000e+00 0.00000000e+00 0.00000000e+00
 0.00000000e+00 2.85697943e-07 0.00000000e+00 3.45301307e-08
 0.00000000e+00 0.00000000e+00 2.06688559e-06 0.00000000e+00
 0.00000000e+00 0.00000000e+00 0.00000000e+00 0.00000000e+00
 0.00000000e+00 0.00000000e+00 0.00000000e+00 0.00000000e+00
 0.00000000e+00 0.00000000e+00 0.00000000e+00 1.45094853e-06
 0.00000000e+00 0.00000000e+00 0.00000000e+00 0.00000000e+00
 0.00000000e+00 0.00000000e+00 0.00000000e+00 0.00000000e+00
 0.00000000e+00 0.00000000e+00 0.00000000e+00 0.00000000e+00
 0.00000000e+00 2.43869174e-06 0.00000000e+00 2.71462308e-06
 0.00000000e+00 0.00000000e+00 0.00000000e+00 0.00000000e+00
 0.00000000e+00 0.00000000e+00 0.00000000e+00 0.00000000e+00
 0.00000000e+00 0.00000000e+00 0.00000000e+00 0.00000000e+00
 0.00000000e+00 0.00000000e+00 0.00000000e+00 0.00000000e+00
 0.00000000e+00 0.00000000e+00 0.00000000e+00 0.00000000e+00
 0.00000000e+00 0.00000000e+00 0.00000000e+00 0.00000000e+00
 0.00000000e+00 0.00000000e+00 0.00000000e+00 0.00000000e+00
 5.39459903e-06 0.00000000e+00 0.00000000e+00 0.00000000e+00
 0.00000000e+00 0.00000000e+00 0.00000000e+00 0.00000000e+00
 0.00000000e+00 0.00000000e+00 0.00000000e+00 0.00000000e+00
 0.00000000e+00 0.00000000e+00 0.00000000e+00 0.00000000e+00
 0.00000000e+00 0.00000000e+00 0.00000000e+00 0.00000000e+00
 0.00000000e+00 0.00000000e+00 0.00000000e+00 0.00000000e+00
 0.00000000e+00 0.00000000e+00 0.00000000e+00 0.00000000e+00]"
h250,"[1.18870070e+03 2.19141114e+02 1.83088151e+02 1.19467098e+02
 7.10815741e+01 2.50429674e+01 1.42292335e+01 7.72111173e+00
 5.94737977e+00 4.26049757e+00 4.15752316e+00 3.06942218e+00
 2.65585828e+00 1.56134540e+00 1.20617543e+00 1.85003145e+00
 1.19069995e+00 1.19983456e+00 8.43863393e-01 9.97679107e-01
 6.95919839e-01 8.28367622e-01 9.20623249e-01 7.33942434e-01
 7.02709092e-01 4.16173487e-01 6.48063020e-01 4.78429245e-01
 4.82643914e-01 5.33347157e-01 4.88046966e-01 3.59068301e-01
 2.52204444e-01 2.44454114e-01 2.55213843e-01 2.85154796e-01
 2.28680984e-01 2.52973314e-01 2.31150419e-01 2.01957743e-01
 1.68307567e-01 1.98706575e-01 1.81282924e-01 1.49802727e-01
 1.53129900e-01 1.16576908e-01 9.66765120e-02 1.42457897e-01
 9.13747012e-02 1.30815045e-01 1.07697034e-01 8.78975064e-02
 8.02304458e-02 8.55482355e-02 6.46521269e-02 1.09783487e-01
 7.45453416e-02 7.20218730e-02 7.11343909e-02 6.52678041e-02
 9.77118409e-02 1.16547502e-01 6.43039497e-02 9.37928287e-02
 6.63593783e-02 5.41878844e-02 6.31503932e-02 3.40730375e-02
 6.30159155e-02 5.07417266e-02 5.39591566e-02 5.87489080e-02
 5.58817024e-02 4.64516740e-02 3.49208448e-02 2.93693105e-02
 5.06712229e-02 5.38772738e-02 2.92515893e-02 3.80458695e-02
 2.58496143e-02 3.24139741e-02 5.78241786e-02 1.46203947e-02
 3.37996365e-02 3.12223829e-02 2.95463092e-02 2.19475611e-02
 1.38666801e-02 2.68157265e-02 2.68898807e-02 2.82187764e-02
 3.08613478e-02 2.48394657e-02 2.31253872e-02 1.69611589e-02
 3.06934236e-02 2.84350256e-02 4.25631987e-02 1.62019526e-02]","[1.06660581e-04 1.01420259e-04 1.02539620e-04 9.20602630e-05
 1.04864651e-04 1.05449315e-04 1.10466360e-04 8.85795196e-05
 9.04925593e-05 8.24815192e-05 9.53098656e-05 8.34440927e-05
 8.33522551e-05 5.71984743e-05 5.15879239e-05 9.17767360e-05
 6.75396832e-05 7.64268435e-05 5.98950638e-05 7.80434914e-05
 5.93065045e-05 7.66597902e-05 9.24811101e-05 7.90388427e-05
 8.15402491e-05 5.18725528e-05 8.69945424e-05 6.80101129e-05
 7.51407558e-05 8.93673095e-05 8.75118410e-05 6.87330192e-05
 5.11233956e-05 5.20930334e-05 5.75601694e-05 6.81582431e-05
 5.76774239e-05 6.74504443e-05 6.55688992e-05 6.04282933e-05
 5.31685315e-05 6.59228124e-05 6.27338113e-05 5.42073380e-05
 5.75734342e-05 4.56938193e-05 3.95782113e-05 6.05528681e-05
 4.08453913e-05 6.09870902e-05 5.20592029e-05 4.42147585e-05
 4.19471983e-05 4.63924230e-05 3.59563124e-05 6.05722891e-05
 3.59758804e-05 3.62395817e-05 3.98772759e-05 4.26156062e-05
 6.67032838e-05 8.27288540e-05 4.73377778e-05 7.17586283e-05
 5.24353401e-05 4.40704741e-05 5.28959386e-05 2.94384684e-05
 5.58292458e-05 4.60519422e-05 4.98629247e-05 5.51953853e-05
 5.40090144e-05 4.53450021e-05 2.68145317e-05 1.48653939e-05
 2.38004491e-05 3.92301453e-05 2.94354590e-05 4.38841386e-05
 3.10623190e-05 4.09477110e-05 7.54987632e-05 1.93952164e-05
 4.59378617e-05 4.30318393e-05 3.77433356e-05 2.38770872e-05
 1.55358538e-05 3.57644010e-05 4.38765319e-05 4.82945710e-05
 5.19052924e-05 4.00276675e-05 3.78464302e-05 2.80779919e-05
 5.34855143e-05 5.86166888e-05 9.57120029e-05 3.81105542e-05]","[3.06967885e+02 6.64800670e+01 6.12839702e+01 4.77124436e+01
 2.50395533e+01 7.40299943e+00 3.66265468e+00 1.04038123e+00
 4.25230963e-01 5.65217431e-02 6.13328470e-02 7.98284579e-02
 4.74467457e-02 3.60978277e-02 1.47042371e-02 2.14000265e-02
 1.44435672e-07 1.52164191e-07 3.56559064e-02 8.45162442e-03
 8.68981129e-08 1.09017089e-07 4.85362719e-04 1.01138634e-07
 1.08978994e-07 6.73588542e-08 9.72459573e-08 7.35979796e-08
 8.42346940e-08 1.69636779e-03 1.09822462e-07 6.70983515e-08
 4.54045024e-08 4.04126655e-08 8.96856107e-04 1.32546398e-03
 1.16497785e-03 1.10987001e-04 4.52084112e-08 4.16652898e-08
 3.27623406e-08 4.87481794e-04 3.49641224e-08 1.99330993e-07
 3.33158076e-08 2.40598384e-08 2.27499490e-08 3.27165324e-08
 2.10663842e-08 3.03680981e-08 2.63470662e-08 1.47328497e-05
 1.65856577e-08 2.19336665e-08 1.67634671e-08 2.71600621e-08
 1.88139920e-08 2.12613692e-08 2.04955693e-08 1.82443458e-08
 2.71317234e-08 3.16932975e-08 1.83028248e-08 2.75750790e-08
 2.08515818e-08 1.75391401e-08 1.96352220e-08 1.20822047e-08
 2.02626936e-08 1.59364851e-08 1.77590312e-08 1.99122519e-08
 2.01463683e-08 1.58486590e-08 1.07148691e-08 9.76082136e-09
 1.79391416e-08 1.93672728e-08 1.05676669e-08 1.28210856e-08
 8.35533279e-09 1.30776026e-08 2.47037552e-08 6.08786839e-09
 1.53297275e-08 1.25832503e-08 1.38156541e-08 8.18184154e-04
 7.12414573e-04 1.23895924e-08 1.16682942e-08 1.31447077e-08
 6.08161962e-04 1.10202120e-08 9.06256222e-09 8.74578349e-09
 1.58264932e-08 1.51790146e-08 2.52014809e-08 8.75682678e-09]","[1.03886463e-04 9.41223213e-05 8.99020113e-05 9.33056131e-05
 9.67758354e-05 1.10328175e-04 1.52573020e-04 1.03263386e-04
 8.45593962e-05 2.24067868e-05 4.03569653e-05 1.14570643e-04
 9.04905015e-05 1.32975389e-04 8.56524281e-05 1.68313375e-04
 1.73392817e-09 2.22306107e-09 6.05197737e-04 1.64784053e-04
 1.88336856e-09 3.13455524e-09 1.64457243e-05 3.53108863e-09
 5.01639162e-09 3.51268404e-09 5.48078049e-09 1.78233321e-09
 5.83432614e-09 1.42505587e-04 1.02220499e-08 8.35102313e-09
 5.68907058e-09 5.09944760e-09 1.51623631e-04 2.78333566e-04
 2.73365197e-04 2.90840060e-05 1.41933551e-08 1.36247995e-08
 1.50260254e-08 2.46977814e-04 1.78201899e-08 1.14314142e-07
 1.89314840e-08 1.31801168e-08 1.43741775e-08 1.30051236e-08
 1.81700003e-08 3.29533543e-08 2.18798738e-08 1.60234960e-05
 1.83501000e-08 2.74564819e-08 8.94607920e-09 1.21504942e-09
 1.04962720e-10 1.52797535e-10 2.96928658e-10 7.43916762e-09
 1.17833720e-08 6.18218120e-08 3.69293580e-08 6.44478454e-08
 6.04081769e-08 4.07870536e-08 4.03653226e-08 2.66805717e-08
 4.89082975e-08 3.86648125e-08 1.84332516e-08 1.04520067e-08
 7.91385199e-09 2.10767399e-09 7.22775929e-11 1.79601723e-11
 2.79126787e-11 8.53698080e-11 2.22942588e-10 1.51174088e-09
 1.12291208e-09 3.34277881e-09 8.26799751e-09 1.83375680e-09
 4.88956854e-09 3.82244444e-09 3.63033053e-10 6.69916567e-06
 5.88874199e-06 2.08741109e-10 3.78396088e-09 1.06564796e-08
 6.10266666e-05 3.74184444e-10 2.70803250e-10 2.00142765e-10
 3.77859626e-10 1.99431450e-09 1.20838404e-07 8.70499968e-08]","[5.50881985e-02 2.69412283e-02 1.76894986e-02 3.94192001e-03
 3.97979457e-03 2.33545880e-04 6.84946253e-05 6.66939380e-04
 4.07509688e-05 2.45390595e-05 1.61604186e-05 3.26993850e-05
 2.64257341e-05 5.19695230e-06 7.89896642e-06 2.71884191e-06
 2.26403026e-06 3.22382882e-06 1.61612989e-06 2.05333528e-06
 1.21939675e-06 1.40958468e-06 2.76310888e-06 1.27294353e-06
 3.67790534e-06 9.38863612e-07 1.24084490e-06 9.02720739e-07
 1.19743865e-06 1.21313720e-06 2.71898022e-06 1.20571603e-06
 5.68882794e-07 4.94378238e-07 4.82524466e-07 7.19927543e-07
 4.99274645e-07 1.28834113e-06 5.91253506e-07 5.46566476e-07
 3.92077209e-07 3.99169183e-07 4.13578454e-07 2.88274510e-07
 4.21218918e-07 2.76647849e-07 2.95430747e-07 4.17922847e-07
 2.40003247e-07 4.54468127e-07 4.28296725e-07 2.68895840e-07
 2.34589282e-07 3.47355443e-07 2.21920622e-07 3.98505243e-07
 3.21931987e-07 4.05689500e-07 4.30608103e-07 3.73142334e-07
 4.35161303e-07 4.86138499e-07 2.49970644e-07 4.67500095e-07
 3.73284670e-07 3.56999164e-07 3.49572739e-07 3.17891433e-07
 3.23451378e-07 2.47615015e-07 4.07076391e-07 4.34065985e-07
 5.36261196e-07 3.22205116e-07 1.45642235e-07 2.25334836e-07
 3.37671250e-07 4.19383673e-07 2.56149964e-07 2.57608054e-07
 1.69067971e-07 4.00100969e-07 6.89413535e-07 1.52511543e-07
 3.87868038e-07 3.81978607e-07 4.64144724e-07 1.67652411e-07
 2.75452919e-07 3.25808593e-07 3.22197122e-07 3.71099925e-07
 4.18592825e-07 2.80947181e-07 2.59501027e-07 2.31555244e-07
 5.47458804e-07 4.82243160e-07 9.32354724e-07 2.66695941e-07]","[4.84945697e-05 1.00945530e-04 9.32083879e-05 3.32805881e-05
 8.87444651e-05 3.99074847e-05 5.06700701e-05 9.56828619e-04
 8.37569343e-05 7.35370930e-05 6.24893644e-05 1.76163543e-04
 1.97047364e-04 5.23912264e-05 1.09762630e-04 5.02649970e-05
 5.86571515e-05 1.01894065e-04 6.22273726e-05 9.28249653e-05
 6.43003364e-05 7.96149363e-05 1.70934698e-04 8.38962540e-05
 2.57867727e-04 6.87394486e-05 9.53954756e-05 7.17767873e-05
 1.00888877e-04 1.07141539e-04 2.47001677e-04 1.14806511e-04
 5.74106554e-05 5.25726882e-05 5.45134938e-05 8.66095794e-05
 6.22282534e-05 1.63979547e-04 7.89517536e-05 7.57118619e-05
 5.62981635e-05 5.94120932e-05 6.31414630e-05 4.60818001e-05
 6.80069269e-05 4.50764604e-05 4.90122336e-05 7.05635932e-05
 4.09908120e-05 7.75342938e-05 7.14624646e-05 4.37669274e-05
 3.84339963e-05 5.71407560e-05 3.57262315e-05 6.21596421e-05
 4.83848854e-05 6.21209544e-05 6.72839105e-05 5.84647162e-05
 6.72008185e-05 7.48616811e-05 3.88217898e-05 7.30799955e-05
 5.77142856e-05 5.46207739e-05 5.31136896e-05 4.75810950e-05
 4.67933607e-05 3.45764039e-05 5.63467109e-05 5.88702548e-05
 7.20073992e-05 4.23883599e-05 1.81162830e-05 1.88597595e-05
 2.29007028e-05 5.05464363e-05 3.35093571e-05 3.46053518e-05
 2.28360821e-05 5.42108254e-05 9.21149795e-05 2.04062392e-05
 5.22302722e-05 5.05870697e-05 5.94621242e-05 1.86749825e-05
 2.97028996e-05 4.01297121e-05 4.18322205e-05 4.89824757e-05
 5.55271633e-05 3.80420411e-05 3.52635701e-05 3.19924850e-05
 7.69133637e-05 7.18570881e-05 1.44189810e-04 4.26383988e-05]"
h262,"[9.59980699e+02 1.49621975e+02 1.50991727e+02 1.09505508e+02
 5.27683673e+01 2.73102124e+01 1.65873716e+01 1.39861335e+01
 1.04719690e+01 1.18149935e+01 7.36146712e+00 7.55839450e+00
 5.91350465e+00 5.50892691e+00 5.81556051e+00 4.78794210e+00
 4.44218060e+00 2.93287368e+00 2.83966842e+00 3.07285378e+00
 3.75452852e+00 3.46303142e+00 3.27105397e+00 2.91718335e+00
 4.19379797e+00 3.47968897e+00 2.85586114e+00 3.16094809e+00
 2.76318429e+00 2.56528037e+00 2.73398897e+00 2.65331199e+00
 2.38371357e+00 2.06238584e+00 2.04508382e+00 2.01270692e+00
 1.84645460e+00 2.09408438e+00 1.87322538e+00 1.75024727e+00
 1.70931406e+00 1.60427180e+00 1.50018243e+00 1.23650330e+00
 1.27886891e+00 1.17698632e+00 1.10830580e+00 1.00872785e+00
 8.95179009e-01 9.44097050e-01 8.44143562e-01 8.63322868e-01
 7.87836104e-01 6.30497164e-01 4.84530683e-01 4.82411085e-01
 4.55266210e-01 4.54270447e-01 4.34963582e-01 3.82080869e-01
 3.88754971e-01 3.36158323e-01 3.36964047e-01 3.38629939e-01
 3.11643636e-01 2.78917166e-01 1.83354007e-01 1.74684470e-01
 1.86380997e-01 2.16905600e-01 2.14458361e-01 2.41878507e-01
 1.99154002e-01 1.89665730e-01 1.70817603e-01 1.62857406e-01
 1.92474354e-01 1.29278535e-01 8.51481600e-02 8.86344017e-02
 5.13276450e-02 6.03002076e-02 5.87593491e-02 6.87013443e-02
 6.75282920e-02 3.30900000e-02 3.78331786e-02 3.13663242e-02
 3.70893455e-02 4.30700468e-02 3.36212531e-02 3.45844149e-02
 2.73878433e-02 2.84217545e-02 2.93564194e-02 9.67444018e-03
 2.07229829e-02 2.03231689e-02 2.22944208e-02 2.01154544e-02]","[8.61378305e-05 6.92462458e-05 8.45638247e-05 8.43839519e-05
 7.78476908e-05 1.14996084e-04 1.28773384e-04 1.60454223e-04
 1.59336601e-04 2.28733522e-04 1.68759238e-04 2.05479512e-04
 1.85591209e-04 2.01814546e-04 2.48730563e-04 2.37521204e-04
 2.51972354e-04 1.86817654e-04 2.01551724e-04 2.40374120e-04
 3.19962085e-04 3.20480008e-04 3.28593377e-04 3.14153788e-04
 4.86635701e-04 4.33714197e-04 3.83364465e-04 4.49337992e-04
 4.30188282e-04 4.29836743e-04 4.90232344e-04 5.07898201e-04
 4.83193436e-04 4.39493254e-04 4.61242109e-04 4.81081044e-04
 4.65708793e-04 5.58347122e-04 5.31365362e-04 5.23695966e-04
 5.39974049e-04 5.32232559e-04 5.19145209e-04 4.47438801e-04
 4.80826248e-04 4.61334936e-04 4.53727181e-04 4.28767840e-04
 4.00153832e-04 4.40146099e-04 4.08046900e-04 4.34274118e-04
 4.11907436e-04 3.41915773e-04 2.69471979e-04 2.66167021e-04
 2.19713296e-04 2.28577379e-04 2.43836526e-04 2.49473812e-04
 2.65384757e-04 2.38615091e-04 2.48058311e-04 2.59077589e-04
 2.46252157e-04 2.26840591e-04 1.53580711e-04 1.50924122e-04
 1.65125118e-04 1.96858185e-04 1.98178062e-04 2.27248095e-04
 1.92480023e-04 1.85147104e-04 1.31165041e-04 8.24309270e-05
 9.04058716e-05 9.41327458e-05 8.56833847e-05 1.02235654e-04
 6.16781228e-05 7.61756477e-05 7.67197787e-05 9.11382673e-05
 9.17792517e-05 4.56058581e-05 4.83292293e-05 3.41239036e-05
 4.15539007e-05 5.74429496e-05 5.48601908e-05 5.91889407e-05
 4.60632511e-05 4.58003629e-05 4.80439817e-05 1.60153474e-05
 3.61112990e-05 4.18947002e-05 5.01335363e-05 4.73159709e-05]","[2.82194537e+02 4.46021416e+01 5.65852687e+01 4.29832320e+01
 2.34914751e+01 8.98048427e+00 2.13211492e+00 1.39426399e+00
 5.90193505e-01 7.13882544e-01 1.05943045e-01 6.93719118e-02
 4.61973465e-02 1.01979350e-04 1.04944506e-01 2.80878664e-03
 5.20188827e-02 4.41924417e-02 1.33310416e-02 5.37538285e-03
 9.96172401e-03 4.38533089e-07 2.56758130e-03 3.75025568e-07
 4.80241228e-02 2.54890953e-04 4.21538974e-03 4.87109533e-03
 3.88545175e-07 6.09195673e-04 2.02580163e-06 1.80904008e-04
 2.17721475e-03 3.17211993e-03 7.88004514e-04 6.17373326e-04
 3.15145778e-07 3.73427342e-07 4.07311746e-03 1.46553163e-04
 9.38127876e-04 1.46588871e-03 2.87856918e-07 2.99555309e-04
 2.93804039e-04 2.49087156e-07 2.25283123e-07 2.09827845e-07
 4.97794794e-04 2.02006168e-07 1.83328375e-07 1.52673427e-04
 1.75900123e-07 2.19920325e-04 1.16630287e-07 2.55941050e-05
 1.16784067e-07 2.21944695e-05 1.13080992e-07 2.26912969e-07
 6.50831124e-05 2.37553444e-05 5.88597241e-06 1.86849516e-05
 1.08727047e-07 9.14429852e-05 1.47328104e-05 2.02633817e-04
 1.34692171e-07 6.81624886e-08 5.91575837e-05 8.32294154e-08
 6.67789025e-08 6.79316621e-08 6.41289099e-03 2.38610384e-02
 3.67918180e-02 1.51767780e-02 1.48552368e-03 4.73266889e-04
 4.66230537e-04 2.62984849e-04 5.82238440e-05 2.83368214e-08
 3.00277679e-08 1.72603067e-04 4.45222242e-05 2.21599917e-04
 5.86705160e-05 1.29153798e-04 1.28390419e-08 6.50958243e-05
 4.60085558e-08 1.49693789e-08 1.75132571e-05 3.88594825e-09
 8.12866493e-09 8.88280828e-09 9.99488989e-09 5.87384047e-06]","[9.55024734e-05 6.31476064e-05 8.30091368e-05 8.40572503e-05
 9.07926394e-05 1.33837703e-04 8.88162384e-05 1.38388137e-04
 1.17363059e-04 2.83002842e-04 6.97104406e-05 9.95632983e-05
 8.81076455e-05 3.75666478e-07 6.11303508e-04 2.20913913e-05
 6.24478741e-04 6.45634798e-04 2.26271522e-04 1.04805577e-04
 2.15903398e-04 1.26090892e-08 8.69983055e-05 1.30933993e-08
 2.21058939e-03 1.32922597e-05 2.37579294e-04 1.17964040e-04
 2.69117054e-08 5.11762766e-05 1.88557468e-07 2.25152111e-05
 2.72799562e-04 4.00272023e-04 1.33221043e-04 1.29641938e-04
 7.39498075e-08 9.78561724e-08 1.27877094e-03 4.79237626e-05
 4.30260263e-04 7.42677970e-04 1.46712247e-07 1.71791689e-04
 1.66952173e-04 1.36451366e-07 1.42341400e-07 8.34085054e-08
 4.29353772e-04 2.19203085e-07 1.52244720e-07 1.66048123e-04
 1.94613015e-07 2.75295443e-04 6.22415269e-08 1.14499379e-06
 6.51534950e-10 1.59503379e-07 1.63825589e-09 9.25242059e-08
 2.82657504e-05 4.63378238e-05 1.18760456e-05 4.36700424e-05
 3.14988223e-07 2.12649533e-04 3.02871363e-05 4.47466853e-04
 3.25108049e-07 1.65374599e-07 6.14034975e-05 4.36873947e-08
 2.62319413e-08 9.03406385e-09 4.32584215e-05 4.39049486e-05
 5.72467857e-05 6.68983517e-05 3.13396036e-05 5.58031452e-05
 6.26588926e-05 6.72218150e-05 1.94866972e-05 8.53547343e-09
 9.57765423e-09 5.24320521e-05 1.16990761e-06 1.81442594e-06
 4.84964155e-07 2.17599628e-06 4.16362767e-09 5.27735074e-05
 4.61677805e-09 5.08275949e-10 5.23322965e-07 8.89279306e-11
 1.94072954e-10 1.16707928e-09 4.79244275e-08 5.83907627e-05]","[1.46214810e-02 3.28624277e-02 3.50950601e-02 6.23162917e-03
 2.00780570e-03 2.96682174e-05 7.15139925e-04 3.76599259e-05
 1.89612919e-05 7.00742338e-05 1.91098654e-05 9.46194312e-06
 1.42273718e-05 1.48489690e-05 1.12229024e-05 6.88185544e-06
 5.27120045e-06 3.50679162e-06 4.23123492e-06 4.30738178e-06
 5.10502318e-06 6.86100770e-06 7.04529628e-06 5.45924688e-06
 9.20523659e-06 5.11583072e-06 4.16086311e-06 4.88458821e-06
 4.50980224e-06 5.70325904e-06 4.95862407e-06 4.62673556e-06
 4.09366428e-06 6.09517787e-06 3.50066306e-06 3.61935979e-06
 3.88146204e-06 5.06762554e-06 3.52882653e-06 3.63694704e-06
 4.46440799e-06 3.69158511e-06 3.49364235e-06 2.64218073e-06
 3.65146245e-06 3.50113259e-06 2.57955102e-06 2.41671852e-06
 2.22132583e-06 2.30956514e-06 2.06971177e-06 2.46385386e-06
 2.00077092e-06 1.86426821e-06 1.46228014e-06 1.72738196e-06
 1.61243123e-06 1.80040685e-06 1.56496456e-06 1.30885230e-06
 1.33988926e-06 1.26907790e-06 1.41995967e-06 1.36781185e-06
 1.44090604e-06 1.42108019e-06 8.42951060e-07 6.71733247e-07
 9.16636227e-07 1.43950925e-06 1.98001131e-06 1.42143825e-06
 1.11612942e-06 1.53538813e-06 1.87900063e-06 7.02483526e-07
 3.96691814e-06 1.82175169e-06 4.94043584e-07 6.93869917e-07
 4.91321291e-07 7.79293179e-07 6.27924430e-07 6.80529856e-07
 6.65241962e-07 4.01510668e-07 3.74283036e-07 1.63059607e-07
 1.02304558e-06 7.29166551e-07 2.37450280e-07 3.53932293e-07
 4.27412293e-07 4.61703505e-07 2.53395324e-07 7.26288545e-08
 1.47789345e-07 8.40142209e-07 4.46432046e-07 1.63415000e-07]","[1.28714035e-05 1.23131549e-04 1.84920672e-04 5.26119969e-05
 4.47715678e-05 5.06959888e-06 5.29036986e-04 5.40290407e-05
 3.89718263e-05 2.09994008e-04 7.38943322e-05 5.09749473e-05
 1.06088486e-04 1.49694600e-04 1.55951451e-04 1.27229333e-04
 1.36567788e-04 1.10837539e-04 1.62919227e-04 1.94723466e-04
 2.69194343e-04 3.87517470e-04 4.35844422e-04 3.59804150e-04
 6.45403623e-04 3.74558539e-04 3.19884874e-04 3.88381516e-04
 3.79968430e-04 5.03698963e-04 4.50458760e-04 4.40550967e-04
 4.13125431e-04 6.48167458e-04 3.95489529e-04 4.35420525e-04
 4.83775024e-04 6.45005365e-04 4.71214191e-04 5.03799710e-04
 6.41042034e-04 5.49453234e-04 5.33378097e-04 4.22362853e-04
 5.89538432e-04 5.70467710e-04 4.27949895e-04 4.08047427e-04
 3.79386325e-04 3.94022136e-04 3.45336996e-04 4.01030054e-04
 3.27796826e-04 3.06676337e-04 2.35407410e-04 2.69440481e-04
 2.42340939e-04 2.75686188e-04 2.44530780e-04 2.05073698e-04
 2.06915583e-04 1.95428475e-04 2.20527399e-04 2.13817462e-04
 2.22781350e-04 2.17424878e-04 1.28077038e-04 1.00543142e-04
 1.32608771e-04 2.01009836e-04 2.74069259e-04 1.92782745e-04
 1.49870208e-04 2.01991158e-04 2.33726893e-04 5.87954821e-05
 2.69034492e-04 2.19567574e-04 6.46304321e-05 9.32098672e-05
 6.63629736e-05 1.05588663e-04 8.38992028e-05 9.10557641e-05
 8.95814177e-05 5.31737845e-05 4.79498381e-05 1.81633851e-05
 1.10318018e-04 8.98111479e-05 3.08291780e-05 4.67164737e-05
 5.66970831e-05 6.25176009e-05 3.44338668e-05 1.00346574e-05
 2.07631617e-05 1.25186167e-04 6.90412675e-05 2.61262092e-05]"
h289,"[0.         4.4920343  0.         2.0001146  0.52248808 0.80360143
 0.96967394 0.74212505 0.         0.15193159 0.37450859 0.41515145
 0.26389367 0.         0.26116894 0.17144138 0.25298166 0.17943621
 0.12048376 0.26777973 0.19699617 0.38702028 0.43521431 0.37371246
 0.18354729 0.45286371 0.25505357 0.36412696 0.31827988 0.41135376
 0.26645526 0.29197834 0.40409171 0.38816993 0.33579288 0.21855592
 0.31738308 0.34427272 0.2238569  0.34189866 0.31905295 0.32317682
 0.32042058 0.28380729 0.40356751 0.35548155 0.32115097 0.33411884
 0.34776037 0.29106878 0.34247673 0.38296927 0.41881435 0.37769502
 0.3855666  0.42814559 0.44785358 0.4988486  0.48492086 0.37180519
 0.48309141 0.51266945 0.40876084 0.39584569 0.42482056 0.39690555
 0.38210042 0.41974644 0.47702374 0.3254382  0.44156252 0.41836418
 0.42832456 0.4359948  0.55011813 0.51064933 0.50737985 0.45790651
 0.41641475 0.40108162 0.34770757 0.4142297  0.34080289 0.34270039
 0.30660233 0.30391596 0.25358452 0.24218663 0.21944022 0.18485016
 0.20240444 0.20711775 0.18667466 0.1371564  0.15869732 0.13310827
 0.1191092  0.12298543 0.10642835 0.1199019 ]","[0.00000000e+00 2.07894938e-06 0.00000000e+00 1.54127018e-06
 7.70812002e-07 3.38375318e-06 7.52790725e-06 8.51393973e-06
 0.00000000e+00 2.94133449e-06 8.58548754e-06 1.12861425e-05
 8.28211836e-06 0.00000000e+00 1.11701523e-05 8.50489857e-06
 1.43497955e-05 1.14296949e-05 8.55160028e-06 2.09470808e-05
 1.67880745e-05 3.58160950e-05 4.37194066e-05 4.02453908e-05
 2.12982749e-05 5.64456829e-05 3.42378253e-05 5.17617099e-05
 4.95516260e-05 6.89261743e-05 4.77781689e-05 5.58906289e-05
 8.19118801e-05 8.27187931e-05 7.57337247e-05 5.22396524e-05
 8.00496756e-05 9.17936656e-05 6.34999955e-05 1.02300372e-04
 1.00789150e-04 1.07217011e-04 1.10883053e-04 1.02697983e-04
 1.51732404e-04 1.39335569e-04 1.31475379e-04 1.42019885e-04
 1.55452312e-04 1.35698746e-04 1.65548344e-04 1.92643621e-04
 2.18970346e-04 2.04822307e-04 2.14433055e-04 2.36226406e-04
 2.16135932e-04 2.51007979e-04 2.71842109e-04 2.42764466e-04
 3.29783814e-04 3.63907896e-04 3.00911996e-04 3.02851976e-04
 3.35681422e-04 3.22799385e-04 3.20054387e-04 3.62653091e-04
 4.22621423e-04 2.95359698e-04 4.08041936e-04 3.93058748e-04
 4.13970702e-04 4.25607595e-04 4.22417042e-04 2.58467202e-04
 2.38318073e-04 3.33419597e-04 4.19032253e-04 4.62628963e-04
 4.17824554e-04 5.23285360e-04 4.44972976e-04 4.54621670e-04
 4.16710268e-04 4.18868176e-04 3.23936422e-04 2.63478538e-04
 2.45854891e-04 2.46536497e-04 3.30265687e-04 3.54468335e-04
 3.13965640e-04 2.21021296e-04 2.59720066e-04 2.20351269e-04
 2.07556407e-04 2.53525301e-04 2.39325766e-04 2.82035629e-04]","[0.00000000e+00 2.70500410e+00 0.00000000e+00 1.02101105e+00
 3.27962777e-01 3.53613200e-08 6.56298089e-03 3.03219675e-02
 0.00000000e+00 8.49279066e-09 3.74149980e-08 3.37848748e-02
 2.19338454e-08 0.00000000e+00 2.17853763e-08 1.91068766e-08
 2.04491939e-08 6.12783146e-03 1.05315680e-08 2.02277732e-08
 1.71475464e-08 3.71846102e-08 4.14883630e-08 4.38672079e-08
 1.63318851e-08 4.52013929e-08 2.75650963e-08 1.58373609e-03
 3.68144351e-08 4.48414024e-08 3.19080886e-08 3.67490480e-08
 1.32170089e-04 4.79207328e-08 4.71262889e-08 5.67370929e-04
 4.74236763e-08 5.41503014e-08 3.14258935e-08 5.00219053e-08
 3.88537697e-04 1.97694061e-03 1.66324365e-04 4.89750460e-04
 1.13143952e-03 6.79846323e-04 1.38536529e-03 6.74687097e-08
 5.43750877e-04 3.29450296e-04 1.17314231e-03 5.02590270e-04
 4.47586713e-05 2.72856421e-04 2.24378728e-04 3.33211756e-04
 2.60553343e-05 6.01670583e-05 1.86107337e-04 1.42583438e-04
 6.43902682e-04 4.36527479e-04 1.92179802e-07 2.18379573e-04
 1.92790499e-04 5.19088537e-07 2.16212270e-04 9.79521688e-05
 2.06903494e-04 1.37079640e-04 2.55819082e-05 8.55399799e-05
 7.39242009e-07 1.22085272e-03 1.99777135e-02 5.11501128e-02
 5.25941913e-02 2.79271600e-02 1.01614400e-02 1.33883183e-03
 1.04376335e-03 1.27306374e-03 7.49351543e-04 4.03947569e-04
 1.22413244e-03 4.21797819e-04 7.03054727e-04 8.34091892e-04
 3.89406542e-04 1.00824389e-04 2.03392204e-04 8.83056964e-05
 6.11531302e-05 1.62653094e-05 4.12520757e-05 9.45184927e-06
 1.56187379e-07 1.38051873e-05 2.06294921e-05 6.31611015e-07]","[0.00000000e+00 3.82973840e-06 0.00000000e+00 1.99667120e-06
 1.26754944e-06 5.26995841e-13 2.73390178e-07 3.00961698e-06
 0.00000000e+00 3.36677779e-12 2.46190394e-11 4.84884082e-05
 4.18322614e-11 0.00000000e+00 1.26900183e-10 1.50277519e-10
 2.45489449e-10 8.95252914e-05 1.78755269e-10 3.94387433e-10
 3.71643856e-10 1.06916463e-09 1.40576553e-09 1.53155123e-09
 7.51769940e-10 2.35719882e-09 1.55356836e-09 3.83535722e-05
 2.54986883e-09 3.76696046e-09 2.96993956e-09 4.57376587e-09
 1.65605816e-05 6.04684851e-09 7.96723017e-09 1.19141958e-04
 1.11280937e-08 1.41900194e-08 9.86628051e-09 1.63574628e-08
 1.78197809e-04 1.00159734e-03 8.47706615e-05 2.80866526e-04
 6.42932909e-04 3.72423696e-04 8.75320053e-04 2.68194349e-08
 4.68991426e-04 3.57496616e-04 9.74233929e-04 5.46618835e-04
 4.95202606e-05 3.41560651e-04 1.19743122e-04 1.49067682e-05
 1.45361961e-07 4.32398219e-07 2.69622185e-06 5.81386752e-05
 2.79648465e-04 8.51502427e-04 3.87758545e-07 5.10391755e-04
 5.58524655e-04 1.20713398e-06 4.44480741e-04 2.16303227e-04
 4.99405352e-04 3.32580149e-04 2.65531237e-05 4.49002176e-05
 2.90387417e-07 1.62358186e-04 1.34760493e-04 9.41175753e-05
 8.18347274e-05 1.23101291e-04 2.14372551e-04 1.57862358e-04
 1.40276216e-04 3.25409069e-04 2.50797365e-04 1.21675035e-04
 3.90449178e-04 1.28130546e-04 1.84741238e-05 6.82941578e-06
 3.21879246e-06 1.69869953e-06 6.59589252e-05 7.15898657e-05
 6.13647666e-06 5.52278463e-07 1.23267525e-06 2.16300718e-07
 3.72899440e-09 1.81381242e-06 9.89162069e-05 6.27872838e-06]","[0.00000000e+00 0.00000000e+00 0.00000000e+00 0.00000000e+00
 0.00000000e+00 1.48923539e-06 4.19503693e-08 7.40006782e-06
 0.00000000e+00 3.07725533e-08 9.13587313e-07 9.51786506e-07
 4.05755964e-07 0.00000000e+00 5.16118786e-07 3.44393540e-07
 1.66105396e-07 5.76575976e-08 7.82622945e-08 9.89209918e-08
 1.11638191e-07 2.70442558e-07 3.38480233e-07 5.09223454e-07
 9.02825701e-08 3.35523547e-07 2.28674437e-07 2.73094994e-07
 3.15594494e-07 3.24989900e-07 3.17854978e-07 3.02235579e-07
 4.07424363e-07 3.89049912e-07 4.71760679e-07 2.01213995e-07
 4.11009865e-07 4.85089489e-07 2.70116425e-07 4.12785186e-07
 4.44637564e-07 5.16732011e-07 5.34800560e-07 4.79943069e-07
 9.21870725e-07 8.87923770e-07 9.56834124e-07 7.10776568e-07
 1.30601298e-06 6.09263997e-07 1.38486427e-06 4.17647832e-06
 3.91606855e-06 4.70146815e-06 2.61419498e-06 4.25668042e-06
 5.80926597e-06 1.00708649e-05 7.47114903e-06 5.26203073e-06
 7.01813005e-06 6.24155902e-06 4.90078920e-06 4.27243890e-06
 5.92965857e-06 5.20875320e-06 4.14219276e-06 6.44217510e-06
 7.51003015e-06 3.91844454e-06 7.07825194e-06 5.55174644e-06
 5.47186140e-06 5.60748982e-06 7.24531569e-06 5.14709852e-06
 5.53348235e-06 6.03770247e-06 6.15774351e-06 4.64997742e-06
 4.77560853e-06 5.07813192e-06 4.55501499e-06 4.93533038e-06
 2.62384750e-06 2.92114776e-06 3.14144414e-06 2.47615997e-06
 2.49581545e-06 3.91183915e-06 3.43177878e-06 3.79107295e-06
 2.58354493e-06 2.07189001e-06 2.24109285e-06 1.58109841e-06
 1.56806227e-06 1.82993401e-06 1.94733887e-06 1.99657493e-06]","[0.00000000e+00 0.00000000e+00 0.00000000e+00 0.00000000e+00
 0.00000000e+00 2.54475217e-07 3.10335029e-08 1.06165521e-05
 0.00000000e+00 9.22172309e-08 3.53267399e-06 5.12762192e-06
 3.02557888e-06 0.00000000e+00 7.17189467e-06 6.36702716e-06
 4.30350670e-06 1.82235699e-06 3.01340690e-06 4.47191343e-06
 5.88682332e-06 1.52749014e-05 2.09394631e-05 3.35615362e-05
 6.32995114e-06 2.45655528e-05 1.75803653e-05 2.17142251e-05
 2.65900672e-05 2.87023743e-05 2.88750584e-05 2.87784281e-05
 4.11165532e-05 4.13719662e-05 5.32974484e-05 2.42066853e-05
 5.12271678e-05 6.17419973e-05 3.60694106e-05 5.71801169e-05
 6.38452777e-05 7.69100714e-05 8.16485709e-05 7.67207637e-05
 1.48838507e-04 1.44676566e-04 1.58739664e-04 1.20010066e-04
 2.23057535e-04 1.03943161e-04 2.31068341e-04 6.79785986e-04
 6.41590115e-04 7.73402143e-04 4.20850187e-04 6.63965497e-04
 8.73105747e-04 1.54209498e-03 1.16739123e-03 8.24465906e-04
 1.08379141e-03 9.61153256e-04 7.61119007e-04 6.67871128e-04
 9.16796309e-04 7.96937806e-04 6.29360118e-04 9.64246637e-04
 1.08646793e-03 5.47162785e-04 9.79757669e-04 7.52956323e-04
 7.34743649e-04 7.37704913e-04 9.01237123e-04 4.30794641e-04
 3.75278128e-04 7.27697245e-04 8.05551650e-04 6.24647023e-04
 6.45043455e-04 6.88050627e-04 6.08611655e-04 6.60353510e-04
 3.53327048e-04 3.86860161e-04 4.02454088e-04 2.75822123e-04
 2.69131131e-04 4.81819640e-04 4.45562410e-04 5.00393898e-04
 3.42712327e-04 2.80547129e-04 3.04541896e-04 2.18450104e-04
 2.20299578e-04 2.72671009e-04 3.01158362e-04 3.19205302e-04]"
h319,"[0. 0. 0. 0. 0. 0. 0. 0. 0. 0. 0. 0. 0. 0. 0. 0. 0. 0. 0. 0. 0. 0. 0. 0.
 0. 0. 0. 0. 0. 0. 0. 0. 0. 0. 0. 0. 0. 0. 0. 0. 0. 0. 0. 0. 0. 0. 0. 0.
 0. 0. 0. 0. 0. 0. 0. 0. 0. 0. 0. 0. 0. 0. 0. 0. 0. 0. 0. 0. 0. 0. 0. 0.
 0. 0. 0. 0. 0. 0. 0. 0. 0. 0. 0. 0. 0. 0. 0. 0. 0. 0. 0. 0. 0. 0. 0. 0.
 0. 0. 0. 0.]","[0. 0. 0. 0. 0. 0. 0. 0. 0. 0. 0. 0. 0. 0. 0. 0. 0. 0. 0. 0. 0. 0. 0. 0.
 0. 0. 0. 0. 0. 0. 0. 0. 0. 0. 0. 0. 0. 0. 0. 0. 0. 0. 0. 0. 0. 0. 0. 0.
 0. 0. 0. 0. 0. 0. 0. 0. 0. 0. 0. 0. 0. 0. 0. 0. 0. 0. 0. 0. 0. 0. 0. 0.
 0. 0. 0. 0. 0. 0. 0. 0. 0. 0. 0. 0. 0. 0. 0. 0. 0. 0. 0. 0. 0. 0. 0. 0.
 0. 0. 0. 0.]","[0. 0. 0. 0. 0. 0. 0. 0. 0. 0. 0. 0. 0. 0. 0. 0. 0. 0. 0. 0. 0. 0. 0. 0.
 0. 0. 0. 0. 0. 0. 0. 0. 0. 0. 0. 0. 0. 0. 0. 0. 0. 0. 0. 0. 0. 0. 0. 0.
 0. 0. 0. 0. 0. 0. 0. 0. 0. 0. 0. 0. 0. 0. 0. 0. 0. 0. 0. 0. 0. 0. 0. 0.
 0. 0. 0. 0. 0. 0. 0. 0. 0. 0. 0. 0. 0. 0. 0. 0. 0. 0. 0. 0. 0. 0. 0. 0.
 0. 0. 0. 0.]","[0. 0. 0. 0. 0. 0. 0. 0. 0. 0. 0. 0. 0. 0. 0. 0. 0. 0. 0. 0. 0. 0. 0. 0.
 0. 0. 0. 0. 0. 0. 0. 0. 0. 0. 0. 0. 0. 0. 0. 0. 0. 0. 0. 0. 0. 0. 0. 0.
 0. 0. 0. 0. 0. 0. 0. 0. 0. 0. 0. 0. 0. 0. 0. 0. 0. 0. 0. 0. 0. 0. 0. 0.
 0. 0. 0. 0. 0. 0. 0. 0. 0. 0. 0. 0. 0. 0. 0. 0. 0. 0. 0. 0. 0. 0. 0. 0.
 0. 0. 0. 0.]","[0. 0. 0. 0. 0. 0. 0. 0. 0. 0. 0. 0. 0. 0. 0. 0. 0. 0. 0. 0. 0. 0. 0. 0.
 0. 0. 0. 0. 0. 0. 0. 0. 0. 0. 0. 0. 0. 0. 0. 0. 0. 0. 0. 0. 0. 0. 0. 0.
 0. 0. 0. 0. 0. 0. 0. 0. 0. 0. 0. 0. 0. 0. 0. 0. 0. 0. 0. 0. 0. 0. 0. 0.
 0. 0. 0. 0. 0. 0. 0. 0. 0. 0. 0. 0. 0. 0. 0. 0. 0. 0. 0. 0. 0. 0. 0. 0.
 0. 0. 0. 0.]","[0. 0. 0. 0. 0. 0. 0. 0. 0. 0. 0. 0. 0. 0. 0. 0. 0. 0. 0. 0. 0. 0. 0. 0.
 0. 0. 0. 0. 0. 0. 0. 0. 0. 0. 0. 0. 0. 0. 0. 0. 0. 0. 0. 0. 0. 0. 0. 0.
 0. 0. 0. 0. 0. 0. 0. 0. 0. 0. 0. 0. 0. 0. 0. 0. 0. 0. 0. 0. 0. 0. 0. 0.
 0. 0. 0. 0. 0. 0. 0. 0. 0. 0. 0. 0. 0. 0. 0. 0. 0. 0. 0. 0. 0. 0. 0. 0.
 0. 0. 0. 0.]"
h348,"[4.54757229e+02 6.34339087e+01 4.83292593e+01 4.10177745e+01
 1.42702945e+01 6.71266821e+00 3.75817839e+00 1.56160445e+00
 8.40803206e-01 1.28684115e+00 7.44639203e-01 5.20526292e-01
 7.70164144e-01 5.70588339e-01 6.36332557e-01 4.16352762e-01
 2.02519702e-01 3.33582131e-01 2.57486423e-01 2.32058052e-01
 3.26899730e-02 2.37084139e-01 6.53790259e-02 9.96680917e-02
 1.71584163e-01 4.22767916e-02 7.83866989e-02 5.46685154e-02
 5.07890884e-02 8.37868025e-02 5.91911148e-02 1.11093408e-01
 2.60436633e-02 4.90935210e-02 6.94315147e-02 3.27388553e-02
 3.09926405e-02 3.91491458e-02 3.23748268e-02 1.76397850e-02
 2.51920811e-02 1.59780967e-02 3.05039650e-02 1.45506857e-02
 3.47656849e-02 7.31559698e-02 1.91001113e-02 2.34336797e-02
 1.17032151e-02 2.80756472e-02 2.65034437e-02 1.03753929e-02
 9.98721922e-03 9.62710715e-03 4.63403283e-03 1.34292118e-02
 4.31065582e-03 2.08490324e-02 8.05037581e-03 7.77425958e-03
 1.12805149e-02 2.18897133e-02 7.06067860e-03 3.41700485e-03
 7.70698842e-03 3.21149090e-03 9.33761530e-03 6.06184248e-03
 5.87371429e-03 5.70251632e-03 8.30791163e-03 4.46002245e-03
 5.23854902e-03 5.09713380e-03 0.00000000e+00 4.83050863e-03
 0.00000000e+00 2.29440483e-03 6.70265973e-03 2.17846694e-03
 2.12842358e-03 6.22308207e-03 6.06936778e-03 1.98126476e-03
 7.73406003e-03 1.13069806e-02 1.84094440e-03 3.59653034e-03
 1.75767073e-03 0.00000000e+00 3.36274188e-03 0.00000000e+00
 1.60920800e-03 0.00000000e+00 1.54199773e-03 1.51564323e-03
 0.00000000e+00 0.00000000e+00 2.83806991e-03 2.78414744e-03]","[4.08047798e-05 2.93577200e-05 2.70670923e-05 3.16079252e-05
 2.10525648e-05 2.82652711e-05 2.91760118e-05 1.79153180e-05
 1.27932698e-05 2.49127271e-05 1.70706114e-05 1.41508211e-05
 2.41710632e-05 2.09029868e-05 2.72158384e-05 2.06545124e-05
 1.14874586e-05 2.12484539e-05 1.82756663e-05 1.81527512e-05
 2.78584963e-06 2.19405248e-05 6.56764306e-06 1.07333358e-05
 1.99101101e-05 5.26944933e-06 1.05224566e-05 7.77128894e-06
 7.90713481e-06 1.40392632e-05 1.06135757e-05 2.12655513e-05
 5.27921111e-06 1.04618015e-05 1.56593769e-05 7.82530362e-06
 7.81689688e-06 1.04383630e-05 9.18355140e-06 5.27804522e-06
 7.95820401e-06 5.30088685e-06 1.05560410e-05 5.26528422e-06
 1.30711238e-05 2.86744239e-05 7.81935784e-06 9.96067294e-06
 5.23145239e-06 1.30891063e-05 1.28113848e-05 5.21909561e-06
 5.22165695e-06 5.22073686e-06 2.57721965e-06 7.40947589e-06
 2.08033976e-06 1.04907049e-05 4.51296557e-06 5.07608292e-06
 7.70067765e-06 1.55379641e-05 5.19776524e-06 2.61426789e-06
 6.08984847e-06 2.61187400e-06 7.82135947e-06 5.23731876e-06
 5.20384472e-06 5.17546346e-06 7.67722845e-06 4.19025078e-06
 5.06299661e-06 4.97569889e-06 0.00000000e+00 2.44498126e-06
 0.00000000e+00 1.67064569e-06 6.74479133e-06 2.51276015e-06
 2.55763090e-06 7.86145399e-06 7.92453560e-06 2.62831883e-06
 1.05115385e-05 1.55836975e-05 2.35167721e-06 3.91272034e-06
 1.96924681e-06 0.00000000e+00 5.48702516e-06 0.00000000e+00
 2.70650563e-06 0.00000000e+00 2.52359491e-06 2.50903953e-06
 0.00000000e+00 0.00000000e+00 6.38197700e-06 6.54892682e-06]","[1.48297372e+02 1.63334284e+01 1.75711676e+01 1.57009679e+01
 4.26945358e+00 2.07934006e+00 2.64160659e-01 1.83366558e-01
 7.21653610e-08 2.54003312e-02 5.88090338e-03 5.02552348e-08
 1.40261710e-02 2.49618037e-03 6.87784538e-08 5.70338406e-08
 2.15898232e-08 3.75262405e-08 6.76109665e-06 2.45969306e-08
 3.03868199e-09 3.28451940e-08 1.02323172e-08 1.55807817e-08
 3.77310909e-08 6.21536338e-09 1.31221545e-08 1.03534886e-08
 7.38521230e-09 1.38546432e-08 1.06071360e-08 2.05025054e-08
 5.53112094e-09 9.55678956e-09 9.54447584e-05 7.09719246e-09
 5.59624325e-09 8.33350586e-09 6.57713976e-04 2.74777465e-09
 3.91576318e-09 3.65868851e-09 5.54691487e-05 2.67773705e-09
 7.59450089e-09 1.71977213e-08 3.89875236e-09 6.44179717e-09
 2.74511768e-09 6.20530275e-09 6.93187613e-09 2.94883922e-09
 2.85329780e-09 2.29539719e-09 1.40712675e-09 4.01007624e-09
 1.16629458e-09 9.11045526e-09 2.01822294e-09 2.92194801e-09
 3.37272242e-09 7.39962296e-09 1.89035541e-09 9.40288410e-10
 2.14920065e-09 1.44467290e-09 2.61705115e-09 2.26975504e-09
 2.17123040e-09 3.04305693e-09 2.76595774e-09 1.73524063e-09
 2.00125676e-09 2.10922996e-09 0.00000000e+00 1.77355514e-09
 0.00000000e+00 9.20226556e-10 1.94698189e-09 1.37378715e-09
 9.35567240e-10 1.92618756e-09 4.28444826e-09 8.14821187e-10
 5.13538677e-09 6.73794493e-09 5.25498083e-10 2.40227527e-09
 1.22976430e-09 0.00000000e+00 1.63592596e-09 0.00000000e+00
 1.06688754e-09 0.00000000e+00 5.33297193e-10 5.30662711e-10
 0.00000000e+00 0.00000000e+00 1.48328546e-09 1.67752950e-09]","[5.01879517e-05 2.31248292e-05 2.57764518e-05 3.07045359e-05
 1.65010906e-05 3.09887630e-05 1.10039829e-05 1.82001088e-05
 1.43504587e-11 1.00693959e-05 3.86962982e-06 7.21268423e-11
 2.67507335e-05 9.19530557e-06 4.00635648e-10 4.48576929e-10
 2.59182530e-10 5.48244128e-10 1.14757997e-07 4.79574306e-10
 6.58582556e-11 9.44393915e-10 3.46705384e-10 5.43977299e-10
 1.73679277e-09 3.24123799e-10 7.39564402e-10 2.50731972e-10
 5.11520077e-10 1.16387736e-09 9.87290498e-10 2.55173031e-09
 6.93035618e-10 1.20591767e-09 1.61360119e-05 1.49033615e-09
 1.31317358e-09 2.18378489e-09 2.06491841e-04 8.98538779e-10
 1.79591433e-09 1.85363822e-09 2.82710018e-05 1.53565287e-09
 4.31552415e-09 9.42100988e-09 2.46336193e-09 2.56067384e-09
 2.36769578e-09 6.73356425e-09 5.75656409e-09 3.20716726e-09
 3.15684195e-09 2.87336965e-09 7.50934594e-10 1.79397263e-10
 6.50672394e-12 6.54734458e-11 2.92389161e-11 1.19143000e-09
 1.46478136e-09 1.44339067e-08 3.81414413e-09 2.19762062e-09
 6.22635222e-09 3.35956898e-09 5.38003155e-09 5.01219470e-09
 5.24072389e-09 7.38300979e-09 2.87096715e-09 9.10833533e-10
 7.86129271e-10 2.80501279e-10 0.00000000e+00 3.26338888e-12
 0.00000000e+00 4.05630495e-12 4.10748356e-11 1.61983958e-10
 1.25735237e-10 4.92354689e-10 1.43394424e-09 2.45436299e-10
 1.63798252e-09 2.04680186e-09 1.38084793e-11 1.96694594e-11
 1.01650990e-11 0.00000000e+00 5.30521408e-10 0.00000000e+00
 1.07057978e-10 0.00000000e+00 1.59357375e-11 1.21439437e-11
 0.00000000e+00 0.00000000e+00 7.11219504e-09 1.66760107e-08]","[4.45450143e-02 6.17335112e-04 7.53207384e-04 2.79619159e-03
 1.36644805e-03 2.65442323e-05 9.47047057e-06 2.50276687e-05
 2.38669678e-06 8.19054969e-06 2.59173460e-06 7.87203108e-07
 1.39855951e-06 8.79487312e-07 2.02409675e-06 1.04820660e-06
 3.11002312e-07 5.12616483e-07 5.42832505e-07 2.68895242e-07
 2.68444836e-08 4.66905452e-07 1.18728928e-06 1.86958789e-07
 7.94853778e-07 7.45854635e-08 1.60288391e-07 1.39233217e-07
 7.60806063e-08 1.59032899e-07 1.08939557e-07 3.32706159e-07
 7.13191065e-08 1.00517737e-07 1.78357825e-07 8.88351758e-08
 5.76079660e-08 9.60082436e-08 7.47336784e-08 2.47889927e-08
 3.91908448e-08 4.08077673e-08 2.16068098e-07 2.75353287e-08
 9.89455806e-08 2.14474562e-07 4.17926990e-08 1.03851421e-07
 2.99529456e-08 7.13400499e-08 1.10579437e-07 4.99582120e-08
 4.48999647e-08 2.35817893e-08 2.20367082e-08 5.77398924e-08
 1.47022778e-08 5.25692135e-07 2.09549738e-08 7.92448406e-08
 3.62837679e-08 1.76986544e-07 3.55492199e-08 1.54507488e-08
 6.05477589e-08 3.82297521e-08 4.11774466e-08 4.80783559e-08
 5.25147045e-08 9.01092067e-08 4.00772342e-08 2.74009286e-08
 5.06301605e-08 5.28084963e-08 0.00000000e+00 3.84463426e-08
 0.00000000e+00 1.65914890e-08 2.76130608e-08 4.52887728e-08
 1.10104140e-08 3.30642009e-08 2.18551091e-07 1.36537828e-08
 2.26823800e-07 2.29326703e-07 1.06785682e-08 8.59277640e-08
 4.66692818e-08 0.00000000e+00 3.35099086e-08 0.00000000e+00
 4.43506253e-08 0.00000000e+00 7.12296473e-09 5.80051247e-09
 0.00000000e+00 0.00000000e+00 3.23366891e-08 2.99465718e-08]","[3.92133226e-05 2.31308014e-06 3.96875274e-06 2.36075061e-05
 3.04700906e-05 4.53578348e-06 7.00594252e-06 3.59060964e-05
 4.90546387e-06 2.45449185e-05 1.00217607e-05 4.24095098e-06
 1.04285642e-05 8.86623857e-06 2.81264878e-05 1.93788765e-05
 8.05753797e-06 1.62020318e-05 2.09011916e-05 1.21559259e-05
 1.41554365e-06 2.63713477e-05 7.34494886e-05 1.23219465e-05
 5.57293127e-05 5.46081834e-06 1.23228836e-05 1.10706585e-05
 6.41008785e-06 1.40454266e-05 9.89645048e-06 3.16797920e-05
 7.19739934e-06 1.06891591e-05 2.01500833e-05 1.06871550e-05
 7.18010246e-06 1.22198911e-05 9.97939954e-06 3.43383810e-06
 5.62739312e-06 6.07380273e-06 3.29873466e-05 4.40162924e-06
 1.59750300e-05 3.49460665e-05 6.93344733e-06 1.75346466e-05
 5.11574563e-06 1.21709314e-05 1.84504776e-05 8.13146623e-06
 7.35619744e-06 3.87925767e-06 3.54761325e-06 9.00638350e-06
 2.20968420e-06 8.04962839e-05 3.27428252e-06 1.24162463e-05
 5.60320710e-06 2.72545998e-05 5.52098568e-06 2.41527363e-06
 9.36140947e-06 5.84914155e-06 6.25645501e-06 7.19623299e-06
 7.59724546e-06 1.25826470e-05 5.54741169e-06 3.71625445e-06
 6.79845233e-06 6.94733088e-06 0.00000000e+00 3.21782812e-06
 0.00000000e+00 1.99969788e-06 3.61232107e-06 6.08379236e-06
 1.48718125e-06 4.47996321e-06 2.92013838e-05 1.82689359e-06
 3.05440708e-05 3.03707215e-05 1.36804388e-06 9.57158610e-06
 5.03248612e-06 0.00000000e+00 4.35073371e-06 0.00000000e+00
 5.88319787e-06 0.00000000e+00 9.67939007e-07 8.01419157e-07
 0.00000000e+00 0.00000000e+00 5.00090893e-06 4.78775142e-06]"
h426,"[ 0.          4.64652975  0.          0.          0.          0.
  0.          0.          0.          0.          0.          0.1034544
  0.          0.          0.06632668  0.          0.10200887  0.
  0.          0.          0.12461877  0.08966075  0.10881025  0.10464155
  0.09154376  0.06341991  0.11925408  0.14549938  0.11666031  0.15850335
  0.18874043  0.14440341  0.19448194  0.40844961  0.22524774  0.19854441
  0.21507757  0.12765915  0.165314    0.27825035  0.2302528   0.2643722
  0.23378702  0.35439309  0.32453946  0.54239811  0.38959899  0.45225115
  0.34823975  0.38370992  0.45341108  0.4090617   0.39145874  0.33577798
  0.37668986  0.35707368  0.33719023  0.37570109  0.31818809  0.28064282
  0.39722867  0.33607733  0.38782091  0.41567808  0.44977647  0.41690366
  0.49341102  0.50705867  0.48698333  0.54506862  0.74206518  0.89242815
  1.02864358  1.30972313  5.80164126 16.30448683 18.81490239  7.76829318
  2.86661847  1.4383052   1.24609155  1.07807072  1.029402    1.04022509
  1.04919101  1.24723819  1.10707562  1.0555249   0.89971068  0.77932815
  0.74670215  0.68697504  0.586259    0.50731601  0.45800731  0.3820874
  0.33981644  0.24496718  0.21504839  0.21181902]","[0.00000000e+00 2.15045111e-06 0.00000000e+00 0.00000000e+00
 0.00000000e+00 0.00000000e+00 0.00000000e+00 0.00000000e+00
 0.00000000e+00 0.00000000e+00 0.00000000e+00 2.81247017e-06
 0.00000000e+00 0.00000000e+00 2.83678131e-06 0.00000000e+00
 5.78621546e-06 0.00000000e+00 0.00000000e+00 0.00000000e+00
 1.06200502e-05 8.29749251e-06 1.09305222e-05 1.12689314e-05
 1.06224626e-05 7.90476249e-06 1.60084028e-05 2.06831610e-05
 1.81623424e-05 2.65587197e-05 3.38431007e-05 2.76417670e-05
 3.94226887e-05 8.70403804e-05 5.08017030e-05 4.74564634e-05
 5.42464006e-05 3.40378438e-05 4.68935202e-05 8.32559983e-05
 7.27370942e-05 8.77080146e-05 8.09031016e-05 1.28240030e-04
 1.22019613e-04 2.12599922e-04 1.59497183e-04 1.92232968e-04
 1.55666599e-04 1.78888840e-04 2.19172417e-04 2.05768801e-04
 2.04667904e-04 1.82090889e-04 2.09496249e-04 1.97012965e-04
 1.62729358e-04 1.89043269e-04 1.78373274e-04 1.83241399e-04
 2.71169354e-04 2.38557603e-04 2.85496928e-04 3.18025260e-04
 3.55400893e-04 3.39063650e-04 4.13290205e-04 4.38089224e-04
 4.31445167e-04 4.94690864e-04 6.85732367e-04 8.38448190e-04
 9.94172039e-04 1.27852008e-03 4.45488344e-03 8.25258119e-03
 8.83742489e-03 5.65639739e-03 2.88463747e-03 1.65901807e-03
 1.49737218e-03 1.36189806e-03 1.34404984e-03 1.37994843e-03
 1.42597958e-03 1.71898966e-03 1.41421138e-03 1.14832167e-03
 1.00801154e-03 1.03939770e-03 1.21840261e-03 1.17571238e-03
 9.86021254e-04 8.17516640e-04 7.49563314e-04 6.32518514e-04
 5.92154765e-04 5.04981614e-04 4.83580002e-04 4.98244889e-04]","[0.00000000e+00 1.75408398e-01 0.00000000e+00 0.00000000e+00
 0.00000000e+00 0.00000000e+00 0.00000000e+00 0.00000000e+00
 0.00000000e+00 0.00000000e+00 0.00000000e+00 3.21743824e-02
 0.00000000e+00 0.00000000e+00 5.36804729e-09 0.00000000e+00
 1.22588472e-02 0.00000000e+00 0.00000000e+00 0.00000000e+00
 9.68549833e-03 4.22440973e-03 1.81390843e-03 9.27970262e-09
 5.41836062e-04 6.36448268e-09 1.33563733e-08 3.17154335e-03
 1.27357183e-02 6.63593048e-04 7.54786730e-03 2.58208909e-03
 2.68154710e-02 3.33881726e-02 5.49918532e-03 4.34889534e-03
 1.92343477e-03 3.31608946e-03 1.15926584e-03 5.59462992e-03
 3.50607184e-03 2.68403377e-03 3.62796253e-03 3.08833739e-03
 4.30135225e-03 1.02163056e-02 3.07351856e-03 5.98897115e-03
 2.53488561e-03 2.90887781e-03 3.50346515e-03 4.23697620e-03
 2.51579845e-03 2.45907062e-03 4.12238366e-03 2.23674533e-03
 2.01328569e-03 3.34242091e-03 1.13834105e-03 1.31464238e-03
 1.79984443e-03 2.08672572e-03 2.26725649e-03 3.82150582e-03
 3.27221556e-03 4.72523528e-03 4.43060449e-03 7.15176382e-03
 4.44981644e-03 6.11685621e-03 1.34368569e-02 2.54136664e-02
 3.67406780e-02 1.13614171e-01 2.16019663e+00 8.12708508e+00
 9.50515544e+00 3.20869711e+00 6.79545480e-01 1.12972341e-01
 7.60206417e-02 5.25685257e-02 3.47797501e-02 4.07383890e-02
 3.51693176e-02 3.65498611e-02 2.52322107e-02 2.23146874e-02
 1.85747043e-02 1.19421015e-02 1.22052614e-02 9.44285931e-03
 7.61274626e-03 5.84880519e-03 3.81227198e-03 2.21359619e-03
 1.94054626e-03 1.43293113e-03 1.05260113e-03 8.31864412e-04]","[0.00000000e+00 2.48342794e-07 0.00000000e+00 0.00000000e+00
 0.00000000e+00 0.00000000e+00 0.00000000e+00 0.00000000e+00
 0.00000000e+00 0.00000000e+00 0.00000000e+00 4.61770125e-05
 0.00000000e+00 0.00000000e+00 3.12689656e-11 0.00000000e+00
 1.47165588e-04 0.00000000e+00 0.00000000e+00 0.00000000e+00
 2.09916677e-04 1.21463945e-04 6.14613294e-05 3.23985515e-10
 2.49411541e-05 3.31900193e-10 7.52764968e-10 7.68057369e-05
 8.82110810e-04 5.57459990e-05 7.02540035e-04 3.21365358e-04
 3.35991143e-03 4.21306624e-03 9.29699245e-04 9.13222511e-04
 4.51339162e-04 8.68977135e-04 3.63955985e-04 1.82947751e-03
 1.60801467e-03 1.35983908e-03 1.84906633e-03 1.77112767e-03
 2.44421454e-03 5.59655051e-03 1.94195166e-03 2.38067131e-03
 2.18636819e-03 3.15651249e-03 2.90944634e-03 4.60814928e-03
 2.78343819e-03 3.07825544e-03 2.19997275e-03 1.00064429e-04
 1.12320630e-05 2.40207331e-05 1.64916658e-05 5.36047996e-04
 7.81676713e-04 4.07042420e-03 4.57461226e-03 8.93153621e-03
 9.47978806e-03 1.09884763e-02 9.10826369e-03 1.57929081e-02
 1.07405733e-02 1.48406061e-02 1.39469862e-02 1.33397174e-02
 1.44323922e-02 1.51092678e-02 1.45716957e-02 1.49540538e-02
 1.47896904e-02 1.41437496e-02 1.43361471e-02 1.33206275e-02
 1.02167680e-02 1.34370923e-02 1.16402905e-02 1.22710106e-02
 1.12176025e-02 1.11028399e-02 6.63025174e-04 1.82709219e-04
 1.53536501e-04 2.01201737e-04 3.95809628e-03 7.65537284e-03
 7.63909216e-04 1.98592542e-04 1.13916530e-04 5.06570122e-05
 4.63307995e-05 1.88267513e-04 5.04710980e-03 8.26941039e-03]","[0.00000000e+00 0.00000000e+00 0.00000000e+00 0.00000000e+00
 0.00000000e+00 0.00000000e+00 0.00000000e+00 0.00000000e+00
 0.00000000e+00 0.00000000e+00 0.00000000e+00 0.00000000e+00
 0.00000000e+00 0.00000000e+00 1.17679243e-07 0.00000000e+00
 2.74346201e-08 0.00000000e+00 0.00000000e+00 0.00000000e+00
 1.65503559e-08 0.00000000e+00 4.10800813e-08 6.84559336e-08
 7.32094412e-08 5.75634190e-08 1.29353023e-07 7.38388016e-08
 4.62216075e-08 1.12391569e-07 9.00322577e-08 1.56046581e-07
 4.76636061e-08 1.00905485e-06 8.25841807e-08 1.12010877e-07
 2.15209181e-06 1.18445813e-06 3.38304726e-07 3.85025584e-07
 1.07684816e-06 1.30042139e-06 2.99756639e-07 7.83463450e-07
 1.30602546e-06 3.25080798e-06 6.82590220e-07 2.66954297e-06
 1.69759434e-06 1.95927769e-06 3.10408059e-06 4.20527908e-06
 2.70045414e-06 4.09561796e-06 3.22626473e-06 2.64125908e-06
 5.87614491e-06 4.61663907e-06 3.54093668e-06 2.94416478e-06
 6.88592506e-06 7.37797273e-06 6.83722992e-06 8.66517060e-06
 1.11175459e-05 6.34759911e-06 6.25597221e-06 1.20924132e-05
 1.41236782e-05 1.55522027e-05 1.45703691e-05 1.70905377e-05
 2.03038232e-05 2.18788236e-05 2.97246412e-05 7.99678169e-05
 1.09166245e-04 3.62288075e-05 2.04994914e-05 1.90816883e-05
 1.46074335e-05 1.91730926e-05 1.54467234e-05 9.14802726e-06
 1.15103033e-05 1.51074097e-05 1.37647793e-05 1.22907596e-05
 1.38358993e-05 1.48322478e-05 1.22896144e-05 1.37925163e-05
 1.73519774e-05 1.25365102e-05 1.22739171e-05 1.27142321e-05
 1.04583448e-05 7.23740585e-06 5.97021832e-06 7.53213052e-06]","[0.00000000e+00 0.00000000e+00 0.00000000e+00 0.00000000e+00
 0.00000000e+00 0.00000000e+00 0.00000000e+00 0.00000000e+00
 0.00000000e+00 0.00000000e+00 0.00000000e+00 0.00000000e+00
 0.00000000e+00 0.00000000e+00 1.63524979e-06 0.00000000e+00
 7.10784083e-07 0.00000000e+00 0.00000000e+00 0.00000000e+00
 8.72721241e-07 0.00000000e+00 2.54134440e-06 4.51174484e-06
 5.13290865e-06 4.21453939e-06 9.94458950e-06 5.87104265e-06
 3.89435073e-06 9.92616968e-06 8.17884530e-06 1.48585264e-05
 4.81012766e-06 1.07303926e-04 9.32999782e-06 1.34752658e-05
 2.68230955e-04 1.50757360e-04 4.51747873e-05 5.33347820e-05
 1.54624071e-04 1.93553912e-04 4.57641653e-05 1.25239676e-04
 2.10861323e-04 5.29680307e-04 1.13242347e-04 4.50735215e-04
 2.89936788e-04 3.34261532e-04 5.17924224e-04 6.84473752e-04
 4.42429609e-04 6.73738416e-04 5.19385173e-04 4.11988855e-04
 8.83157343e-04 7.06920010e-04 5.53282823e-04 4.61297855e-04
 1.06337534e-03 1.13615244e-03 1.06185870e-03 1.35454652e-03
 1.71890590e-03 9.71180916e-04 9.50525395e-04 1.80995837e-03
 2.04325724e-03 2.17167462e-03 2.01680174e-03 2.31790637e-03
 2.72633096e-03 2.87831386e-03 3.69741655e-03 6.69303432e-03
 7.40360258e-03 4.36649595e-03 2.68172896e-03 2.56330703e-03
 1.97303218e-03 2.59781718e-03 2.06389132e-03 1.22401773e-03
 1.54997632e-03 2.00073924e-03 1.76342200e-03 1.36908094e-03
 1.49196578e-03 1.82688194e-03 1.59561282e-03 1.82051126e-03
 2.30177400e-03 1.69752349e-03 1.66790144e-03 1.75664291e-03
 1.46930959e-03 1.07841635e-03 9.23301640e-04 1.20421025e-03]"
h454,"[4.78872418e+03 8.36322372e+02 7.37999250e+02 5.62203049e+02
 2.65017793e+02 9.11488792e+01 4.47357276e+01 2.78112596e+01
 1.99062122e+01 1.13238261e+01 9.25317638e+00 8.54454560e+00
 5.93989801e+00 4.86999198e+00 3.90666699e+00 3.67562254e+00
 2.85886799e+00 2.60012323e+00 1.56080682e+00 2.20596017e+00
 1.81262447e+00 1.73414559e+00 1.73601665e+00 1.58813744e+00
 1.30528293e+00 9.54955865e-01 7.45944914e-01 7.68808091e-01
 5.63327323e-01 5.77013203e-01 5.05761209e-01 4.96388870e-01
 4.05741344e-01 4.59661427e-01 4.97935669e-01 2.97815231e-01
 1.78011185e-01 2.94074220e-01 2.15017608e-01 2.89888154e-01
 2.53101394e-01 2.78245560e-01 1.68644695e-01 1.64063795e-01
 1.45534007e-01 1.44524261e-01 1.73859627e-01 1.23856706e-01
 1.00045511e-01 1.15495709e-01 1.35923073e-01 1.30643154e-01
 1.14435966e-01 9.67531085e-02 6.73307743e-02 9.00807184e-02
 9.57529081e-02 1.04125618e-01 6.42418917e-02 6.15442548e-02
 5.74794370e-02 4.61357595e-02 5.29985819e-02 6.56624182e-02
 6.87940404e-02 5.30979539e-02 5.89839274e-02 3.66862201e-02
 5.03886915e-02 2.66338661e-02 3.34331548e-02 3.14742626e-02
 3.40612487e-02 2.30107710e-02 2.74648022e-02 3.26666016e-02
 2.67481476e-02 5.56396480e-02 3.66727580e-02 2.62944197e-02
 1.86243905e-02 3.06041108e-02 1.42135009e-02 1.46608028e-02
 2.28262527e-02 2.29051364e-02 2.86734644e-02 2.76321698e-02
 1.18854281e-02 3.06254987e-02 1.18012274e-02 1.19456220e-02
 1.50883690e-02 1.46079217e-02 1.69949800e-02 1.86738573e-02
 1.78170869e-02 1.16540277e-02 1.23590260e-02 1.20334187e-02]","[4.29686046e-04 3.87056678e-04 4.13320919e-04 4.33228574e-04
 3.90973310e-04 3.83803832e-04 3.47298606e-04 3.19061309e-04
 3.02883650e-04 2.19224718e-04 2.12126057e-04 2.32288624e-04
 1.86419546e-04 1.78407744e-04 1.67087502e-04 1.82341030e-04
 1.62162632e-04 1.65622176e-04 1.10781704e-04 1.72561330e-04
 1.54472420e-04 1.60483381e-04 1.74391367e-04 1.71027780e-04
 1.51461105e-04 1.19027281e-04 1.00133991e-04 1.09288313e-04
 8.77020088e-05 9.66839642e-05 9.06881870e-05 9.50189858e-05
 8.22462718e-05 9.79535898e-05 1.12302927e-04 7.11843643e-05
 4.48975967e-05 7.84092064e-05 6.09926121e-05 8.67381766e-05
 7.99549873e-05 9.23106338e-05 5.83602924e-05 5.93678218e-05
 5.47175475e-05 5.66481444e-05 7.11760584e-05 5.26462833e-05
 4.47213287e-05 5.38450847e-05 6.57032656e-05 6.57169440e-05
 5.98310043e-05 5.24687751e-05 3.74460434e-05 4.97014211e-05
 4.62107370e-05 5.23933730e-05 3.60134051e-05 4.01843722e-05
 3.92385115e-05 3.27485227e-05 3.90152565e-05 5.02367305e-05
 5.43591425e-05 4.31840443e-05 4.94060297e-05 3.16962094e-05
 4.46420976e-05 2.41722414e-05 3.08951248e-05 2.95704909e-05
 3.29198001e-05 2.24625588e-05 2.10892896e-05 1.65343310e-05
 1.25636977e-05 4.05133987e-05 3.69032758e-05 3.03293885e-05
 2.23800925e-05 3.86613588e-05 1.85580109e-05 1.94488213e-05
 3.10236840e-05 3.15687035e-05 3.66283375e-05 3.00614600e-05
 1.33161126e-05 4.08455321e-05 1.92562003e-05 2.04441426e-05
 2.53769281e-05 2.35400004e-05 2.78135593e-05 3.09132421e-05
 3.10475648e-05 2.40239108e-05 2.77917819e-05 2.83052460e-05]","[1.29189275e+03 2.54558207e+02 2.80321757e+02 2.25617973e+02
 1.00602078e+02 2.72320626e+01 8.88423957e+00 4.01852989e+00
 1.83230550e+00 8.98386671e-01 2.48029358e-01 2.10875753e-01
 1.12541260e-01 3.24885298e-02 3.07507819e-02 2.63431171e-02
 1.53712404e-03 1.51677497e-02 2.08579498e-07 2.98402293e-07
 6.72894175e-03 2.28434048e-07 1.13237757e-02 7.65532410e-03
 1.36309736e-04 1.84431451e-04 5.47729978e-03 2.33742526e-03
 2.52274226e-04 7.78904378e-03 1.86005475e-03 3.98511953e-04
 7.25077970e-08 8.01275045e-08 6.91218022e-04 5.69921272e-08
 3.64894039e-08 3.65485442e-05 1.40480594e-04 9.44843435e-04
 1.60456491e-04 5.92362035e-07 3.39221592e-08 3.57525940e-08
 3.05938298e-08 3.28635813e-08 4.17356145e-08 2.80539629e-08
 2.88255474e-08 3.00003334e-08 2.94501312e-05 3.38025471e-08
 3.04639836e-08 2.98565755e-08 1.74499077e-08 2.50353167e-08
 3.28959748e-08 1.36013582e-04 1.74206017e-08 1.91160678e-08
 1.69560512e-08 1.37982954e-08 1.70993396e-08 1.54649462e-08
 2.38675153e-08 1.72823752e-08 1.79888594e-08 1.33981181e-08
 2.99803131e-05 9.18722290e-09 1.05197883e-08 1.10855640e-08
 1.15080554e-08 8.20904819e-09 1.14425136e-08 1.13584576e-08
 1.18605205e-08 1.84876172e-08 1.18501129e-08 1.09390669e-08
 6.90924233e-09 2.19642427e-07 5.70229893e-09 5.58469388e-09
 8.60909359e-09 9.75791570e-09 1.41438934e-08 1.45977008e-08
 5.58912832e-09 1.61592817e-08 6.06791043e-09 5.57114892e-09
 1.00267119e-08 1.16954996e-03 9.05586779e-09 1.28074003e-08
 9.32484979e-09 7.01520627e-09 7.42976485e-09 9.23987827e-09]","[4.37212409e-04 3.60402907e-04 4.11224823e-04 4.41214528e-04
 3.88818845e-04 4.05844118e-04 3.70085465e-04 3.98860522e-04
 3.64363512e-04 3.56145396e-04 1.63203123e-04 3.02651101e-04
 2.14638853e-04 1.19679637e-04 1.79123821e-04 2.07191283e-04
 1.84529393e-05 2.21595066e-04 3.54027853e-09 5.81804598e-09
 1.45838349e-04 6.56813671e-09 3.83687675e-04 2.67273017e-04
 6.27444786e-06 9.61788056e-06 3.08700522e-04 5.66057749e-05
 1.74732054e-05 6.54328776e-04 1.73130088e-04 4.95985738e-05
 9.08504559e-09 1.01108404e-08 1.16858195e-04 1.19677503e-08
 8.56233713e-09 9.57750073e-06 4.41044247e-05 3.08969466e-04
 7.35913021e-05 3.00114347e-07 1.72891318e-08 2.05037211e-08
 1.73847384e-08 1.80028574e-08 2.63699549e-08 1.11517092e-08
 2.48623684e-08 3.25542815e-08 2.44568086e-05 3.67637617e-08
 3.37048524e-08 3.73743500e-08 9.31240867e-09 1.11999549e-09
 1.83525697e-10 9.77478913e-07 2.52380200e-10 7.79461395e-09
 7.36405333e-09 2.69153320e-08 3.45011024e-08 3.61443193e-08
 6.91455015e-08 4.01899500e-08 3.69807945e-08 2.95864422e-08
 7.23638278e-05 2.22898744e-08 1.09191714e-08 5.81884913e-09
 4.52056894e-09 1.09170103e-09 7.71859487e-11 2.08998656e-11
 1.84545562e-11 8.14923377e-11 2.49997927e-10 1.28983108e-09
 9.28565245e-10 5.61430160e-08 1.90847881e-09 1.68219312e-09
 2.74595574e-09 2.96418570e-09 3.71658174e-10 1.19523723e-10
 4.61991316e-11 2.72253216e-10 1.96778855e-09 4.51655804e-09
 1.00614119e-09 3.97113414e-05 2.70603210e-10 2.93090781e-10
 2.22632026e-10 9.21701968e-10 3.56249274e-08 9.18519224e-08]","[4.35571358e-01 6.44212708e-02 9.44393738e-02 5.79178995e-02
 2.09810281e-02 1.99433936e-03 1.35567985e-03 1.31493734e-03
 4.28330577e-04 5.03494087e-05 1.17898206e-04 1.99179170e-04
 1.92123914e-05 2.98234658e-05 4.78338021e-05 1.04000893e-05
 1.04371347e-05 6.96765532e-06 3.59148590e-06 4.23188535e-06
 5.65825772e-06 2.92487669e-06 3.19492801e-06 2.95977288e-06
 2.15114085e-06 1.65709018e-06 1.73945387e-06 1.45743086e-06
 1.00049033e-06 1.01851270e-06 1.72518493e-06 9.16719543e-07
 8.60469376e-07 1.05687081e-06 1.18270588e-06 8.88813898e-07
 5.28581016e-07 8.54606753e-07 6.77702797e-07 9.09944323e-07
 5.64341843e-07 7.87887464e-07 3.89051820e-07 4.43314758e-07
 3.53229301e-07 4.30477271e-07 5.50344021e-07 3.55374377e-07
 4.37083520e-07 4.56830975e-07 2.86779051e-07 4.92684569e-07
 7.26797272e-07 7.19704617e-07 2.75510849e-07 5.07784294e-07
 8.79733821e-07 6.41144534e-07 2.42009732e-07 5.41402250e-07
 2.43097488e-07 1.99022059e-07 4.61053001e-07 2.49036287e-07
 6.53227506e-07 3.45655111e-07 4.05512681e-07 3.22593656e-07
 4.22553725e-07 1.69021731e-07 1.54969881e-07 2.23343422e-07
 2.01671700e-07 1.66838328e-07 3.50637436e-07 2.46188745e-07
 3.92501545e-07 3.49994405e-07 2.72379922e-07 2.10712752e-07
 1.75056970e-07 3.55740147e-07 1.00521681e-07 1.82963369e-07
 1.99194283e-07 3.14770126e-07 4.43364061e-07 5.40101727e-07
 1.65221816e-07 5.81901503e-07 1.50464298e-07 1.79653097e-07
 4.71744687e-07 2.90325778e-07 2.89866817e-07 2.75537945e-07
 2.89343908e-07 6.32075365e-07 3.62944792e-07 2.42149543e-07]","[3.83436855e-04 2.41378724e-04 4.97613978e-04 4.88985507e-04
 4.67850811e-04 3.40785577e-04 1.00288734e-03 1.88648281e-03
 8.80363265e-04 1.50883906e-04 4.55890662e-04 1.07305102e-03
 1.43260016e-04 3.00654665e-04 6.64689990e-04 1.92273208e-04
 2.70408308e-04 2.20223456e-04 1.38286367e-04 1.91310505e-04
 2.98367101e-04 1.65200342e-04 1.97648402e-04 1.95070600e-04
 1.50822207e-04 1.21324827e-04 1.33728260e-04 1.15882687e-04
 8.42952129e-05 8.99527422e-05 1.56721835e-04 8.72886891e-05
 8.68370627e-05 1.12388725e-04 1.33616913e-04 1.06927147e-04
 6.58809210e-05 1.08774008e-04 9.04955722e-05 1.26047941e-04
 8.10335531e-05 1.17268680e-04 5.93969556e-05 7.08655860e-05
 5.70298205e-05 7.01411262e-05 9.13025810e-05 6.00026851e-05
 7.46506919e-05 7.79374064e-05 4.78498587e-05 8.01919800e-05
 1.19075021e-04 1.18393037e-04 4.43535364e-05 7.92052063e-05
 1.32219915e-04 9.81748613e-05 3.78148044e-05 8.48280293e-05
 3.75409074e-05 3.06479037e-05 7.16040190e-05 3.89295551e-05
 1.00996804e-04 5.28851368e-05 6.16131415e-05 4.82849104e-05
 6.11303901e-05 2.36018145e-05 2.14506252e-05 3.02909803e-05
 2.70798162e-05 2.19487610e-05 4.36154182e-05 2.06051607e-05
 2.66192672e-05 4.21832586e-05 3.56325487e-05 2.83057489e-05
 2.36450187e-05 4.82002507e-05 1.34310572e-05 2.44807325e-05
 2.68234827e-05 4.16863615e-05 5.67998891e-05 6.01625126e-05
 1.78163551e-05 7.16725718e-05 1.95354187e-05 2.37128946e-05
 6.25778626e-05 3.93119631e-05 3.93899745e-05 3.80692894e-05
 4.06503887e-05 9.41829745e-05 5.61298604e-05 3.87140080e-05]"
h1367,"[6.53530230e+02 1.38336611e+02 1.14975766e+02 7.51172824e+01
 3.14439709e+01 1.56287656e+01 5.05966752e+00 4.40553551e+00
 2.08956682e+00 1.47050904e+00 1.25337098e+00 8.81420773e-01
 8.24137590e-01 7.37698165e-01 8.31777243e-01 3.97753013e-01
 2.31578287e-01 2.55029503e-01 1.67305341e-01 2.45936122e-01
 2.83664601e-01 9.90088745e-02 1.08555914e-01 1.24829020e-01
 9.22533263e-02 6.36454149e-02 1.02281281e-01 8.97374150e-02
 5.90219485e-02 7.80492481e-02 2.90816438e-02 5.39439133e-02
 6.90511796e-02 4.14068911e-02 4.70759653e-02 4.17527458e-02
 4.59242930e-02 3.35284708e-02 6.89271467e-02 1.91776076e-02
 3.87360674e-02 2.54927974e-02 7.62264329e-03 5.57949853e-02
 2.29104415e-02 2.54470971e-02 5.72882041e-02 1.22119383e-02
 1.37734857e-02 2.48758089e-02 7.88056953e-03 2.31553177e-02
 1.57407202e-02 0.00000000e+00 3.10602742e-02 2.53464672e-02
 2.60057920e-02 0.00000000e+00 8.04365405e-03 7.77757714e-03
 1.12942582e-02 1.81966140e-02 1.05763908e-02 1.26823263e-02
 9.92648615e-03 9.62850056e-03 3.11265264e-03 1.20857262e-02
 0.00000000e+00 2.84938664e-03 3.98961311e-03 4.68268455e-03
 3.61255626e-03 0.00000000e+00 2.47992535e-03 6.16644680e-03
 8.22874192e-03 3.24014628e-03 2.23375076e-03 4.36792120e-03
 6.51111006e-04 2.07240402e-03 2.02329888e-03 0.00000000e+00
 1.92792858e-03 0.00000000e+00 1.83984436e-03 3.02204467e-03
 1.02595537e-03 1.71879806e-03 0.00000000e+00 4.45548035e-04
 7.29089398e-04 3.15949375e-03 2.68439581e-03 0.00000000e+00
 1.47844736e-03 1.85447212e-03 1.41903292e-03 1.41036875e-03]","[5.86404249e-05 6.40232895e-05 6.43928694e-05 5.78846969e-05
 4.63884075e-05 6.58085999e-05 3.92799128e-05 5.05419728e-05
 3.17938750e-05 2.84684636e-05 2.87331218e-05 2.39619552e-05
 2.58649820e-05 2.70249039e-05 3.55749753e-05 1.97318123e-05
 1.31357393e-05 1.62448228e-05 1.18748653e-05 1.92383638e-05
 2.41739853e-05 9.16259804e-06 1.09049728e-05 1.34429361e-05
 1.07047985e-05 7.93286993e-06 1.37300123e-05 1.27564353e-05
 9.18887339e-06 1.30778822e-05 5.21463786e-06 1.03259687e-05
 1.39970998e-05 8.82378505e-06 1.06173729e-05 9.97982092e-06
 1.15829260e-05 8.93971865e-06 1.95521044e-05 5.73818107e-06
 1.22367630e-05 8.45748009e-06 2.63785168e-06 2.01898703e-05
 8.61381611e-06 9.97431723e-06 2.34531077e-05 5.19078203e-06
 6.15688376e-06 1.15973143e-05 3.80935437e-06 1.16477341e-05
 8.22978242e-06 0.00000000e+00 1.72741868e-05 1.39847401e-05
 1.25504994e-05 0.00000000e+00 4.50919741e-06 5.07824906e-06
 7.71005956e-06 1.29164933e-05 7.78588001e-06 9.70294160e-06
 7.84363402e-06 7.83076492e-06 2.60721549e-06 1.04418418e-05
 0.00000000e+00 2.58603319e-06 3.68674736e-06 4.39944481e-06
 3.49149355e-06 0.00000000e+00 1.90425052e-06 3.12117170e-06
 3.86506861e-06 2.35927694e-06 2.24779168e-06 5.03819368e-06
 7.82410815e-07 2.61801285e-06 2.64174204e-06 0.00000000e+00
 2.62029198e-06 0.00000000e+00 2.35027200e-06 3.28772859e-06
 1.14945268e-06 2.29237806e-06 0.00000000e+00 7.62526020e-07
 1.22624581e-06 5.09138026e-06 4.39321505e-06 0.00000000e+00
 2.57630163e-06 3.82285626e-06 3.19098393e-06 3.31749734e-06]","[1.95546479e+02 3.67950317e+01 4.20196875e+01 2.69091201e+01
 9.81000904e+00 4.35890214e+00 8.44805701e-01 5.80944638e-01
 2.05301853e-01 9.70529708e-02 1.03771828e-01 9.00133654e-08
 4.78748795e-02 1.92545714e-02 3.97058088e-03 1.10428529e-07
 3.71998688e-08 2.93715258e-08 1.73083026e-08 3.90324911e-03
 5.99220954e-03 1.44432998e-08 1.13190524e-08 2.05741010e-08
 1.20267682e-08 1.03432401e-08 1.18987911e-08 5.97021020e-05
 1.93381928e-03 1.40853883e-03 8.49811053e-06 9.44669753e-09
 1.15882145e-08 9.02527554e-09 8.08066279e-09 6.57400642e-09
 4.20061653e-05 2.34325598e-04 1.31457742e-08 5.81603377e-09
 8.20278242e-09 4.61654686e-09 1.69605909e-09 1.03641834e-08
 3.99486628e-09 4.83403400e-09 1.22107743e-08 2.36291145e-09
 2.51871502e-09 5.68364589e-09 1.88042221e-09 3.79707386e-09
 3.74975620e-09 0.00000000e+00 5.26534562e-09 7.34674186e-07
 5.09452088e-09 0.00000000e+00 1.91293769e-09 2.08275983e-09
 3.79638119e-09 4.77812183e-09 2.37199907e-09 3.13153134e-09
 2.38712076e-09 2.92890573e-09 7.29540278e-10 2.70832818e-09
 0.00000000e+00 5.86696596e-10 1.48046910e-09 1.74844153e-09
 7.61563085e-10 0.00000000e+00 8.49475391e-10 2.18224320e-09
 2.85093238e-09 6.89059586e-10 5.21028504e-10 1.43603063e-09
 1.77783130e-10 5.31462855e-10 4.10890168e-10 0.00000000e+00
 1.82810571e-09 0.00000000e+00 6.76667463e-10 1.18406173e-09
 4.32339432e-10 8.19386386e-10 0.00000000e+00 2.12590954e-10
 4.31763189e-10 9.53664831e-10 6.29266517e-10 0.00000000e+00
 3.69251290e-10 1.20255100e-09 6.85214578e-10 5.79168555e-10]","[6.61783626e-05 5.20943186e-05 6.16418030e-05 5.26230007e-05
 3.79148865e-05 6.49614691e-05 3.51915668e-05 5.76618535e-05
 4.08253449e-05 3.84744897e-05 6.82817812e-05 1.29188130e-10
 9.13070390e-05 7.09290363e-05 2.31287003e-05 8.68531556e-10
 4.46578742e-10 4.29106843e-10 2.93778693e-10 7.61029096e-05
 1.29870934e-04 4.15286462e-10 3.83527635e-10 7.18310811e-10
 5.53601909e-10 5.39387656e-10 6.70615664e-10 1.44581468e-06
 1.33941632e-04 1.18326140e-04 7.90986730e-07 1.17573067e-09
 1.45197429e-09 1.13884890e-09 1.36612710e-09 1.38047255e-09
 9.85686008e-06 6.14047328e-05 4.12716654e-09 1.90187790e-09
 3.76210047e-09 2.33892765e-09 8.64431682e-10 5.94374566e-09
 2.27005595e-09 2.64811141e-09 7.71517494e-09 9.39279113e-10
 2.17242086e-09 6.16749840e-09 1.56159325e-09 4.12971005e-09
 4.14866883e-09 0.00000000e+00 2.80993178e-09 3.28668410e-08
 2.84221855e-11 0.00000000e+00 2.77136005e-11 8.49249385e-10
 1.64877737e-09 9.32033498e-09 4.78594991e-09 7.31894359e-09
 6.91561984e-09 6.81113410e-09 1.49976041e-09 5.98067541e-09
 0.00000000e+00 1.42343269e-09 1.53667501e-09 9.17762725e-10
 2.99155532e-10 0.00000000e+00 5.73017139e-12 4.01538583e-12
 4.43595136e-12 3.03733444e-12 1.09919667e-11 1.69323119e-10
 2.38931026e-11 1.35847741e-10 1.37519129e-10 0.00000000e+00
 5.83092437e-10 0.00000000e+00 1.77807473e-11 9.69491480e-12
 3.57367110e-12 1.38051049e-11 0.00000000e+00 1.72348540e-10
 4.33257419e-11 3.23810961e-11 1.88034480e-11 0.00000000e+00
 8.81592356e-12 1.57998721e-10 3.28553058e-09 5.75740758e-09]","[1.25261179e-02 1.03122317e-02 1.59785083e-02 6.19845934e-03
 9.46365791e-04 7.16226201e-05 1.60864130e-05 5.31205843e-05
 5.99150444e-06 5.41637429e-05 5.52549224e-06 1.56268518e-06
 9.00969859e-07 1.80101929e-06 8.88607387e-07 1.24737012e-06
 8.94529803e-07 3.82624612e-07 2.68421840e-07 7.18796682e-07
 4.43666188e-07 1.84679238e-07 1.04161636e-07 2.77890394e-07
 1.41412020e-07 1.64868803e-07 1.42438347e-07 1.88191909e-07
 8.92180195e-08 1.27651149e-07 4.98592772e-08 1.06911856e-07
 1.41101537e-07 1.81485052e-07 8.37406393e-08 1.02466768e-07
 1.16575297e-07 1.06258644e-07 1.80795307e-07 3.52205249e-07
 1.04930681e-07 5.45772189e-08 1.49743558e-08 1.14174805e-07
 4.18827067e-08 6.36844478e-08 1.37942099e-07 3.11363714e-08
 3.92273953e-08 8.30869874e-08 8.28749523e-08 3.67206898e-08
 4.54682044e-08 0.00000000e+00 7.01108675e-08 4.88507909e-07
 7.67006881e-08 0.00000000e+00 2.36935866e-08 2.98637012e-08
 9.29603264e-08 6.88955579e-08 2.87345099e-08 3.78339345e-08
 2.96167048e-08 4.17840866e-08 8.28651618e-09 3.23456778e-08
 0.00000000e+00 3.71665179e-09 2.40588368e-08 3.43213360e-08
 8.77745964e-09 0.00000000e+00 1.54882134e-08 7.12724008e-08
 4.61709390e-08 1.53765601e-08 4.77921884e-09 2.90704121e-08
 2.04243376e-09 1.43524790e-08 2.44717160e-09 0.00000000e+00
 1.03049853e-07 0.00000000e+00 1.48740231e-08 2.64404274e-08
 2.38697462e-08 2.59488659e-08 0.00000000e+00 5.74756445e-09
 1.76526182e-08 1.74522522e-08 5.31982764e-09 0.00000000e+00
 4.51040320e-09 2.90544121e-08 3.96407962e-08 1.36850831e-08]","[1.10268391e-05 3.86386872e-05 8.41929456e-05 5.23319528e-05
 2.11027791e-05 1.22386171e-05 1.19001990e-05 7.62097679e-05
 1.23145549e-05 1.62314461e-04 2.13660615e-05 8.41875647e-06
 6.71821396e-06 1.81563355e-05 1.23479299e-05 2.30609420e-05
 2.31757372e-05 1.20934390e-05 1.03352991e-05 3.24945845e-05
 2.33950804e-05 1.04308921e-05 6.44376990e-06 1.83150019e-05
 9.91477287e-06 1.20709659e-05 1.09505820e-05 1.49634433e-05
 7.51696616e-06 1.12738613e-05 4.52939119e-06 1.01799900e-05
 1.42397200e-05 1.92993063e-05 9.46064943e-06 1.23270790e-05
 1.45296326e-05 1.35245580e-05 2.41421089e-05 4.87884207e-05
 1.50669422e-05 8.12323933e-06 2.28615085e-06 1.82512861e-05
 6.76207562e-06 1.03766196e-05 2.28847215e-05 5.25717668e-06
 6.69975431e-06 1.41750114e-05 1.38279095e-05 5.97685620e-06
 7.44929515e-06 0.00000000e+00 1.12869055e-05 7.61984374e-05
 1.15277579e-05 0.00000000e+00 3.70219963e-06 4.67910674e-06
 1.43556194e-05 1.06093990e-05 4.46262443e-06 5.91423144e-06
 4.57909766e-06 6.39295375e-06 1.25904397e-06 4.84141001e-06
 0.00000000e+00 5.18984900e-07 3.33017673e-06 4.65483559e-06
 1.17860857e-06 0.00000000e+00 1.92656242e-06 5.96525756e-06
 3.13129101e-06 1.85326794e-06 6.25214027e-07 3.90512571e-06
 2.75872387e-07 1.94465845e-06 3.26975248e-07 0.00000000e+00
 1.38766831e-05 0.00000000e+00 1.90552852e-06 2.94522766e-06
 2.57394504e-06 3.19611127e-06 0.00000000e+00 7.58636465e-07
 2.34165459e-06 2.36314632e-06 7.22910878e-07 0.00000000e+00
 6.33673764e-07 4.32927955e-06 6.13049811e-06 2.18792243e-06]"
h1394,"[9.90015535e+03 1.55206733e+03 1.36932443e+03 9.92935157e+02
 5.09510128e+02 1.62991608e+02 8.79122336e+01 5.06611684e+01
 4.16687933e+01 2.93435459e+01 2.63986072e+01 1.85477338e+01
 1.49441875e+01 1.46141499e+01 1.19956058e+01 1.03857094e+01
 7.48865127e+00 7.45490805e+00 6.47260538e+00 5.49197862e+00
 5.83525027e+00 4.54449670e+00 3.70116825e+00 3.61034101e+00
 3.16664609e+00 3.17050228e+00 2.81045239e+00 2.53075124e+00
 1.83437526e+00 1.77482670e+00 1.56200724e+00 1.65987191e+00
 1.34022631e+00 1.21392149e+00 1.28771541e+00 1.22963898e+00
 9.64835871e-01 9.24671568e-01 8.85015357e-01 9.42773377e-01
 7.63219373e-01 7.04922281e-01 5.91964454e-01 6.63813693e-01
 6.31482389e-01 4.99147728e-01 6.50299678e-01 4.96894700e-01
 4.52862532e-01 4.61793673e-01 3.73741377e-01 3.96021256e-01
 4.00415452e-01 3.41616778e-01 3.34970246e-01 2.91943174e-01
 3.01777152e-01 2.89697605e-01 2.93403813e-01 3.16878471e-01
 2.39989610e-01 2.11597630e-01 2.25987462e-01 2.28951398e-01
 1.72549582e-01 2.40151827e-01 1.88938624e-01 1.61822882e-01
 1.19679263e-01 1.53520419e-01 1.98596212e-01 1.43868787e-01
 1.10872352e-01 1.07761504e-01 1.27135241e-01 9.33272730e-02
 1.12062936e-01 9.98925146e-02 1.02615950e-01 9.49639195e-02
 7.91889865e-02 9.08212537e-02 9.07632299e-02 8.27801783e-02
 6.79652171e-02 6.59458034e-02 7.75183440e-02 6.51667496e-02
 4.94204928e-02 7.03131093e-02 6.13011106e-02 5.38378086e-02
 2.97262961e-02 3.99919166e-02 4.33057650e-02 4.08754003e-02
 3.10042794e-02 4.96815563e-02 3.01367418e-02 2.57220835e-02]","[8.88328175e-04 7.18309167e-04 7.66898382e-04 7.65146832e-04
 7.51665988e-04 6.86314568e-04 6.82492447e-04 5.81204121e-04
 6.34012943e-04 5.68079247e-04 6.05179480e-04 5.04231328e-04
 4.69012877e-04 5.35376141e-04 5.13050080e-04 5.15216380e-04
 4.24776311e-04 4.74861376e-04 4.59407429e-04 4.29610266e-04
 4.97281838e-04 4.20562266e-04 3.71800461e-04 3.88800486e-04
 3.67448087e-04 3.95176655e-04 3.77268895e-04 3.59753671e-04
 2.85585998e-04 2.97388830e-04 2.80083964e-04 3.17733445e-04
 2.71672135e-04 2.58685982e-04 2.90427496e-04 2.93910653e-04
 2.43348820e-04 2.46545800e-04 2.51046409e-04 2.82089636e-04
 2.41101775e-04 2.33864729e-04 2.04852092e-04 2.40206396e-04
 2.37423324e-04 1.95647376e-04 2.66224935e-04 2.11209065e-04
 2.02434011e-04 2.15292150e-04 1.80661225e-04 1.99209112e-04
 2.09350779e-04 1.85257241e-04 1.86293868e-04 1.61077652e-04
 1.45638862e-04 1.45768495e-04 1.64479440e-04 2.06900911e-04
 1.63829633e-04 1.50198238e-04 1.66362164e-04 1.75165185e-04
 1.36343894e-04 1.95313121e-04 1.58258490e-04 1.39811949e-04
 1.06030404e-04 1.39331354e-04 1.83520066e-04 1.35166651e-04
 1.07156837e-04 1.05194177e-04 9.76228372e-05 4.72379723e-05
 5.26363494e-05 7.27356377e-05 1.03260973e-04 1.09536458e-04
 9.51578439e-05 1.14732073e-04 1.18505991e-04 1.09815057e-04
 9.23730865e-05 9.08889376e-05 9.90242419e-05 7.08959031e-05
 5.53693851e-05 9.37772929e-05 1.00025737e-04 9.21398517e-05
 4.99962638e-05 6.44451520e-05 7.08731318e-05 6.76663169e-05
 5.40272030e-05 1.02414831e-04 6.77685889e-05 6.05039950e-05]","[2.50376443e+03 4.97180683e+02 4.95111442e+02 3.92516765e+02
 1.98028609e+02 4.76132733e+01 1.84920661e+01 6.28144044e+00
 3.56606201e+00 1.62625423e+00 1.03125498e+00 2.09485436e-01
 2.33131063e-01 1.27795356e-01 8.88361029e-02 9.61862133e-03
 2.05590076e-02 3.04412730e-02 7.87340598e-02 7.77086468e-04
 2.62695067e-02 6.13028454e-03 5.36684188e-07 2.29473301e-02
 9.60772936e-03 4.81666554e-07 7.12038267e-03 4.03491432e-07
 3.15589125e-07 1.63991122e-03 2.89968428e-03 1.46280401e-03
 2.37010703e-07 7.45451283e-04 7.24828395e-07 1.35218527e-06
 1.77858153e-03 1.80921872e-07 1.83504632e-07 8.07290251e-04
 2.54539836e-06 8.77208617e-04 1.20140327e-07 1.47221786e-07
 1.10468615e-06 1.15330600e-07 1.44116786e-05 1.14582565e-07
 1.19689420e-07 1.71819865e-05 9.49401229e-08 1.01226360e-07
 9.92681825e-08 8.63349849e-05 9.33539846e-08 7.10784442e-06
 2.69627017e-04 8.12842029e-08 1.25989100e-07 9.95330692e-05
 7.17641037e-08 4.86843559e-05 6.93838353e-08 7.18789247e-08
 5.91203709e-08 7.90500462e-08 6.22744132e-08 5.59502209e-08
 3.97168047e-08 5.01513402e-08 6.61418881e-08 5.28108618e-08
 4.45355474e-08 5.00087872e-08 4.53625800e-08 3.30144247e-08
 4.21285171e-08 4.43328007e-08 4.34901317e-08 3.78703540e-08
 3.35999334e-08 4.10668965e-08 3.75704477e-08 4.44975195e-08
 3.63893248e-08 2.87360594e-08 5.48247150e-08 1.19434933e-03
 2.41799042e-08 3.52614128e-08 3.62106636e-08 2.65755384e-08
 1.35374965e-08 2.15294796e-03 2.38282561e-08 2.18250463e-08
 1.69849746e-08 3.21637900e-08 1.89971636e-08 1.83647674e-08]","[8.47343459e-04 7.03907233e-04 7.26315777e-04 7.67598862e-04
 7.65364454e-04 7.09588810e-04 7.70312961e-04 6.23466462e-04
 7.09130042e-04 6.44692285e-04 6.78564965e-04 3.00655704e-04
 4.44627897e-04 4.70766202e-04 5.17471791e-04 7.56514304e-05
 2.46807746e-04 4.44735443e-04 1.33637536e-03 1.51511061e-05
 5.69346807e-04 1.76263334e-04 1.81846686e-08 8.01168191e-04
 4.42251588e-04 2.51183373e-08 4.01304645e-04 9.77141199e-09
 2.18585692e-08 1.37762880e-04 2.69896676e-04 1.82059765e-04
 2.96968482e-08 9.40643165e-05 1.22540408e-07 2.83944756e-07
 4.17348958e-04 4.74103525e-08 5.76119873e-08 2.63988750e-04
 1.16741416e-06 4.44429041e-04 6.12320087e-08 8.44300822e-08
 6.27730487e-07 6.31787607e-08 9.10577982e-06 4.55476273e-08
 1.03233510e-07 1.86447003e-05 7.88428546e-08 1.10094123e-07
 1.09828691e-07 1.08073812e-04 4.98197740e-08 3.17980946e-07
 1.50424138e-06 5.84159265e-10 1.82526153e-09 4.05848032e-05
 3.11673208e-08 9.49650348e-05 1.39994811e-07 1.67993783e-07
 1.71274959e-07 1.83829906e-07 1.28021307e-07 1.23552276e-07
 9.58649101e-08 1.21676276e-07 6.86529605e-08 2.77205956e-08
 1.74943556e-08 6.65054502e-09 3.05995160e-10 6.07474243e-11
 6.55505033e-11 1.95416398e-10 9.17496982e-10 4.46531315e-09
 4.51565148e-09 1.04971496e-08 1.25742975e-08 1.34033168e-08
 1.16067359e-08 8.72922242e-09 1.44062550e-09 9.77914810e-06
 1.99868479e-10 5.94087858e-10 1.17429105e-08 2.15449207e-08
 1.35843466e-09 7.31020085e-05 7.12024813e-10 4.99454980e-10
 4.05518524e-10 4.22588123e-09 9.10893668e-08 1.82560759e-07]","[8.36384401e-01 1.48196960e-01 1.81555328e-01 7.87716890e-02
 3.40026617e-02 3.38304150e-03 1.44272693e-03 2.87715646e-04
 4.35702995e-04 2.48362431e-04 1.48455616e-04 5.94110494e-05
 9.46856423e-05 3.33372024e-05 4.66349747e-05 3.07137837e-05
 1.75172230e-05 1.40560344e-05 1.18937026e-05 1.10726056e-05
 1.03595833e-05 7.55605067e-06 8.19569368e-06 5.94219342e-06
 6.01299477e-06 6.21811133e-06 5.24802041e-06 6.96291519e-06
 4.36843150e-06 3.64510990e-06 3.26570265e-06 3.68503832e-06
 3.02478745e-06 2.99145794e-06 5.27322304e-06 2.49874678e-06
 2.32189394e-06 2.22976780e-06 2.39744605e-06 2.69733409e-06
 1.97906118e-06 2.60684738e-06 1.37998519e-06 1.95555887e-06
 2.00303132e-06 1.87745707e-06 2.12472253e-06 2.49456577e-06
 2.37617284e-06 1.56395378e-06 1.46583035e-06 1.67087183e-06
 1.39133659e-06 1.28670014e-06 1.57323182e-06 1.06945642e-06
 1.34199559e-06 1.39384400e-06 1.23144473e-06 1.83827236e-06
 1.45655624e-06 9.93511998e-07 1.12425839e-06 1.32186045e-06
 1.37093732e-06 1.41721063e-06 1.07163896e-06 1.10466420e-06
 9.81205345e-07 9.93031298e-07 1.27627625e-06 1.05524922e-06
 1.69841185e-06 7.49580328e-07 9.76051835e-07 6.25389384e-07
 8.87929243e-07 1.19565531e-06 1.32590285e-06 1.03099725e-06
 1.11776222e-06 1.25695478e-06 9.78245422e-07 1.27747024e-06
 1.06209141e-06 7.46335505e-07 1.17119125e-06 1.12249521e-06
 7.49494947e-07 1.28010434e-06 9.81029051e-07 8.31162895e-07
 3.68892867e-07 6.58962872e-07 8.48434015e-07 7.55951306e-07
 5.24782189e-07 1.37762053e-06 7.39822228e-07 5.60574783e-07]","[7.36275695e-04 5.55276116e-04 9.56639859e-04 6.65048537e-04
 7.58217030e-04 5.78082032e-04 1.06728191e-03 4.12772993e-04
 8.95516062e-04 7.44276741e-04 5.74050544e-04 3.20069046e-04
 7.06037386e-04 3.36077151e-04 6.48031298e-04 5.67825676e-04
 4.53841286e-04 4.44262572e-04 4.57954442e-04 5.00558404e-04
 5.46273956e-04 4.26774283e-04 5.07011661e-04 3.91633846e-04
 4.21587058e-04 4.55262658e-04 4.03464931e-04 5.53632658e-04
 3.68057394e-04 3.21927877e-04 2.96667855e-04 3.50883939e-04
 3.05256252e-04 3.18114701e-04 5.95745567e-04 3.00607206e-04
 2.89394637e-04 2.83803959e-04 3.20137755e-04 3.73641991e-04
 2.84172371e-04 3.88001544e-04 2.10683809e-04 3.12603680e-04
 3.23394793e-04 3.05909190e-04 3.52493429e-04 4.21191436e-04
 4.05833070e-04 2.66817506e-04 2.44577750e-04 2.71960051e-04
 2.27949994e-04 2.11665082e-04 2.53269136e-04 1.66815943e-04
 2.01695717e-04 2.13431503e-04 1.92417227e-04 2.88024332e-04
 2.24932159e-04 1.52993393e-04 1.74603395e-04 2.06634302e-04
 2.11963347e-04 2.16832837e-04 1.62823620e-04 1.65343028e-04
 1.41949915e-04 1.38664658e-04 1.76659641e-04 1.43118311e-04
 2.28057187e-04 9.86125893e-05 1.21410051e-04 5.23429646e-05
 6.02189369e-05 1.44106981e-04 1.73453673e-04 1.38497309e-04
 1.50976613e-04 1.70308401e-04 1.30706829e-04 1.70927149e-04
 1.43021125e-04 9.88404206e-05 1.50042683e-04 1.25035949e-04
 8.08202477e-05 1.57669932e-04 1.27371167e-04 1.09707422e-04
 4.89343659e-05 8.92277781e-05 1.15293618e-04 1.04444885e-04
 7.37274896e-05 2.05273621e-04 1.14414422e-04 8.96227032e-05]"
halos,"[7.42210761e+05 1.40872099e+05 1.19760090e+05 8.72429908e+04
 4.57177012e+04 1.61495614e+04 8.98076079e+03 6.10034641e+03
 4.82005813e+03 3.85275898e+03 3.23563915e+03 2.74144250e+03
 2.39357781e+03 2.04269633e+03 1.76733297e+03 1.58570422e+03
 1.39377081e+03 1.29122000e+03 1.19597734e+03 1.11505673e+03
 1.07193037e+03 9.91583415e+02 9.22674675e+02 9.02306862e+02
 8.28697883e+02 7.97227887e+02 7.57654708e+02 8.29856344e+02
 6.95921310e+02 6.54951695e+02 6.21532384e+02 5.82556971e+02
 5.64879568e+02 5.51090922e+02 5.19120467e+02 4.94217069e+02
 4.71201454e+02 4.55657488e+02 4.26779679e+02 4.12482130e+02
 3.88950265e+02 3.73044308e+02 3.66769048e+02 3.54721382e+02
 3.54738926e+02 3.47495459e+02 3.36415095e+02 3.33763835e+02
 3.05102003e+02 2.99313579e+02 2.93775570e+02 2.86902498e+02
 2.79104315e+02 2.69199346e+02 2.82072132e+02 3.42709933e+02
 6.50213278e+02 6.12259954e+02 4.57430255e+02 2.52164325e+02
 2.29917714e+02 2.15174714e+02 2.05986849e+02 1.97548713e+02
 1.91479214e+02 1.90643550e+02 1.88048626e+02 1.79901078e+02
 1.78732092e+02 1.78254814e+02 1.85277610e+02 1.91039041e+02
 1.90068856e+02 2.08210456e+02 5.09734659e+02 1.20896072e+03
 1.38920602e+03 6.57339286e+02 3.02685397e+02 2.00519513e+02
 1.90573985e+02 1.72269388e+02 1.69319557e+02 1.78660450e+02
 1.82277728e+02 1.89831762e+02 2.65598027e+02 4.18256771e+02
 4.07968297e+02 2.81729871e+02 1.57102951e+02 1.42795451e+02
 1.66533859e+02 2.05483599e+02 2.07873452e+02 2.13697166e+02
 1.94777900e+02 1.17004806e+02 8.58059553e+01 7.53161769e+01]","[0.06659761 0.06519673 0.06707236 0.06722866 0.06744604 0.06800153
 0.06972069 0.06998549 0.07333976 0.07458786 0.07417597 0.07452777
 0.07512077 0.07483233 0.07558854 0.07866394 0.0790584  0.0822479
 0.08488713 0.08722536 0.09135024 0.0917643  0.09268719 0.09717014
 0.09615961 0.0993678  0.10170589 0.1179665  0.108345   0.10974329
 0.11144715 0.11151332 0.11450457 0.11743716 0.11708088 0.11812871
 0.11884541 0.12149226 0.12106175 0.12341983 0.12286978 0.12376103
 0.12692216 0.12835882 0.13337394 0.13620532 0.13772433 0.14186899
 0.1363836  0.13954254 0.1420069  0.14431951 0.1459252  0.14598559
 0.15687456 0.18908786 0.31379553 0.3080737  0.25643113 0.16464681
 0.15695402 0.15273736 0.15163858 0.15113975 0.15130156 0.15504853
 0.15751301 0.15543117 0.15834854 0.16177968 0.17121253 0.17948374
 0.18369934 0.20325002 0.39140795 0.6119203  0.65251489 0.47863438
 0.30458802 0.23128992 0.22900419 0.21762333 0.22107391 0.23700852
 0.24773784 0.26163313 0.33928283 0.45502793 0.45707666 0.37574593
 0.25634672 0.24438498 0.28009109 0.33112746 0.34020049 0.35376045
 0.3394146  0.2411967  0.19295213 0.17716021]","[1.96484271e+05 4.68089540e+04 4.62985284e+04 3.48732841e+04
 1.78873855e+04 4.88148331e+03 1.87035756e+03 8.43905201e+02
 5.09167260e+02 3.07474232e+02 1.97813132e+02 1.21045577e+02
 9.39233464e+01 6.51376319e+01 4.32904922e+01 4.44533357e+01
 3.41973938e+01 3.11020567e+01 2.55718636e+01 2.59211505e+01
 2.31175796e+01 1.79198690e+01 1.62714881e+01 1.71463799e+01
 1.13881569e+01 1.15982750e+01 1.07447777e+01 3.49796942e+01
 9.01199465e+00 7.38805545e+00 6.49719665e+00 4.99881607e+00
 5.43830690e+00 5.43033045e+00 3.71729636e+00 3.25641532e+00
 2.92512496e+00 2.50653205e+00 2.10623523e+00 2.15717502e+00
 1.54065444e+00 1.45158389e+00 1.46097785e+00 1.30710170e+00
 1.42829023e+00 1.44837133e+00 1.22729461e+00 2.19767622e+00
 7.80364537e-01 6.99051930e-01 9.79054299e-01 7.56588909e-01
 7.21201438e-01 6.48767885e-01 1.76031182e+00 2.22151280e+01
 1.79125664e+02 1.39029087e+02 6.89413348e+01 2.39125446e+00
 2.22393039e+00 4.56517516e-01 4.31006932e-01 3.83536833e-01
 3.14544264e-01 3.96882837e-01 4.63145480e-01 4.35176801e-01
 4.00963922e-01 4.05016378e-01 9.50053567e-01 1.89205198e+00
 2.53686798e+00 7.50684573e+00 1.48239203e+02 5.43455403e+02
 6.42675140e+02 2.26855124e+02 4.73937120e+01 8.47527969e+00
 7.43698184e+00 3.90534889e+00 2.98347847e+00 3.31736812e+00
 3.13180954e+00 3.29004482e+00 3.80537903e+01 1.22128064e+02
 1.20978078e+02 5.93522452e+01 3.08134170e+00 1.22936686e+00
 9.96134050e+00 2.94480594e+01 3.34623769e+01 4.36960364e+01
 4.18831098e+01 7.60983673e+00 2.07538772e-01 9.96140749e-02]","[0.06649574 0.06627201 0.06791875 0.06819758 0.06913329 0.07274959
 0.07791237 0.08376209 0.10125057 0.12189131 0.13016089 0.17372589
 0.17913074 0.23995078 0.25216784 0.34962999 0.41053449 0.45438924
 0.43403844 0.50539305 0.50103415 0.51524784 0.55133284 0.59863758
 0.52420611 0.60483623 0.60557549 0.84710845 0.62419549 0.62064323
 0.60474576 0.62214984 0.68140625 0.68522294 0.62845084 0.68381314
 0.68638847 0.65683362 0.66126068 0.70540916 0.70660131 0.73543057
 0.74461765 0.74960851 0.81161634 0.79342608 0.77544572 0.87359658
 0.67307345 0.75856268 0.81305389 0.82286859 0.79792546 0.81212522
 0.93941718 0.99382978 0.99933693 0.99915022 0.99878455 0.97503867
 0.96585825 0.89049554 0.86963676 0.89639353 0.911252   0.92294613
 0.95211639 0.96098073 0.96781125 0.98264343 0.98612229 0.99314433
 0.99652689 0.99831686 0.99995367 0.99997247 0.9999801  0.99996415
 0.99984953 0.99932464 0.99949062 0.99825006 0.99852805 0.99924078
 0.9989217  0.99942489 0.999937   0.99996575 0.99999174 0.99997265
 0.99926144 0.99665381 0.99958143 0.99989054 0.99990711 0.99996136
 0.99996481 0.99982826 0.9951262  0.99024511]","[7.62382635e+01 1.68032778e+01 1.33457158e+01 8.17698941e+00
 2.97665696e+00 3.78226328e-01 8.91312331e-02 4.45622683e-02
 2.80086363e-02 2.01957311e-02 1.61980558e-02 1.11448912e-02
 8.31086115e-03 5.91753947e-03 4.45418520e-03 3.55278309e-03
 2.49501079e-03 2.09710021e-03 1.88615963e-03 1.56525433e-03
 1.45809490e-03 1.39311818e-03 1.28663356e-03 1.24662491e-03
 1.19662724e-03 1.21239205e-03 1.17002573e-03 1.24995188e-03
 1.22132803e-03 1.12445360e-03 1.08090861e-03 1.02077990e-03
 9.90542632e-04 9.89827969e-04 9.88256046e-04 9.36703152e-04
 9.17341575e-04 9.12339027e-04 9.01287970e-04 8.68231856e-04
 8.50366096e-04 8.61263984e-04 8.98084687e-04 8.57950388e-04
 9.16447563e-04 9.60712213e-04 9.70383745e-04 9.54497855e-04
 9.88998188e-04 1.02955358e-03 1.08019041e-03 1.18042600e-03
 1.19303017e-03 1.24657192e-03 1.40403419e-03 1.54926598e-03
 1.76322888e-03 1.68264046e-03 1.59012142e-03 1.56330436e-03
 1.64809163e-03 1.70842655e-03 1.72607056e-03 1.73717090e-03
 1.77940906e-03 1.85403045e-03 1.88118814e-03 1.89827504e-03
 2.02797488e-03 2.20685714e-03 2.26492320e-03 2.40593975e-03
 2.51270086e-03 2.69369703e-03 3.12787530e-03 7.05438801e-03
 9.86820638e-03 3.40915594e-03 2.73732655e-03 2.51725176e-03
 2.51076681e-03 2.47837916e-03 2.56559223e-03 2.52708802e-03
 2.52796454e-03 2.64896246e-03 2.94695753e-03 4.14958438e-03
 4.39509974e-03 3.29235427e-03 2.88881177e-03 2.85717451e-03
 2.87261479e-03 2.77256853e-03 2.81689310e-03 2.75900873e-03
 2.77297871e-03 2.43843166e-03 2.21815800e-03 2.04398286e-03]","[0.06711314 0.06295985 0.0703204  0.06903616 0.06637574 0.06462996
 0.06593635 0.06393153 0.05756716 0.06052128 0.0626349  0.0600416
 0.06197116 0.05965557 0.06189456 0.06568261 0.06464146 0.06628208
 0.07262458 0.07076033 0.07688719 0.07868489 0.07959524 0.08216167
 0.08389872 0.08876599 0.08995094 0.0993857  0.10290165 0.0993092
 0.09819352 0.09719716 0.09996383 0.10525932 0.11164883 0.11268838
 0.11433499 0.11612215 0.12035153 0.12026982 0.12210363 0.12819
 0.13711155 0.1371467  0.14796292 0.15653657 0.16098756 0.16116084
 0.16891371 0.17564644 0.18023269 0.19213246 0.19546041 0.2050639
 0.2260306  0.2416576  0.26500513 0.25765328 0.24846162 0.24494178
 0.25451047 0.26308487 0.26806807 0.27155597 0.27511797 0.28366615
 0.28582561 0.28412847 0.29338493 0.30816057 0.3135062  0.32630589
 0.33739725 0.35437488 0.38907309 0.59042829 0.66925704 0.4108903
 0.35809512 0.33815085 0.33913033 0.33580268 0.34279785 0.33812761
 0.34041546 0.35081349 0.37753818 0.46222667 0.47393655 0.40551794
 0.3750667  0.37712614 0.38105801 0.37542347 0.38278734 0.38119433
 0.38958022 0.36334076 0.34304088 0.32678471]"
total,"[1.11447049e+07 2.16072327e+06 1.78553569e+06 1.29770538e+06
 6.77841137e+05 2.37488195e+05 1.28810559e+05 8.71658795e+04
 6.57223071e+04 5.16539657e+04 4.36211208e+04 3.67841758e+04
 3.18630645e+04 2.72969764e+04 2.33809647e+04 2.01579565e+04
 1.76296349e+04 1.56991249e+04 1.40890307e+04 1.27836299e+04
 1.17342920e+04 1.08057643e+04 9.95471668e+03 9.28584489e+03
 8.61794144e+03 8.02299993e+03 7.44946754e+03 7.03467801e+03
 6.42319749e+03 5.96803418e+03 5.57692491e+03 5.22410196e+03
 4.93324908e+03 4.69264503e+03 4.43386191e+03 4.18371694e+03
 3.96482658e+03 3.75050626e+03 3.52530578e+03 3.34210569e+03
 3.16554855e+03 3.01423085e+03 2.88971642e+03 2.76351381e+03
 2.65973190e+03 2.55126206e+03 2.44267006e+03 2.35262014e+03
 2.23708718e+03 2.14496289e+03 2.06874151e+03 1.98796758e+03
 1.91265327e+03 1.84401310e+03 1.79807446e+03 1.81243748e+03
 2.07209221e+03 1.98738146e+03 1.78383276e+03 1.53154700e+03
 1.46487302e+03 1.40878903e+03 1.35840660e+03 1.30705995e+03
 1.26554683e+03 1.22957344e+03 1.19386091e+03 1.15743241e+03
 1.12872589e+03 1.10183684e+03 1.08214985e+03 1.06438079e+03
 1.03467362e+03 1.02440560e+03 1.30231045e+03 1.97568330e+03
 2.12900281e+03 1.37336411e+03 9.93753460e+02 8.66961749e+02
 8.32185590e+02 7.91594288e+02 7.65895706e+02 7.53814466e+02
 7.35768605e+02 7.25564685e+02 7.82821888e+02 9.19189216e+02
 8.92559899e+02 7.49788217e+02 6.12853375e+02 5.84305353e+02
 5.94570350e+02 6.20557410e+02 6.11032190e+02 6.04073077e+02
 5.73864233e+02 4.85101191e+02 4.44700742e+02 4.25130332e+02]","[1. 1. 1. 1. 1. 1. 1. 1. 1. 1. 1. 1. 1. 1. 1. 1. 1. 1. 1. 1. 1. 1. 1. 1.
 1. 1. 1. 1. 1. 1. 1. 1. 1. 1. 1. 1. 1. 1. 1. 1. 1. 1. 1. 1. 1. 1. 1. 1.
 1. 1. 1. 1. 1. 1. 1. 1. 1. 1. 1. 1. 1. 1. 1. 1. 1. 1. 1. 1. 1. 1. 1. 1.
 1. 1. 1. 1. 1. 1. 1. 1. 1. 1. 1. 1. 1. 1. 1. 1. 1. 1. 1. 1. 1. 1. 1. 1.
 1. 1. 1. 1.]","[2.95484009e+06 7.06315633e+05 6.81675185e+05 5.11356627e+05
 2.58737661e+05 6.70998086e+04 2.40059133e+04 1.00750254e+04
 5.02878428e+03 2.52252782e+03 1.51975865e+03 6.96761889e+02
 5.24328464e+02 2.71462471e+02 1.71673325e+02 1.27143945e+02
 8.32996855e+01 6.84480482e+01 5.89161264e+01 5.12890917e+01
 4.61397279e+01 3.47791250e+01 2.95130035e+01 2.86423380e+01
 2.17245786e+01 1.91758932e+01 1.77430856e+01 4.12930529e+01
 1.44377760e+01 1.19038686e+01 1.07436828e+01 8.03474622e+00
 7.98100530e+00 7.92491043e+00 5.91501537e+00 4.76214207e+00
 4.26161728e+00 3.81608367e+00 3.18518143e+00 3.05804793e+00
 2.18037304e+00 1.97378780e+00 1.96205105e+00 1.74371246e+00
 1.75980961e+00 1.82546474e+00 1.58269571e+00 2.51566485e+00
 1.15940473e+00 9.21548012e-01 1.20416902e+00 9.19452894e-01
 9.03845632e-01 7.98852035e-01 1.87383396e+00 2.23530514e+01
 1.79244516e+02 1.39147331e+02 6.90252313e+01 2.45247140e+00
 2.30254324e+00 5.12655590e-01 4.95617195e-01 4.27866577e-01
 3.45178135e-01 4.30017335e-01 4.86437882e-01 4.52846543e-01
 4.14299713e-01 4.12170242e-01 9.63423683e-01 1.90511281e+00
 2.54570951e+00 7.51950210e+00 1.48246070e+02 5.43470363e+02
 6.42687927e+02 2.26863258e+02 4.74008444e+01 8.48100743e+00
 7.44077205e+00 3.91219501e+00 2.98787646e+00 3.31988866e+00
 3.13519022e+00 3.29193805e+00 3.80561880e+01 1.22132247e+02
 1.20979077e+02 5.93538688e+01 3.08361913e+00 1.23349437e+00
 9.96551173e+00 2.94512832e+01 3.34654855e+01 4.36977249e+01
 4.18845839e+01 7.61114386e+00 2.08555228e-01 1.00595372e-01]","[1. 1. 1. 1. 1. 1. 1. 1. 1. 1. 1. 1. 1. 1. 1. 1. 1. 1. 1. 1. 1. 1. 1. 1.
 1. 1. 1. 1. 1. 1. 1. 1. 1. 1. 1. 1. 1. 1. 1. 1. 1. 1. 1. 1. 1. 1. 1. 1.
 1. 1. 1. 1. 1. 1. 1. 1. 1. 1. 1. 1. 1. 1. 1. 1. 1. 1. 1. 1. 1. 1. 1. 1.
 1. 1. 1. 1. 1. 1. 1. 1. 1. 1. 1. 1. 1. 1. 1. 1. 1. 1. 1. 1. 1. 1. 1. 1.
 1. 1. 1. 1.]","[1.13596633e+03 2.66888770e+02 1.89784407e+02 1.18445023e+02
 4.48455526e+01 5.85218242e+00 1.35177680e+00 6.97031178e-01
 4.86538448e-01 3.33696349e-01 2.58610706e-01 1.85619478e-01
 1.34108539e-01 9.91950877e-02 7.19640777e-02 5.40901635e-02
 3.85976850e-02 3.16390245e-02 2.59713664e-02 2.21205069e-02
 1.89640805e-02 1.77050281e-02 1.61647045e-02 1.51728291e-02
 1.42627594e-02 1.36582942e-02 1.30073769e-02 1.25767783e-02
 1.18688867e-02 1.13227532e-02 1.10079424e-02 1.05021573e-02
 9.90901062e-03 9.40370855e-03 8.85146837e-03 8.31233159e-03
 8.02327910e-03 7.85671844e-03 7.48879510e-03 7.21903361e-03
 6.96429838e-03 6.71865208e-03 6.55002964e-03 6.25571287e-03
 6.19376491e-03 6.13730195e-03 6.02769401e-03 5.92264125e-03
 5.85504982e-03 5.86151114e-03 5.99331030e-03 6.14381350e-03
 6.10369216e-03 6.07894378e-03 6.21169971e-03 6.41099642e-03
 6.65356515e-03 6.53063855e-03 6.39986736e-03 6.38235091e-03
 6.47553575e-03 6.49382290e-03 6.43892631e-03 6.39710077e-03
 6.46780371e-03 6.53595947e-03 6.58159397e-03 6.68104492e-03
 6.91233484e-03 7.16138715e-03 7.22449251e-03 7.37326492e-03
 7.44730683e-03 7.60126403e-03 8.03930010e-03 1.19479168e-02
 1.47450169e-02 8.29699784e-03 7.64413246e-03 7.44416806e-03
 7.40354545e-03 7.38046260e-03 7.48427171e-03 7.47377020e-03
 7.42611558e-03 7.55091389e-03 7.80572054e-03 8.97737983e-03
 9.27360368e-03 8.11888689e-03 7.70212814e-03 7.57617741e-03
 7.53852349e-03 7.38517631e-03 7.35889832e-03 7.23780112e-03
 7.11786325e-03 6.71114253e-03 6.46616237e-03 6.25483011e-03]","[1. 1. 1. 1. 1. 1. 1. 1. 1. 1. 1. 1. 1. 1. 1. 1. 1. 1. 1. 1. 1. 1. 1. 1.
 1. 1. 1. 1. 1. 1. 1. 1. 1. 1. 1. 1. 1. 1. 1. 1. 1. 1. 1. 1. 1. 1. 1. 1.
 1. 1. 1. 1. 1. 1. 1. 1. 1. 1. 1. 1. 1. 1. 1. 1. 1. 1. 1. 1. 1. 1. 1. 1.
 1. 1. 1. 1. 1. 1. 1. 1. 1. 1. 1. 1. 1. 1. 1. 1. 1. 1. 1. 1. 1. 1. 1. 1.
 1. 1. 1. 1.]"
